id,sondage_id,depth_m,date,laboratory,norm,rho_s_gcm3,water_content_w,is_index,eg,meta,created_at,updated_at
5011f645-8c88-4a26-9e9d-c0d99c1612ba,bfd42b95-95f5-489f-baf5-6230eb5e1edf,1,,,,,,,,{},2025-11-04 17:28:41.443000,
d7087cf6-885c-4808-94fa-f5be84db6394,bfd42b95-95f5-489f-baf5-6230eb5e1edf,1.5,,,,,,,,{},2025-11-04 17:28:41.443000,
5809540a-b87f-41c5-a8ce-e8e284ab3d19,bfd42b95-95f5-489f-baf5-6230eb5e1edf,2,,,,,,,,{},2025-11-04 17:28:41.443000,
e039ed7e-2c74-4448-9706-1c1845ac7e0d,bfd42b95-95f5-489f-baf5-6230eb5e1edf,1,,,,,,,,{},2025-11-04 17:28:41.443000,
13cadd72-a750-48e5-b602-682c8191730b,bfd42b95-95f5-489f-baf5-6230eb5e1edf,1.5,,,,,,,,{},2025-11-04 17:28:41.443000,
b0a80ca2-88c8-40a5-b92f-e28aaf2d5142,bfd42b95-95f5-489f-baf5-6230eb5e1edf,2,,,,,,,,{},2025-11-04 17:28:41.443000,
1c66eb5a-570c-44c0-917a-ec1519478ee3,bfd42b95-95f5-489f-baf5-6230eb5e1edf,1,,,,,,,,{},2025-11-04 17:28:41.443000,
0a06d5e1-4891-4d79-b786-53511d631585,bfd42b95-95f5-489f-baf5-6230eb5e1edf,1.5,,,,,,,,{},2025-11-04 17:28:41.443000,
67604e52-e20a-4fc6-b0b2-23c49cba4e2b,bfd42b95-95f5-489f-baf5-6230eb5e1edf,2,,,,,,,,{},2025-11-04 17:28:41.443000,
3e0a049d-a04c-49ce-92c6-68530930596b,bfd42b95-95f5-489f-baf5-6230eb5e1edf,1,,,,,,,,{},2025-11-04 17:28:41.443000,
ea05b38b-ece8-474f-8764-4ebc732ebe09,bfd42b95-95f5-489f-baf5-6230eb5e1edf,1.5,,,,,,,,{},2025-11-04 17:28:41.443000,
d4d4a98d-bd5b-4c84-8458-ff0679b90151,bfd42b95-95f5-489f-baf5-6230eb5e1edf,2,,,,,,,,{},2025-11-04 17:28:41.443000,
38fa6eb8-c0d0-4572-8b3c-8122b55ce53f,bfd42b95-95f5-489f-baf5-6230eb5e1edf,1,,,,,,,,{},2025-11-04 17:28:41.443000,
5ce9b51b-202b-4d8b-b53a-9a253b943c45,bfd42b95-95f5-489f-baf5-6230eb5e1edf,1.5,,,,,,,,{},2025-11-04 17:28:41.443000,
c7b7eafd-b5d7-4df8-b843-4d928822249e,bfd42b95-95f5-489f-baf5-6230eb5e1edf,2,,,,,,,,{},2025-11-04 17:28:41.443000,
d2ae1889-a151-4c4e-83b0-2239e16c9da3,a704a2cd-19cf-483f-9861-8170ace3aec6,1,,,,,,,,{},2025-11-04 17:28:41.443000,
e1896e77-62cb-4eda-ba26-f80ce0824cad,a704a2cd-19cf-483f-9861-8170ace3aec6,1.5,,,,,,,,{},2025-11-04 17:28:41.443000,
249126aa-057d-4fad-9371-029f35cc8eb4,a704a2cd-19cf-483f-9861-8170ace3aec6,2,,,,,,,,{},2025-11-04 17:28:41.443000,
37baf121-d7ad-4de4-ab15-224d1738f2d2,34111022-7dbc-430c-9bda-a544c3bf5877,1,,,,,,,,{},2025-11-04 17:28:41.443000,
7771b958-a2a8-4eba-a4f9-f58f1daf764a,34111022-7dbc-430c-9bda-a544c3bf5877,1.5,,,,,,,,{},2025-11-04 17:28:41.443000,
53f0becd-8bb6-4ef6-a135-8abc671867bb,34111022-7dbc-430c-9bda-a544c3bf5877,2,,,,,,,,{},2025-11-04 17:28:41.443000,
f28cd112-f807-4e03-aff0-3e03666bd2de,8683f7c0-5440-4543-bad4-9007d226c676,1,,,,,,,,{},2025-11-04 17:28:41.443000,
d5997ce1-f900-429d-85f0-e912ea2bf74c,8683f7c0-5440-4543-bad4-9007d226c676,1.5,,,,,,,,{},2025-11-04 17:28:41.443000,
332f289b-4b1b-4319-8d5c-006d8737796b,8683f7c0-5440-4543-bad4-9007d226c676,2,,,,,,,,{},2025-11-04 17:28:41.443000,
fe119abe-d9c7-4071-b443-962733ae84a6,3720be87-6417-4481-a096-8cb4a1a3278a,1,,,,,,,,{},2025-11-04 17:28:41.443000,
005c8476-afc3-4c13-a927-e35c140cc97e,3720be87-6417-4481-a096-8cb4a1a3278a,1.5,,,,,,,,{},2025-11-04 17:28:41.443000,
a2d4a2ac-bb9b-4d5b-9104-7e386f3a6d4c,3720be87-6417-4481-a096-8cb4a1a3278a,2,,,,,,,,{},2025-11-04 17:28:41.443000,
87328ae8-7c09-4d94-9ff7-25a1efb843bd,dfdbf087-fdc4-44ed-9b7c-27f3c6837fe5,1,,,,,,,,{},2025-11-04 17:28:41.443000,
33160590-27b1-46a9-afe6-b9ba157d0a47,dfdbf087-fdc4-44ed-9b7c-27f3c6837fe5,1.5,,,,,,,,{},2025-11-04 17:28:41.443000,
b1218c34-96be-455d-a3df-a472ae235d5f,dfdbf087-fdc4-44ed-9b7c-27f3c6837fe5,2,,,,,,,,{},2025-11-04 17:28:41.443000,
710091e5-4a63-424f-9ad0-022b492b0f41,46718668-504c-4ee3-8e01-ad3f08665833,1,,,,,,,,{},2025-11-04 17:28:41.443000,
50ad0ea6-e102-4835-980e-1f1763891498,46718668-504c-4ee3-8e01-ad3f08665833,1.5,,,,,,,,{},2025-11-04 17:28:41.443000,
e7ffecdc-dc21-4d9e-903e-187cd70d6702,46718668-504c-4ee3-8e01-ad3f08665833,2,,,,,,,,{},2025-11-04 17:28:41.443000,
bed06df4-4114-4647-8cd6-b34784fa4940,1e87c4a9-fc48-472a-8ee0-54e900c65b81,1,,,,,,,,{},2025-11-04 17:28:41.443000,
ef063030-d846-4acf-b7de-f26efae87b2a,1e87c4a9-fc48-472a-8ee0-54e900c65b81,1.5,,,,,,,,{},2025-11-04 17:28:41.443000,
31b67dd6-1d1c-4878-bd65-d09700c559df,1e87c4a9-fc48-472a-8ee0-54e900c65b81,2,,,,,,,,{},2025-11-04 17:28:41.443000,
03f80369-f8be-4642-b44e-a2b2b97faf1d,9c7eab9d-54a0-46a1-a2d7-a96210248209,1,,,,,,,,{},2025-11-04 17:28:41.443000,
2d25f928-0cb4-4323-9860-e17d6f09e3ff,9c7eab9d-54a0-46a1-a2d7-a96210248209,1.5,,,,,,,,{},2025-11-04 17:28:41.443000,
45d8604b-f550-475a-9189-789c05f4346c,9c7eab9d-54a0-46a1-a2d7-a96210248209,2,,,,,,,,{},2025-11-04 17:28:41.443000,
a9053050-9685-4926-8ad5-9f5b92ee5df9,bfd42b95-95f5-489f-baf5-6230eb5e1edf,1,,,,,,,,{},2025-11-04 17:30:22.428000,
f38a51c8-d620-4335-b267-2afe98272597,bfd42b95-95f5-489f-baf5-6230eb5e1edf,1.5,,,,,,,,{},2025-11-04 17:30:22.428000,
cf3af2a6-e8a5-41ca-b212-daccfccf47ed,bfd42b95-95f5-489f-baf5-6230eb5e1edf,2,,,,,,,,{},2025-11-04 17:30:22.428000,
e54ea121-13a0-48cc-a41d-becc2689e94c,bfd42b95-95f5-489f-baf5-6230eb5e1edf,1,,,,,,,,{},2025-11-04 17:30:22.428000,
a37eacc9-88f4-4824-bf65-2b54d219a162,bfd42b95-95f5-489f-baf5-6230eb5e1edf,1.5,,,,,,,,{},2025-11-04 17:30:22.428000,
308f3246-f4b7-4bf5-8be2-a08153fbb6d9,bfd42b95-95f5-489f-baf5-6230eb5e1edf,2,,,,,,,,{},2025-11-04 17:30:22.428000,
aad16678-8f7e-4fbc-8749-c70c486ab4cd,2b414b5e-16dc-497a-9f68-2ad2f8d9e5f8,1,,,,2.606,14.79,,,{},2025-10-26 17:55:50.112000,
749e1108-f46c-4d4f-98e8-a929476b3e65,2b414b5e-16dc-497a-9f68-2ad2f8d9e5f8,1.5,,,,2.562,16.21,,,{},2025-10-26 17:55:50.112000,
1de47a0e-97e7-4577-972a-d5301acbaf4d,2b414b5e-16dc-497a-9f68-2ad2f8d9e5f8,2,,,,2.484,15.45,,,{},2025-10-26 17:55:50.112000,
ac23cea3-2667-445e-90c9-3b048f3d23dc,c51ed7af-3d27-4a3f-9ba3-6562fb0460b6,1,,,,,,,,{},2025-10-26 17:55:50.112000,
d318b4eb-300b-41eb-afb8-b9f6ffcf9861,c51ed7af-3d27-4a3f-9ba3-6562fb0460b6,1.5,,,,,,,,{},2025-10-26 17:55:50.112000,
bc5ad5b5-278b-4a36-adf3-3fda4f499e6a,c51ed7af-3d27-4a3f-9ba3-6562fb0460b6,2,,,,,,,,{},2025-10-26 17:55:50.112000,
fab2ea2d-f811-46a3-ab34-4a94dddc65f7,01180bd8-1132-4ad0-8b1b-b3a76d0b812c,1,,,,2.572,3.39,,,{},2025-10-26 17:55:50.112000,
b32aff41-73e6-488d-85fc-98623e164280,01180bd8-1132-4ad0-8b1b-b3a76d0b812c,1.5,,,,2.552,5.3,,,{},2025-10-26 17:55:50.112000,
40296bf0-750c-44b8-8470-bcd92ff7a782,01180bd8-1132-4ad0-8b1b-b3a76d0b812c,2,,,,2.507,6.19,,,{},2025-10-26 17:55:50.112000,
222ca583-45a4-4d0d-911f-526119bfdccf,db47ed3b-344e-4d62-81bb-9568a4f0cfe5,1,,,,2.63,9.69,,,{},2025-10-26 17:55:50.112000,
7567d11b-ea28-4fa7-86d9-64462f578857,db47ed3b-344e-4d62-81bb-9568a4f0cfe5,1.5,,,,2.604,8.57,,,{},2025-10-26 17:55:50.112000,
18bbe3a6-e6cf-4a09-bb13-52b2f5fc327e,db47ed3b-344e-4d62-81bb-9568a4f0cfe5,2,,,,2.625,9.41,,,{},2025-10-26 17:55:50.112000,
df84602a-394d-4483-ab9f-ab9e12404111,bfd42b95-95f5-489f-baf5-6230eb5e1edf,1,,,,,,,,{},2025-11-04 17:30:22.428000,
0b39c94b-dd14-452d-bae8-d5c3bf100362,bfd42b95-95f5-489f-baf5-6230eb5e1edf,1.5,,,,,,,,{},2025-11-04 17:30:22.428000,
2d3d94d2-3606-4d11-afa3-ce683095324b,bfd42b95-95f5-489f-baf5-6230eb5e1edf,2,,,,,,,,{},2025-11-04 17:30:22.428000,
f1518599-7b6a-4e57-a54e-cd04f678bf4e,bfd42b95-95f5-489f-baf5-6230eb5e1edf,1,,,,,,,,{},2025-11-04 17:30:22.428000,
5e38d505-14eb-4a35-a04e-98dc70d54643,bfd42b95-95f5-489f-baf5-6230eb5e1edf,1.5,,,,,,,,{},2025-11-04 17:30:22.428000,
959e70b0-d7c3-4c78-9e3f-6f265130adb1,bfd42b95-95f5-489f-baf5-6230eb5e1edf,2,,,,,,,,{},2025-11-04 17:30:22.428000,
03f934b9-2f62-4cb1-9b7d-d55836c2ef68,bfd42b95-95f5-489f-baf5-6230eb5e1edf,1,,,,,,,,{},2025-11-04 17:30:22.428000,
8796ecf5-8b8d-41bc-9381-0ff37176785d,bfd42b95-95f5-489f-baf5-6230eb5e1edf,1.5,,,,,,,,{},2025-11-04 17:30:22.428000,
3bbc8a53-d10d-49be-b8b1-bb8516d985c1,bfd42b95-95f5-489f-baf5-6230eb5e1edf,2,,,,,,,,{},2025-11-04 17:30:22.428000,
c6d4feb1-0f7d-4795-a969-4055b9790c75,a704a2cd-19cf-483f-9861-8170ace3aec6,1,,,,,,,,{},2025-11-04 17:30:22.428000,
6446283c-2459-45d6-8176-1bdc9f28dd05,a704a2cd-19cf-483f-9861-8170ace3aec6,1.5,,,,,,,,{},2025-11-04 17:30:22.428000,
718d11f6-5720-4aa1-a326-59c65fce2d80,a704a2cd-19cf-483f-9861-8170ace3aec6,2,,,,,,,,{},2025-11-04 17:30:22.428000,
57f450d8-b7c3-4afa-8981-51c954bd4cb8,34111022-7dbc-430c-9bda-a544c3bf5877,1,,,,,,,,{},2025-11-04 17:30:22.428000,
6ea219d1-7658-4a8c-8b19-33edeebafc6d,34111022-7dbc-430c-9bda-a544c3bf5877,1.5,,,,,,,,{},2025-11-04 17:30:22.428000,
30570e11-6dcd-4b2f-b9d4-002e9135578a,34111022-7dbc-430c-9bda-a544c3bf5877,2,,,,,,,,{},2025-11-04 17:30:22.428000,
6915bbd9-69d5-4a22-9dec-70e14d3e2ad9,34111022-7dbc-430c-9bda-a544c3bf5877,1,,,,,,,,{},2025-11-04 17:04:46.063000,
063ab8ea-57ae-40e5-9922-a7e232d51333,34111022-7dbc-430c-9bda-a544c3bf5877,1.5,,,,,,,,{},2025-11-04 17:04:46.063000,
32c0d160-2efa-449b-8c14-593f05962f35,34111022-7dbc-430c-9bda-a544c3bf5877,2,,,,,,,,{},2025-11-04 17:04:46.063000,
9a72f0de-3c66-423b-b0ed-dfac082335bf,8683f7c0-5440-4543-bad4-9007d226c676,1,,,,,,,,{},2025-11-04 17:04:46.063000,
feccfba3-d5ee-46f3-a777-820a9cbd6b76,8683f7c0-5440-4543-bad4-9007d226c676,1.5,,,,,,,,{},2025-11-04 17:04:46.063000,
72ae1439-db50-4f8d-9442-00fc8e91d21a,8683f7c0-5440-4543-bad4-9007d226c676,2,,,,,,,,{},2025-11-04 17:04:46.063000,
74d4b1bc-b893-4436-9c76-3a8fc2a6e0c6,a704a2cd-19cf-483f-9861-8170ace3aec6,1,,,,,,,,{},2025-11-04 17:04:46.063000,
40afd9b3-bf4b-4c89-abeb-d74d108e9832,a704a2cd-19cf-483f-9861-8170ace3aec6,1.5,,,,,,,,{},2025-11-04 17:04:46.063000,
d64ca0cd-26b6-4ef5-92b3-49732f333d13,a704a2cd-19cf-483f-9861-8170ace3aec6,2,,,,,,,,{},2025-11-04 17:04:46.063000,
b178bf5a-7072-40fb-92f0-2fb447da7084,bfd42b95-95f5-489f-baf5-6230eb5e1edf,1,,,,,,,,{},2025-11-04 17:04:46.063000,
f1bbdc1e-1fa8-409e-afcd-5bbfeb11c046,bfd42b95-95f5-489f-baf5-6230eb5e1edf,1.5,,,,,,,,{},2025-11-04 17:04:46.063000,
85f90282-226f-4c77-9bc7-ad731c179148,bfd42b95-95f5-489f-baf5-6230eb5e1edf,2,,,,,,,,{},2025-11-04 17:04:46.063000,
695993e1-21b4-4b29-a854-631ad86e45e5,e11e2df4-c6c5-4b13-988f-8921d063031c,1,,,,,,,,{},2025-11-04 17:04:46.063000,
aa7a1f8c-7dd3-48c5-a705-db243142b960,e11e2df4-c6c5-4b13-988f-8921d063031c,1.5,,,,,,,,{},2025-11-04 17:04:46.063000,
4e157ac6-e4e6-4522-acd8-7f4a08bea459,e11e2df4-c6c5-4b13-988f-8921d063031c,2,,,,,,,,{},2025-11-04 17:04:46.063000,
8b1645a7-672b-4969-bbb8-2ef9a8ec0814,8683f7c0-5440-4543-bad4-9007d226c676,1,,,,,,,,{},2025-11-04 17:30:22.428000,
328db20d-90dc-48e6-b3b1-b9de2d84b99f,8683f7c0-5440-4543-bad4-9007d226c676,1.5,,,,,,,,{},2025-11-04 17:30:22.428000,
4bfb9b9d-4a12-4fad-8d79-f91522f0a96e,8683f7c0-5440-4543-bad4-9007d226c676,2,,,,,,,,{},2025-11-04 17:30:22.428000,
0b75f7a6-1225-4b8c-88cb-4264939a2be9,f07f4613-748c-4896-84f0-eb7456311131,1,,,,,,,,{},2025-11-04 17:30:22.428000,
ec6aa336-29c8-4c80-9574-25f2cffc53f6,f07f4613-748c-4896-84f0-eb7456311131,1.5,,,,,,,,{},2025-11-04 17:30:22.428000,
fc3b7cba-1dfe-4fea-bd2c-265f2a0b4d87,f07f4613-748c-4896-84f0-eb7456311131,2,,,,,,,,{},2025-11-04 17:30:22.428000,
95384d48-0f85-4508-8fac-d89546de296c,428e3142-2ab4-4eec-be6b-3da56fd91bad,1,,,,,,,,{},2025-11-04 17:30:22.428000,
6113b9cb-af59-4b8f-96bf-f3799292317d,428e3142-2ab4-4eec-be6b-3da56fd91bad,1.5,,,,,,,,{},2025-11-04 17:30:22.428000,
98e3a1ef-aa1c-4d64-aa28-31222eeb3c1a,428e3142-2ab4-4eec-be6b-3da56fd91bad,2,,,,,,,,{},2025-11-04 17:30:22.428000,
693208ea-8dd2-4872-9395-ff34deb91471,d1449b65-d311-4cf4-8148-dfe5337875c0,1,,,,,,,,{},2025-11-04 17:30:22.428000,
c779e7c5-17a6-4d6e-98e5-e5666d67341e,d1449b65-d311-4cf4-8148-dfe5337875c0,1.5,,,,,,,,{},2025-11-04 17:30:22.428000,
f5160c4a-e710-426f-b8c0-1b4f3583e2cb,d1449b65-d311-4cf4-8148-dfe5337875c0,2,,,,,,,,{},2025-11-04 17:30:22.428000,
96137af7-9545-4c5e-ab27-7a2768076d97,3720be87-6417-4481-a096-8cb4a1a3278a,1,,,,,,,,{},2025-11-04 17:30:22.428000,
38b923f2-bd4a-462e-ac23-e763af0906b0,3720be87-6417-4481-a096-8cb4a1a3278a,1.5,,,,,,,,{},2025-11-04 17:30:22.428000,
4b0923b6-f3df-42a6-ac02-72ec6520ca5c,3720be87-6417-4481-a096-8cb4a1a3278a,2,,,,,,,,{},2025-11-04 17:30:22.428000,
167549f5-c430-42d9-879b-3cf63747108a,dfdbf087-fdc4-44ed-9b7c-27f3c6837fe5,1,,,,,,,,{},2025-11-04 17:30:22.428000,
07c623d7-1abe-4a1a-9002-e10efdc09ff8,dfdbf087-fdc4-44ed-9b7c-27f3c6837fe5,1.5,,,,,,,,{},2025-11-04 17:30:22.428000,
c160842d-ada8-4900-b8ee-10f84e9fbc0a,dfdbf087-fdc4-44ed-9b7c-27f3c6837fe5,2,,,,,,,,{},2025-11-04 17:30:22.428000,
152cffc3-1025-4202-950b-fd7e7267ceb8,46718668-504c-4ee3-8e01-ad3f08665833,1,,,,,,,,{},2025-11-04 17:30:22.428000,
a07f9ce9-b8ea-4de5-8a07-dded63cbd9de,46718668-504c-4ee3-8e01-ad3f08665833,1.5,,,,,,,,{},2025-11-04 17:30:22.428000,
83b613d8-54b3-4122-be78-47779e0e303d,46718668-504c-4ee3-8e01-ad3f08665833,2,,,,,,,,{},2025-11-04 17:30:22.428000,
473edca1-8cbc-40ba-bb20-4c20df910ca3,1e87c4a9-fc48-472a-8ee0-54e900c65b81,1,,,,,,,,{},2025-11-04 17:30:22.428000,
9265be5b-2b68-4a4d-8514-ce06a819c9ac,1e87c4a9-fc48-472a-8ee0-54e900c65b81,1.5,,,,,,,,{},2025-11-04 17:30:22.428000,
de2fb786-9f42-4711-9bfc-ea9bac4ecea1,1e87c4a9-fc48-472a-8ee0-54e900c65b81,2,,,,,,,,{},2025-11-04 17:30:22.428000,
bf35565e-4df4-48b1-9b15-5ff621ea0611,9c7eab9d-54a0-46a1-a2d7-a96210248209,1,,,,,,,,{},2025-11-04 17:30:22.428000,
e261fc8f-7fe9-42a2-852c-37a3350fc5f6,9c7eab9d-54a0-46a1-a2d7-a96210248209,1.5,,,,,,,,{},2025-11-04 17:30:22.428000,
f25e8731-a093-4c25-a1d4-a21db40d92b8,9c7eab9d-54a0-46a1-a2d7-a96210248209,2,,,,,,,,{},2025-11-04 17:30:22.428000,
8ac3aacb-9c05-4c46-9f5c-713f99a3946a,bfd42b95-95f5-489f-baf5-6230eb5e1edf,1,,,,,,,,{},2025-11-04 17:59:58.507000,
49e034eb-95ec-47ee-829f-f5f8f5adde0f,bfd42b95-95f5-489f-baf5-6230eb5e1edf,1.5,,,,,,,,{},2025-11-04 17:59:58.507000,
967a3e20-f8ba-4ce6-a8c2-38c9bd8b9336,bfd42b95-95f5-489f-baf5-6230eb5e1edf,2,,,,,,,,{},2025-11-04 17:59:58.507000,
be9012f6-d3fb-43e9-842e-8954bd16c572,bfd42b95-95f5-489f-baf5-6230eb5e1edf,1,,,,,,,,{},2025-11-04 17:59:58.507000,
cc1ce68e-876f-4e3f-85e7-019eb359432d,bfd42b95-95f5-489f-baf5-6230eb5e1edf,1.5,,,,,,,,{},2025-11-04 17:59:58.507000,
2120c03c-7300-48d8-b33b-60de5ebb61f1,bfd42b95-95f5-489f-baf5-6230eb5e1edf,2,,,,,,,,{},2025-11-04 17:59:58.507000,
8482ea0c-4054-42e8-a478-621622164a1a,bfd42b95-95f5-489f-baf5-6230eb5e1edf,1,,,,,,,,{},2025-11-04 17:59:58.507000,
46a68ee0-8b66-421a-a86a-29d052cc2d64,bfd42b95-95f5-489f-baf5-6230eb5e1edf,1.5,,,,,,,,{},2025-11-04 17:59:58.507000,
ef280685-8b5f-4838-b710-f4ede3c23fd3,bfd42b95-95f5-489f-baf5-6230eb5e1edf,2,,,,,,,,{},2025-11-04 17:59:58.507000,
6b7c0358-cd29-4c4a-9e3b-b9f95063a903,bfd42b95-95f5-489f-baf5-6230eb5e1edf,1,,,,,,,,{},2025-11-04 17:59:58.507000,
4055aa7f-635a-4609-a00d-e9818c1a0cfa,bfd42b95-95f5-489f-baf5-6230eb5e1edf,1.5,,,,,,,,{},2025-11-04 17:59:58.507000,
4956d4b1-7655-4492-bd55-2f8451e9890f,bfd42b95-95f5-489f-baf5-6230eb5e1edf,2,,,,,,,,{},2025-11-04 17:59:58.507000,
36d0ef95-1433-4a78-96f9-858e7c83d2dd,bfd42b95-95f5-489f-baf5-6230eb5e1edf,1,,,,,,,,{},2025-11-04 17:59:58.507000,
534c5750-01d7-4313-a61a-6738ad9b6be5,bfd42b95-95f5-489f-baf5-6230eb5e1edf,1.5,,,,,,,,{},2025-11-04 17:59:58.507000,
7c3ae7e0-f039-46d2-b387-22507f03c7c2,bfd42b95-95f5-489f-baf5-6230eb5e1edf,2,,,,,,,,{},2025-11-04 17:59:58.507000,
12e1c991-2960-4c6d-af63-64052d7f2697,a704a2cd-19cf-483f-9861-8170ace3aec6,1,,,,,,,,{},2025-11-04 17:59:58.507000,
e077293d-d9a1-461d-bca6-1c99829c5269,a704a2cd-19cf-483f-9861-8170ace3aec6,1.5,,,,,,,,{},2025-11-04 17:59:58.507000,
fb8b4a94-5af5-4f4f-a05c-70620cb5e2b0,a704a2cd-19cf-483f-9861-8170ace3aec6,2,,,,,,,,{},2025-11-04 17:59:58.507000,
f10bbcc0-c798-48f0-87ca-20cc6de27df2,34111022-7dbc-430c-9bda-a544c3bf5877,1,,,,,,,,{},2025-11-04 17:59:58.507000,
f9ef4803-867d-4b45-9dcd-ff0f56634cf7,34111022-7dbc-430c-9bda-a544c3bf5877,1.5,,,,,,,,{},2025-11-04 17:59:58.507000,
f332e348-33c2-44bd-a5c3-b8e73d216a8c,34111022-7dbc-430c-9bda-a544c3bf5877,2,,,,,,,,{},2025-11-04 17:59:58.507000,
edefef98-a507-455e-b980-12a690805860,8683f7c0-5440-4543-bad4-9007d226c676,1,,,,,,,,{},2025-11-04 17:59:58.507000,
2540974f-59dd-423e-8f0f-42bd7a37b5df,8683f7c0-5440-4543-bad4-9007d226c676,1.5,,,,,,,,{},2025-11-04 17:59:58.507000,
60e1f39d-d405-4064-9e6c-22f4b35d25ac,8683f7c0-5440-4543-bad4-9007d226c676,2,,,,,,,,{},2025-11-04 17:59:58.507000,
d607d637-f268-4bfc-b935-442cfa147cf5,f07f4613-748c-4896-84f0-eb7456311131,1,,,,,,,,{},2025-11-04 17:59:58.507000,
d78ed39f-53e0-4a7b-a834-84df5e3c7ba0,f07f4613-748c-4896-84f0-eb7456311131,1.5,,,,,,,,{},2025-11-04 17:59:58.507000,
4071c494-e14d-477d-a869-46caeac7ee29,f07f4613-748c-4896-84f0-eb7456311131,2,,,,,,,,{},2025-11-04 17:59:58.507000,
47d3e6de-2fcc-4cf6-a958-c723cc45045d,428e3142-2ab4-4eec-be6b-3da56fd91bad,1,,,,,,,,{},2025-11-04 17:59:58.507000,
5aff50f3-bc3b-4b4d-83ed-fcebf0954f25,428e3142-2ab4-4eec-be6b-3da56fd91bad,1.5,,,,,,,,{},2025-11-04 17:59:58.507000,
1528bee0-330a-4f1b-bcf7-aef6b3fa6f63,428e3142-2ab4-4eec-be6b-3da56fd91bad,2,,,,,,,,{},2025-11-04 17:59:58.507000,
451d1e98-39d4-4ad5-b7dd-e3723afcd580,d1449b65-d311-4cf4-8148-dfe5337875c0,1,,,,,,,,{},2025-11-04 17:59:58.507000,
b39c6e6d-5aa1-445b-afe2-7e1117634468,d1449b65-d311-4cf4-8148-dfe5337875c0,1.5,,,,,,,,{},2025-11-04 17:59:58.507000,
fb60f0c5-e222-4c26-8b38-f5cf47c92aa5,d1449b65-d311-4cf4-8148-dfe5337875c0,2,,,,,,,,{},2025-11-04 17:59:58.507000,
6f31c250-d889-404b-b504-bab29d7a4cad,3720be87-6417-4481-a096-8cb4a1a3278a,1,,,,,,,,{},2025-11-04 17:59:58.507000,
4c78af20-009a-4138-92bb-a899148a8e59,3720be87-6417-4481-a096-8cb4a1a3278a,1.5,,,,,,,,{},2025-11-04 17:59:58.507000,
27d270b8-1eba-4f08-aa94-f020cd9b0254,3720be87-6417-4481-a096-8cb4a1a3278a,2,,,,,,,,{},2025-11-04 17:59:58.507000,
3fec2ee4-388e-4abb-8bba-a35bcb1545e1,dfdbf087-fdc4-44ed-9b7c-27f3c6837fe5,1,,,,,,,,{},2025-11-04 17:59:58.507000,
6a306858-a4d9-4e84-b59e-e2f60b572844,dfdbf087-fdc4-44ed-9b7c-27f3c6837fe5,1.5,,,,,,,,{},2025-11-04 17:59:58.507000,
9fab9d0b-f8af-461f-89e3-01683ac91d7f,dfdbf087-fdc4-44ed-9b7c-27f3c6837fe5,2,,,,,,,,{},2025-11-04 17:59:58.507000,
0ce0bb67-1283-4948-adcd-129d1279f117,46718668-504c-4ee3-8e01-ad3f08665833,1,,,,,,,,{},2025-11-04 17:59:58.507000,
7cc80101-3a25-4bbf-9e04-c5e312ae6b39,46718668-504c-4ee3-8e01-ad3f08665833,1.5,,,,,,,,{},2025-11-04 17:59:58.507000,
158189bf-a194-4c44-badc-da9219bcc3aa,46718668-504c-4ee3-8e01-ad3f08665833,2,,,,,,,,{},2025-11-04 17:59:58.507000,
76f8780b-2e77-45bc-89a6-65818b96266a,1e87c4a9-fc48-472a-8ee0-54e900c65b81,1,,,,,,,,{},2025-11-04 17:59:58.507000,
4c11a72b-4d37-4640-b549-a97cd2bd5ac5,1e87c4a9-fc48-472a-8ee0-54e900c65b81,1.5,,,,,,,,{},2025-11-04 17:59:58.507000,
aa814458-f549-4442-a2b9-d4991d0576b6,1e87c4a9-fc48-472a-8ee0-54e900c65b81,2,,,,,,,,{},2025-11-04 17:59:58.507000,
b3b84e11-1367-48da-aa73-acbaaeed3d76,9c7eab9d-54a0-46a1-a2d7-a96210248209,1,,,,,,,,{},2025-11-04 17:59:58.507000,
a8711f3a-3857-4160-93e1-51f96123804c,9c7eab9d-54a0-46a1-a2d7-a96210248209,1.5,,,,,,,,{},2025-11-04 17:59:58.507000,
9eadea2c-d8bc-4a2a-9465-87705a82f062,9c7eab9d-54a0-46a1-a2d7-a96210248209,2,,,,,,,,{},2025-11-04 17:59:58.507000,
8ca6c705-b430-4e47-8034-98cd89296837,bfd42b95-95f5-489f-baf5-6230eb5e1edf,1,,,,,,,,{},2025-11-04 18:01:47.901000,
4e2d36e6-4658-44da-a3d8-59956c8b4e3a,bfd42b95-95f5-489f-baf5-6230eb5e1edf,1.5,,,,,,,,{},2025-11-04 18:01:47.901000,
340518c4-890e-4c3c-a5b5-ffdec24fb654,bfd42b95-95f5-489f-baf5-6230eb5e1edf,2,,,,,,,,{},2025-11-04 18:01:47.901000,
a2303464-ebf2-4587-933e-2473b3a1502f,bfd42b95-95f5-489f-baf5-6230eb5e1edf,1,,,,,,,,{},2025-11-04 18:01:47.901000,
3c40b602-8ee6-46da-bf44-feb92d9ddee6,bfd42b95-95f5-489f-baf5-6230eb5e1edf,1.5,,,,,,,,{},2025-11-04 18:01:47.901000,
29d2c481-1a6a-4223-93c0-242cac658c44,bfd42b95-95f5-489f-baf5-6230eb5e1edf,2,,,,,,,,{},2025-11-04 18:01:47.901000,
2c18fd47-9171-427a-992b-e2d2b6e8ea1b,bfd42b95-95f5-489f-baf5-6230eb5e1edf,1,,,,,,,,{},2025-11-04 18:01:47.901000,
430a08b1-60ea-4781-9332-98e673989ba2,bfd42b95-95f5-489f-baf5-6230eb5e1edf,1.5,,,,,,,,{},2025-11-04 18:01:47.901000,
26a0c4fc-e3e7-4434-ab37-a8918fa22bd1,bfd42b95-95f5-489f-baf5-6230eb5e1edf,2,,,,,,,,{},2025-11-04 18:01:47.901000,
a9bd346e-064a-4f34-86b7-7fa265d54ab4,bfd42b95-95f5-489f-baf5-6230eb5e1edf,1,,,,,,,,{},2025-11-04 18:01:47.901000,
f363d8ac-c1f0-4e1f-851b-70e54be7b07f,bfd42b95-95f5-489f-baf5-6230eb5e1edf,1.5,,,,,,,,{},2025-11-04 18:01:47.901000,
d4dbb375-7bbd-470d-9d01-7d1c28a56aac,bfd42b95-95f5-489f-baf5-6230eb5e1edf,2,,,,,,,,{},2025-11-04 18:01:47.901000,
0f73cad9-bf4e-42f9-8cd5-28b320df8fa2,bfd42b95-95f5-489f-baf5-6230eb5e1edf,1,,,,,,,,{},2025-11-04 18:01:47.901000,
b8eeb529-a81b-43d0-b81f-7402606e7938,bfd42b95-95f5-489f-baf5-6230eb5e1edf,1.5,,,,,,,,{},2025-11-04 18:01:47.901000,
6a3f71b2-81cb-421a-8686-2b4f93081ddd,bfd42b95-95f5-489f-baf5-6230eb5e1edf,2,,,,,,,,{},2025-11-04 18:01:47.901000,
c2746036-777a-4f31-849c-0b3a34823e5d,a704a2cd-19cf-483f-9861-8170ace3aec6,1,,,,,,,,{},2025-11-04 18:01:47.901000,
b678ce59-9491-4770-b5b0-11e5e1a85d12,a704a2cd-19cf-483f-9861-8170ace3aec6,1.5,,,,,,,,{},2025-11-04 18:01:47.901000,
1beaddbe-9f2b-49e3-9ae7-f91f76ca9c35,a704a2cd-19cf-483f-9861-8170ace3aec6,2,,,,,,,,{},2025-11-04 18:01:47.901000,
737007e1-0a1d-423b-9c8b-0d5dac150997,34111022-7dbc-430c-9bda-a544c3bf5877,1,,,,,,,,{},2025-11-04 18:01:47.901000,
25b1a0a5-8546-4e80-8c42-d70acb00dc9b,34111022-7dbc-430c-9bda-a544c3bf5877,1.5,,,,,,,,{},2025-11-04 18:01:47.901000,
9edb44c7-fc3c-4d3d-a9fa-b7ad5f279ada,34111022-7dbc-430c-9bda-a544c3bf5877,2,,,,,,,,{},2025-11-04 18:01:47.901000,
c3bc37ab-1199-4d64-a0a4-4e94be42d99a,8683f7c0-5440-4543-bad4-9007d226c676,1,,,,,,,,{},2025-11-04 18:01:47.901000,
8a93cde0-5482-4283-9902-40b10e5368f2,8683f7c0-5440-4543-bad4-9007d226c676,1.5,,,,,,,,{},2025-11-04 18:01:47.901000,
caf35b41-9d86-443f-a54f-b073f2ffff8e,8683f7c0-5440-4543-bad4-9007d226c676,2,,,,,,,,{},2025-11-04 18:01:47.901000,
a1b7d7d8-0665-4ec9-a88e-2d106ab961ef,f07f4613-748c-4896-84f0-eb7456311131,1,,,,,,,,{},2025-11-04 18:01:47.901000,
b6c72fc5-5926-46af-9809-7d6deaa79f27,f07f4613-748c-4896-84f0-eb7456311131,1.5,,,,,,,,{},2025-11-04 18:01:47.901000,
c3dc59d2-4b9a-4f2e-8511-8f41300d3a60,f07f4613-748c-4896-84f0-eb7456311131,2,,,,,,,,{},2025-11-04 18:01:47.901000,
3fe2ef38-413a-456b-af69-a4eb788b70f2,428e3142-2ab4-4eec-be6b-3da56fd91bad,1,,,,,,,,{},2025-11-04 18:01:47.901000,
18f7ec1b-0fea-47f0-9d50-8227f0746a2c,428e3142-2ab4-4eec-be6b-3da56fd91bad,1.5,,,,,,,,{},2025-11-04 18:01:47.901000,
94e5bc7d-eb69-4c6d-993c-3df04de3af1e,428e3142-2ab4-4eec-be6b-3da56fd91bad,2,,,,,,,,{},2025-11-04 18:01:47.901000,
ba6b39cc-2d05-48dc-9404-0411ac32bd82,d1449b65-d311-4cf4-8148-dfe5337875c0,1,,,,,,,,{},2025-11-04 18:01:47.901000,
c061bd2f-dfe4-4fe3-94bf-1f9bf364405c,d1449b65-d311-4cf4-8148-dfe5337875c0,1.5,,,,,,,,{},2025-11-04 18:01:47.901000,
6c1afb13-908a-4267-8e19-6d9bf90fe406,d1449b65-d311-4cf4-8148-dfe5337875c0,2,,,,,,,,{},2025-11-04 18:01:47.901000,
f3d92f42-76d3-4777-958d-c88f136901aa,3720be87-6417-4481-a096-8cb4a1a3278a,1,,,,,,,,{},2025-11-04 18:01:47.901000,
6676bde8-f9a0-4d5f-b9a3-639da330ed63,3720be87-6417-4481-a096-8cb4a1a3278a,1.5,,,,,,,,{},2025-11-04 18:01:47.901000,
c12850f2-576d-4fa3-bcbb-4d61d606402c,3720be87-6417-4481-a096-8cb4a1a3278a,2,,,,,,,,{},2025-11-04 18:01:47.901000,
7a219304-994b-433f-9de4-0b2305f4fe6b,dfdbf087-fdc4-44ed-9b7c-27f3c6837fe5,1,,,,,,,,{},2025-11-04 18:01:47.901000,
ebd1283f-c538-4e68-b932-1c47a60607ac,dfdbf087-fdc4-44ed-9b7c-27f3c6837fe5,1.5,,,,,,,,{},2025-11-04 18:01:47.901000,
92e4c2ed-1e5c-4097-bc40-a2447b8523f2,dfdbf087-fdc4-44ed-9b7c-27f3c6837fe5,2,,,,,,,,{},2025-11-04 18:01:47.901000,
7abda970-1143-45af-a922-4f2afefb9d95,46718668-504c-4ee3-8e01-ad3f08665833,1,,,,,,,,{},2025-11-04 18:01:47.901000,
879790b1-f84e-4bf2-aa34-a7b4a5790312,46718668-504c-4ee3-8e01-ad3f08665833,1.5,,,,,,,,{},2025-11-04 18:01:47.901000,
c9a3e842-5716-4545-bf3e-03d9111d94aa,46718668-504c-4ee3-8e01-ad3f08665833,2,,,,,,,,{},2025-11-04 18:01:47.901000,
10c4041a-8418-45db-92ba-4f89bbcec71f,1e87c4a9-fc48-472a-8ee0-54e900c65b81,1,,,,,,,,{},2025-11-04 18:01:47.901000,
9dd8fd73-c8cb-4d7a-8766-9529a2dcaad6,1e87c4a9-fc48-472a-8ee0-54e900c65b81,1.5,,,,,,,,{},2025-11-04 18:01:47.901000,
a08442d3-6acf-4d0c-ab73-e947fffaaf1f,1e87c4a9-fc48-472a-8ee0-54e900c65b81,2,,,,,,,,{},2025-11-04 18:01:47.901000,
34e11187-c7dd-4276-8510-0d74e208b963,9c7eab9d-54a0-46a1-a2d7-a96210248209,1,,,,,,,,{},2025-11-04 18:01:47.901000,
34782b1f-26bb-481e-abe4-f5e325402b9d,9c7eab9d-54a0-46a1-a2d7-a96210248209,1.5,,,,,,,,{},2025-11-04 18:01:47.901000,
356544d0-6efc-40bb-9b92-8a2ad5afdabb,9c7eab9d-54a0-46a1-a2d7-a96210248209,2,,,,,,,,{},2025-11-04 18:01:47.901000,
e4858215-3b8d-401a-8f64-729896a5cd84,bfd42b95-95f5-489f-baf5-6230eb5e1edf,1,,,,,,,,{},2025-11-04 18:04:56.535000,
1277c69c-c22d-49bb-add7-caffc91ae5f4,bfd42b95-95f5-489f-baf5-6230eb5e1edf,1.5,,,,,,,,{},2025-11-04 18:04:56.535000,
1c9d0c5e-dc17-4427-b057-1cd05c7d67f9,bfd42b95-95f5-489f-baf5-6230eb5e1edf,2,,,,,,,,{},2025-11-04 18:04:56.535000,
a6a354b3-a11b-4fa9-a568-4dbf9ca3c00d,bfd42b95-95f5-489f-baf5-6230eb5e1edf,1,,,,,,,,{},2025-11-04 18:04:56.535000,
6837de3b-2542-4fcb-8765-64d97a246ec2,bfd42b95-95f5-489f-baf5-6230eb5e1edf,1.5,,,,,,,,{},2025-11-04 18:04:56.535000,
15c2be5b-b1f4-4a4c-bd14-6cb17f0f4a83,bfd42b95-95f5-489f-baf5-6230eb5e1edf,2,,,,,,,,{},2025-11-04 18:04:56.535000,
070ab726-b854-4270-a74d-f2bc07ac3393,bfd42b95-95f5-489f-baf5-6230eb5e1edf,1,,,,,,,,{},2025-11-04 18:04:56.535000,
84d4f403-5c75-497e-a579-0010e8ddc4c9,bfd42b95-95f5-489f-baf5-6230eb5e1edf,1.5,,,,,,,,{},2025-11-04 18:04:56.535000,
b3f32a5c-2dc2-4b37-96ee-84c55f09377d,bfd42b95-95f5-489f-baf5-6230eb5e1edf,2,,,,,,,,{},2025-11-04 18:04:56.535000,
3f4536bb-4e03-4610-a2fb-0405b55047fe,bfd42b95-95f5-489f-baf5-6230eb5e1edf,1,,,,,,,,{},2025-11-04 18:04:56.535000,
c39705f3-2b03-4a77-816a-9e1948998607,bfd42b95-95f5-489f-baf5-6230eb5e1edf,1.5,,,,,,,,{},2025-11-04 18:04:56.535000,
9ebf8a9d-d54e-44d9-8bdf-8fedb558846d,bfd42b95-95f5-489f-baf5-6230eb5e1edf,2,,,,,,,,{},2025-11-04 18:04:56.535000,
a9be6ee0-aa71-4153-bcff-a7bf0fabdbad,bfd42b95-95f5-489f-baf5-6230eb5e1edf,1,,,,,,,,{},2025-11-04 18:04:56.535000,
8aca65f5-dc09-485f-bee4-37890e0e4927,bfd42b95-95f5-489f-baf5-6230eb5e1edf,1.5,,,,,,,,{},2025-11-04 18:04:56.535000,
7101fca7-fa16-4759-befb-c01e1f15b742,bfd42b95-95f5-489f-baf5-6230eb5e1edf,2,,,,,,,,{},2025-11-04 18:04:56.535000,
258e38e7-a7c6-4b84-86be-6f9b3af7a5eb,a704a2cd-19cf-483f-9861-8170ace3aec6,1,,,,,,,,{},2025-11-04 18:04:56.535000,
defd9c39-c906-48de-b02b-49cd1d877e6f,a704a2cd-19cf-483f-9861-8170ace3aec6,1.5,,,,,,,,{},2025-11-04 18:04:56.535000,
b71adf65-c4ea-4f46-bec5-f9c42136c9a1,a704a2cd-19cf-483f-9861-8170ace3aec6,2,,,,,,,,{},2025-11-04 18:04:56.535000,
94c469b5-7e65-48a0-80cd-c4403b02c156,34111022-7dbc-430c-9bda-a544c3bf5877,1,,,,,,,,{},2025-11-04 18:04:56.535000,
57b5246d-1563-474d-b74b-6ffa20a85269,34111022-7dbc-430c-9bda-a544c3bf5877,1.5,,,,,,,,{},2025-11-04 18:04:56.535000,
1ec2b8e1-e905-4f58-9286-1da8651dc23f,34111022-7dbc-430c-9bda-a544c3bf5877,2,,,,,,,,{},2025-11-04 18:04:56.535000,
09dbe4b5-73c3-46e0-95d2-b72328dbe661,8683f7c0-5440-4543-bad4-9007d226c676,1,,,,,,,,{},2025-11-04 18:04:56.535000,
7971251e-4cb1-4973-92ad-0a988970dd1e,8683f7c0-5440-4543-bad4-9007d226c676,1.5,,,,,,,,{},2025-11-04 18:04:56.535000,
c984c421-bd8a-4b95-8b61-52ac9d257106,8683f7c0-5440-4543-bad4-9007d226c676,2,,,,,,,,{},2025-11-04 18:04:56.535000,
d52cf0db-0acb-4d37-a207-778ca5834410,b04aa2c1-b89b-4581-9508-b62f580a9e6f,1,,,,,,,,{},2025-11-04 18:04:56.535000,
d6f91f74-af9c-4136-999e-634e43159c85,b04aa2c1-b89b-4581-9508-b62f580a9e6f,1.5,,,,,,,,{},2025-11-04 18:04:56.535000,
bfff51ec-29bb-4da6-aea5-94d75d3bbb08,b04aa2c1-b89b-4581-9508-b62f580a9e6f,2,,,,,,,,{},2025-11-04 18:04:56.535000,
0a195f79-5ab7-45eb-9314-8f7856fe742c,93e8bdeb-0dc6-4ba2-abd6-f1307ac29ea6,1,,,,,,,,{},2025-11-04 18:04:56.535000,
26a27b19-3f96-4629-a0ae-01812e821bba,93e8bdeb-0dc6-4ba2-abd6-f1307ac29ea6,1.5,,,,,,,,{},2025-11-04 18:04:56.535000,
36359258-c811-47b3-98c6-872f3c94012d,93e8bdeb-0dc6-4ba2-abd6-f1307ac29ea6,2,,,,,,,,{},2025-11-04 18:04:56.535000,
06b4296c-70e0-44c0-ba15-9d92665161d0,fd1cea77-3afb-4e5c-b8f3-452fa3929bad,1,,,,,,,,{},2025-11-04 18:04:56.535000,
322d79b5-1012-4a6c-a5af-b7d592d8da7e,fd1cea77-3afb-4e5c-b8f3-452fa3929bad,1.5,,,,,,,,{},2025-11-04 18:04:56.535000,
58b583e2-c4c5-4fb7-88ee-17cf76398079,fd1cea77-3afb-4e5c-b8f3-452fa3929bad,2,,,,,,,,{},2025-11-04 18:04:56.535000,
0e31e6a4-5e97-405d-a207-b5a7e2193855,a4e1e56a-adc1-4e97-a96a-22ec5ca27740,1,,,,,,,,{},2025-11-04 18:04:56.535000,
4bce18ab-9fa4-4345-a651-8a8fcb1425e8,a4e1e56a-adc1-4e97-a96a-22ec5ca27740,1.5,,,,,,,,{},2025-11-04 18:04:56.535000,
2a959b0f-7921-4df0-8d2a-6dd7a61a1f63,a4e1e56a-adc1-4e97-a96a-22ec5ca27740,2,,,,,,,,{},2025-11-04 18:04:56.535000,
2520202a-7bca-4505-8bad-e181b6bbd496,8b8eb5fd-dae7-4db9-a014-da542c021c05,1,,,,,,,,{},2025-11-04 18:04:56.535000,
1c40e607-ed05-4284-9648-b3c88d539016,8b8eb5fd-dae7-4db9-a014-da542c021c05,1.5,,,,,,,,{},2025-11-04 18:04:56.535000,
58f39ed3-3b19-42e2-b343-633d37009220,8b8eb5fd-dae7-4db9-a014-da542c021c05,2,,,,,,,,{},2025-11-04 18:04:56.535000,
0266d189-ff91-4eed-bf56-25ba479f2a6e,2d780cec-7826-47eb-ac7a-2b5b383928c0,1,,,,,,,,{},2025-11-04 18:04:56.535000,
228ca68a-9b0b-4288-83ca-76e1748cb6f3,2d780cec-7826-47eb-ac7a-2b5b383928c0,1.5,,,,,,,,{},2025-11-04 18:04:56.535000,
59a3011a-28dd-46a6-b84e-419655ec4cf0,0782847d-a0cc-42b8-97e5-6a4398b60d83,1,,,,,,,,{},2025-11-04 18:04:56.535000,
45efe56e-f4a7-4e9f-9984-1aa1938913de,0782847d-a0cc-42b8-97e5-6a4398b60d83,1.5,,,,,,,,{},2025-11-04 18:04:56.535000,
a0606733-423a-40cb-ab4d-e5eaac981236,0782847d-a0cc-42b8-97e5-6a4398b60d83,2,,,,,,,,{},2025-11-04 18:04:56.535000,
d2b23a18-ee26-424d-a753-1775b961d2ce,b03bc8f3-c580-4859-9a69-7e7895f73fdf,1,,,,,,,,{},2025-11-04 18:04:56.535000,
7a17ae68-a608-4e8b-aca4-3a8887ea8f86,b03bc8f3-c580-4859-9a69-7e7895f73fdf,1.5,,,,,,,,{},2025-11-04 18:04:56.535000,
d58b3eec-4296-4c12-b620-ec28582532ef,e3865236-5be3-4368-9aa7-29abc4a17ee2,1,,,,,,,,{},2025-11-04 18:04:56.535000,
4d9c7e50-2171-498f-911f-7e90c9e1b21a,e3865236-5be3-4368-9aa7-29abc4a17ee2,1.5,,,,,,,,{},2025-11-04 18:04:56.535000,
2411d27d-f4ec-42d1-ac62-a3ab0d5cfc14,e3865236-5be3-4368-9aa7-29abc4a17ee2,2,,,,,,,,{},2025-11-04 18:04:56.535000,
95f95e06-dfee-45d7-8f3a-6ff9820f5031,c45c3294-b93e-4277-b59e-3451c9d0998c,1,,,,,,,,{},2025-11-04 18:04:56.535000,
4658d16a-b03f-4001-b622-5788b95b9d39,c45c3294-b93e-4277-b59e-3451c9d0998c,1.5,,,,,,,,{},2025-11-04 18:04:56.535000,
5ee10caf-e517-4a6d-a83f-68ae479dbb9a,c45c3294-b93e-4277-b59e-3451c9d0998c,2,,,,,,,,{},2025-11-04 18:04:56.535000,
e73ca4eb-9f42-4f97-98f3-e6de58d938d2,dda1e71b-8d0d-4c9e-b53f-877a6cf70da9,1,,,,,,,,{},2025-11-04 18:04:56.535000,
32a3919e-483a-4b57-8c10-3bdc5769b51c,dda1e71b-8d0d-4c9e-b53f-877a6cf70da9,1.5,,,,,,,,{},2025-11-04 18:04:56.535000,
18a9a0ea-2f66-478f-beb0-0162a7a14a69,dda1e71b-8d0d-4c9e-b53f-877a6cf70da9,2,,,,,,,,{},2025-11-04 18:04:56.535000,
8e5e4db5-1284-4fbc-8a14-fe9353adbbe7,c9b8371f-8779-42e3-a087-7bbb44210dd9,1,,,,,,,,{},2025-11-04 18:04:56.535000,
26fe1678-fc21-46fd-bf67-0f974261f230,c9b8371f-8779-42e3-a087-7bbb44210dd9,1.5,,,,,,,,{},2025-11-04 18:04:56.535000,
8eac01f6-cbdb-44e0-a2bf-b0e913068443,c9b8371f-8779-42e3-a087-7bbb44210dd9,2,,,,,,,,{},2025-11-04 18:04:56.535000,
2ddf2eef-3ddb-4964-9e29-aa37477cbe30,8a3fb39e-a7b4-4968-8932-1c0a925a8d41,1,,,,,,,,{},2025-11-04 18:04:56.535000,
58de9cda-2e41-4afe-b249-cea386114b60,8a3fb39e-a7b4-4968-8932-1c0a925a8d41,1.5,,,,,,,,{},2025-11-04 18:04:56.535000,
b58a5b3c-942a-4777-86bc-dd5c7b8eda38,8a3fb39e-a7b4-4968-8932-1c0a925a8d41,2,,,,,,,,{},2025-11-04 18:04:56.535000,
4c9ce3be-5add-406a-aaa9-64dc25d63370,b71c8db0-d730-4693-bd6d-47fcd4e7cf0a,1,,,,,,,,{},2025-11-04 18:04:56.535000,
b2e79038-4213-4d52-a3b5-ee1a7f91ee70,b71c8db0-d730-4693-bd6d-47fcd4e7cf0a,1.5,,,,,,,,{},2025-11-04 18:04:56.535000,
75dc18b3-43a5-455e-a46f-006891ce4680,b71c8db0-d730-4693-bd6d-47fcd4e7cf0a,2,,,,,,,,{},2025-11-04 18:04:56.535000,
b4ed3741-425f-4e19-9d99-ef4c47657596,b6e1ba9a-5463-46dd-8c7b-d88d443337ca,1,,,,,,,,{},2025-11-04 18:04:56.535000,
47f43149-c51c-4ede-b33b-b0be9ea6cf6e,b6e1ba9a-5463-46dd-8c7b-d88d443337ca,1.5,,,,,,,,{},2025-11-04 18:04:56.535000,
a2020e0f-1ae7-4c18-8843-74423f5c1bcc,b6e1ba9a-5463-46dd-8c7b-d88d443337ca,2,,,,,,,,{},2025-11-04 18:04:56.535000,
9adf0bd9-d5e8-4b80-9c07-97e52454aef8,56da0bea-b333-4089-9ba4-3144c003a23a,1,,,,,,,,{},2025-11-04 18:04:56.535000,
0fef8602-064a-4cab-afad-6ea7c4450d48,56da0bea-b333-4089-9ba4-3144c003a23a,1.5,,,,,,,,{},2025-11-04 18:04:56.535000,
d373e333-2935-423c-9040-f10fe52cf9d8,56da0bea-b333-4089-9ba4-3144c003a23a,2,,,,,,,,{},2025-11-04 18:04:56.535000,
ae309855-b32f-4594-ab0d-fdaffb9276ad,4029a3a2-5f60-462e-9723-5c41391bdd32,1,,,,,,,,{},2025-11-04 18:04:56.535000,
e31512d0-22e3-416b-8885-7f31b6e4ac97,4029a3a2-5f60-462e-9723-5c41391bdd32,1.5,,,,,,,,{},2025-11-04 18:04:56.535000,
1caed552-1776-4e6b-bfbe-c307f2084564,4029a3a2-5f60-462e-9723-5c41391bdd32,2,,,,,,,,{},2025-11-04 18:04:56.535000,
a2d9635e-fc7b-4b94-91d2-2303b0220599,f215ed61-27bf-45b0-8b4d-7a1dcbd0056d,1,,,,,,,,{},2025-11-04 18:04:56.535000,
61e01722-eec5-42cf-bb4a-810517adbf96,f215ed61-27bf-45b0-8b4d-7a1dcbd0056d,1.5,,,,,,,,{},2025-11-04 18:04:56.535000,
2284794f-4a1f-403b-a66e-bc799159fab5,f215ed61-27bf-45b0-8b4d-7a1dcbd0056d,2,,,,,,,,{},2025-11-04 18:04:56.535000,
c05203dc-fc3e-4af8-96c4-45e786a2ac35,c031860f-6bc3-4737-b269-4f00afa9422d,1,,,,,,,,{},2025-11-04 18:04:56.535000,
e7cf852e-fedb-48ef-a24e-702863ab5904,c031860f-6bc3-4737-b269-4f00afa9422d,1.5,,,,,,,,{},2025-11-04 18:04:56.535000,
9e50906e-d4cd-48da-85aa-8ec2a354f8fa,c031860f-6bc3-4737-b269-4f00afa9422d,2,,,,,,,,{},2025-11-04 18:04:56.535000,
ac6f41c7-ee58-4b00-8e82-cefa7b32182b,16fabf82-1694-47cc-9435-61fb974d16fb,1,,,,,,,,{},2025-11-04 18:04:56.535000,
8ba02449-933a-4576-8235-4366d0b4d050,16fabf82-1694-47cc-9435-61fb974d16fb,1.5,,,,,,,,{},2025-11-04 18:04:56.535000,
8471bb61-51a5-4c29-92c3-b2c2dc8e2649,16fabf82-1694-47cc-9435-61fb974d16fb,2,,,,,,,,{},2025-11-04 18:04:56.535000,
328f71f8-229e-49f8-a752-3e2b7b819697,76c2ba3a-9f69-41a1-9c86-b875287142e9,1,,,,,,,,{},2025-11-04 18:04:56.535000,
76e51950-8306-4d77-93c3-0300869cedc8,76c2ba3a-9f69-41a1-9c86-b875287142e9,1.5,,,,,,,,{},2025-11-04 18:04:56.535000,
f1ed889f-828e-4fca-bd9f-2630ea1cd747,76c2ba3a-9f69-41a1-9c86-b875287142e9,2,,,,,,,,{},2025-11-04 18:04:56.535000,
3a618a96-79f7-4bc1-8ac8-eebb63850baa,d3e70b8f-25aa-4aaa-884a-f3a17f400e27,1,,,,,,,,{},2025-11-04 18:04:56.535000,
3164571a-be2e-4448-8a3c-cd3f95cd2e6d,d3e70b8f-25aa-4aaa-884a-f3a17f400e27,1.5,,,,,,,,{},2025-11-04 18:04:56.535000,
83f2ac8c-5675-43b0-bccd-1a9dab2f9af6,d3e70b8f-25aa-4aaa-884a-f3a17f400e27,2,,,,,,,,{},2025-11-04 18:04:56.535000,
05d98510-d782-4b03-83cd-e339fda9a471,02cd6b13-353b-44f1-88dd-d9fdf922e9b1,1,,,,,,,,{},2025-11-04 18:04:56.535000,
ea4b2cfe-c06f-4c3f-837b-e45f3d1d6b5a,02cd6b13-353b-44f1-88dd-d9fdf922e9b1,1.5,,,,,,,,{},2025-11-04 18:04:56.535000,
20b46c4d-fdba-4daf-a110-60cf8a1f2116,02cd6b13-353b-44f1-88dd-d9fdf922e9b1,2,,,,,,,,{},2025-11-04 18:04:56.535000,
b132148f-9f01-49f0-a384-17b8dcf51fff,22d2c154-d32f-4b09-b59e-026c91b9e988,1,,,,,,,,{},2025-11-04 18:04:56.535000,
94a7c9d1-d2b3-45db-bd08-10b3969df990,22d2c154-d32f-4b09-b59e-026c91b9e988,1.5,,,,,,,,{},2025-11-04 18:04:56.535000,
c093e6ea-92d7-424c-a46b-f765284c4193,22d2c154-d32f-4b09-b59e-026c91b9e988,2,,,,,,,,{},2025-11-04 18:04:56.535000,
da5cf31e-c7c7-45b5-94df-98f237eddf5e,ba8e09c0-95ca-412f-b2ae-1fc885922e0c,1,,,,,,,,{},2025-11-04 18:04:56.535000,
21f9f7fc-a094-4510-8cf8-08c7c5e5998a,ba8e09c0-95ca-412f-b2ae-1fc885922e0c,1.5,,,,,,,,{},2025-11-04 18:04:56.535000,
cddc4bbc-ba40-43b8-b150-34788d7760b1,ba8e09c0-95ca-412f-b2ae-1fc885922e0c,2,,,,,,,,{},2025-11-04 18:04:56.535000,
0b7fe190-4548-4601-a7d6-ac76d40e4bde,259dd6bd-1f93-45d9-b4f3-aa77bb8534cf,1,,,,,,,,{},2025-11-04 18:04:56.535000,
00953446-ad10-4019-bd1f-7772ed9c3288,259dd6bd-1f93-45d9-b4f3-aa77bb8534cf,1.5,,,,,,,,{},2025-11-04 18:04:56.535000,
12ead91a-6b14-4d88-8ff0-350d09f9875b,259dd6bd-1f93-45d9-b4f3-aa77bb8534cf,2,,,,,,,,{},2025-11-04 18:04:56.535000,
01fb1bb7-b9f3-4e48-beb8-de48715ed18f,2215eaa0-8d3c-4f83-8957-920370ded49f,1,,,,,,,,{},2025-11-04 18:04:56.535000,
60c053a1-76a9-4705-955d-5cf71ee526af,2215eaa0-8d3c-4f83-8957-920370ded49f,1.5,,,,,,,,{},2025-11-04 18:04:56.535000,
7a5ff5cf-f318-4801-bf07-ffe4281875b8,2215eaa0-8d3c-4f83-8957-920370ded49f,2,,,,,,,,{},2025-11-04 18:04:56.535000,
5d1012d8-2bf5-4fd1-a7c8-c45c9050bb28,e11e2df4-c6c5-4b13-988f-8921d063031c,1,,,,,,,,{},2025-11-04 18:04:56.535000,
b6fd4e89-7473-419a-a302-3e381a41ea57,e11e2df4-c6c5-4b13-988f-8921d063031c,1.5,,,,,,,,{},2025-11-04 18:04:56.535000,
56315eca-8c99-4af0-8353-c7844557a99d,e11e2df4-c6c5-4b13-988f-8921d063031c,2,,,,,,,,{},2025-11-04 18:04:56.535000,
f4028649-2e86-433b-a71a-ce1c645eda09,c3152d31-b488-4725-89b0-a69f299bc35c,1,,,,,,,,{},2025-11-04 18:04:56.535000,
99fdddb3-6121-4a7d-9ae6-b670ba514094,c3152d31-b488-4725-89b0-a69f299bc35c,1.5,,,,,,,,{},2025-11-04 18:04:56.535000,
e27144dd-d35d-4dcf-bffa-be9123e47418,c3152d31-b488-4725-89b0-a69f299bc35c,2,,,,,,,,{},2025-11-04 18:04:56.535000,
4cd7ec19-f69e-4487-bd2d-14b46717799d,fb1bb866-7e83-4f30-b884-343343bf32aa,1,,,,,,,,{},2025-11-04 18:04:56.535000,
f609ea32-1d85-4704-91d9-d9268af54794,fb1bb866-7e83-4f30-b884-343343bf32aa,1.5,,,,,,,,{},2025-11-04 18:04:56.535000,
45ec3b49-8158-4dfb-a6f3-fea2a8155b99,fb1bb866-7e83-4f30-b884-343343bf32aa,2,,,,,,,,{},2025-11-04 18:04:56.535000,
284914c7-0288-450b-83c0-2edeb23dc078,a3787a84-591a-4a2f-bc02-2be4c7a16525,1,,,,,,,,{},2025-11-04 18:04:56.535000,
2ffa3a4c-bec8-4da9-a4c9-9669914330ed,a3787a84-591a-4a2f-bc02-2be4c7a16525,1.5,,,,,,,,{},2025-11-04 18:04:56.535000,
e1a15e32-c2d9-449f-8c67-062b4fc2b312,a3787a84-591a-4a2f-bc02-2be4c7a16525,2,,,,,,,,{},2025-11-04 18:04:56.535000,
cc7af992-3e78-498a-814e-60d8aaf33106,5d8ff55a-68e5-4797-a3db-bf84feb9b310,1,,,,,,,,{},2025-11-04 18:04:56.535000,
c1b133a1-b90a-43d3-8b31-18a479233dff,5d8ff55a-68e5-4797-a3db-bf84feb9b310,1.5,,,,,,,,{},2025-11-04 18:04:56.535000,
94cd2421-5929-4aaf-9423-cda42eb05d41,5d8ff55a-68e5-4797-a3db-bf84feb9b310,2,,,,,,,,{},2025-11-04 18:04:56.535000,
6069a88c-133b-4d1d-aa2f-4084bb7846c0,664eb6c7-e731-49df-b3d0-315ff50f52b1,1,,,,,,,,{},2025-11-04 18:04:56.535000,
8961f1c1-1a5b-4a85-969f-50b099397013,664eb6c7-e731-49df-b3d0-315ff50f52b1,1.5,,,,,,,,{},2025-11-04 18:04:56.535000,
3119adb4-4a13-4092-bc4a-18089fd793fd,664eb6c7-e731-49df-b3d0-315ff50f52b1,2,,,,,,,,{},2025-11-04 18:04:56.535000,
4fc499e9-feda-44ab-84c7-59033ea9c729,843fc86b-643c-4b45-8181-34f1d0448751,1,,,,,,,,{},2025-11-04 18:04:56.535000,
b5e3fbcb-0263-4478-ac0e-f4dac00aa54e,843fc86b-643c-4b45-8181-34f1d0448751,1.5,,,,,,,,{},2025-11-04 18:04:56.535000,
ef545274-c158-493c-985c-872cbb8aeae2,843fc86b-643c-4b45-8181-34f1d0448751,2,,,,,,,,{},2025-11-04 18:04:56.535000,
e3887042-11e6-4f36-8337-bfca0b3087f1,ea500c64-0387-46db-8cc3-f4a0c12a6ffe,1,,,,,,,,{},2025-11-04 18:04:56.535000,
2924f947-52b4-4314-9c8d-65b71e87b277,ea500c64-0387-46db-8cc3-f4a0c12a6ffe,1.5,,,,,,,,{},2025-11-04 18:04:56.535000,
a7ed1e73-47e6-4632-9428-48283e8553dd,ea500c64-0387-46db-8cc3-f4a0c12a6ffe,2,,,,,,,,{},2025-11-04 18:04:56.535000,
7ad020c3-fe9a-4fa4-a051-fed666710f50,9b931908-6f38-45d1-9b34-a77cddf9486e,1,,,,,,,,{},2025-11-04 18:04:56.535000,
00b7c38e-e090-44d2-9734-c55e85003164,9b931908-6f38-45d1-9b34-a77cddf9486e,1.5,,,,,,,,{},2025-11-04 18:04:56.535000,
2538d6e9-f8f9-49db-a21a-9511fd502f4f,9b931908-6f38-45d1-9b34-a77cddf9486e,2,,,,,,,,{},2025-11-04 18:04:56.535000,
fbb3294c-383a-4064-9dd1-11e98ef34e2c,3602f9f9-78dc-450b-81cd-4ac7ee112ac8,1,,,,,,,,{},2025-11-04 18:04:56.535000,
43bae990-94f9-498f-8189-15f0feb81a0e,3602f9f9-78dc-450b-81cd-4ac7ee112ac8,1.5,,,,,,,,{},2025-11-04 18:04:56.535000,
ac145f51-7c21-4915-9334-10ad2a972697,3602f9f9-78dc-450b-81cd-4ac7ee112ac8,2,,,,,,,,{},2025-11-04 18:04:56.535000,
95e76084-1292-4759-933a-4581f75864c0,fbce99f9-2d88-4794-a588-046743ad81b2,1,,,,,,,,{},2025-11-04 18:04:56.535000,
548a5efa-009c-4f29-b557-e74252197ea1,fbce99f9-2d88-4794-a588-046743ad81b2,1.5,,,,,,,,{},2025-11-04 18:04:56.535000,
d49bd2f2-1cae-429a-b145-87800e57cd22,fbce99f9-2d88-4794-a588-046743ad81b2,2,,,,,,,,{},2025-11-04 18:04:56.535000,
4b359ea9-f023-4aaa-ba58-bc2b6db43959,d3f42f1d-1a4c-4ae2-ba66-41a8d3f1d4f1,1,,,,,,,,{},2025-11-04 18:04:56.535000,
447643e9-d670-4e4d-bf7b-da4776812fb8,d3f42f1d-1a4c-4ae2-ba66-41a8d3f1d4f1,1.5,,,,,,,,{},2025-11-04 18:04:56.535000,
78a11025-ee0d-4bbd-80ee-003ef9081e39,d3f42f1d-1a4c-4ae2-ba66-41a8d3f1d4f1,2,,,,,,,,{},2025-11-04 18:04:56.535000,
68869cca-1db2-431e-a497-8d1d460ad5d1,41ac42ac-d481-401c-854f-cea3a0b0cfa6,1,,,,,,,,{},2025-11-04 18:04:56.535000,
b3249277-391a-4a07-91e9-f714678ea067,41ac42ac-d481-401c-854f-cea3a0b0cfa6,1.5,,,,,,,,{},2025-11-04 18:04:56.535000,
41030a17-0451-4f40-ab64-a4ac6a885479,41ac42ac-d481-401c-854f-cea3a0b0cfa6,2,,,,,,,,{},2025-11-04 18:04:56.535000,
cf66d452-0764-476c-999b-6967216bf921,63e3d309-5859-4f9d-a592-cf069fa1652f,1,,,,,,,,{},2025-11-04 18:04:56.535000,
7f32188d-3a56-4f5c-865c-1ba32c1ad247,63e3d309-5859-4f9d-a592-cf069fa1652f,1.5,,,,,,,,{},2025-11-04 18:04:56.535000,
1dbfc35a-9c51-464b-9f9d-b0f1aa5c56bd,63e3d309-5859-4f9d-a592-cf069fa1652f,2,,,,,,,,{},2025-11-04 18:04:56.535000,
cab4f22b-b5d6-49b5-9269-50f92061167f,8459aa9c-968e-4f4c-bec3-90f956de0328,1,,,,,,,,{},2025-11-04 18:04:56.535000,
0c145011-2e7c-4c50-a995-91d9d3169920,8459aa9c-968e-4f4c-bec3-90f956de0328,1.5,,,,,,,,{},2025-11-04 18:04:56.535000,
e92d65e9-b3c0-4731-baf9-38378a2bc009,8459aa9c-968e-4f4c-bec3-90f956de0328,2,,,,,,,,{},2025-11-04 18:04:56.535000,
d88fa4a6-2a22-4c8e-bf7b-5cd2d539e9e5,04f2e7fe-3fa8-4faf-a3bd-9b5a350ec147,1,,,,,,,,{},2025-11-04 18:04:56.535000,
5c921b93-b1b3-4fe5-b6c8-87920f9958a3,04f2e7fe-3fa8-4faf-a3bd-9b5a350ec147,1.5,,,,,,,,{},2025-11-04 18:04:56.535000,
e66cc926-c9d4-4be5-9f22-f1348115fba5,04f2e7fe-3fa8-4faf-a3bd-9b5a350ec147,2,,,,,,,,{},2025-11-04 18:04:56.535000,
f0a30a10-f76c-4b6a-929c-8a8f53618132,05625c25-8a7c-4577-bedc-189f5cffd545,1,,,,,,,,{},2025-11-04 18:04:56.535000,
91ff2427-c56c-4c6a-acfc-04c92e8d62b9,05625c25-8a7c-4577-bedc-189f5cffd545,1.5,,,,,,,,{},2025-11-04 18:04:56.535000,
fb4c83d6-e4a4-4d55-89fd-5f226af93c21,05625c25-8a7c-4577-bedc-189f5cffd545,2,,,,,,,,{},2025-11-04 18:04:56.535000,
52387465-4a0c-4a58-a963-edfa363231e0,158165df-7727-4d78-891e-de8f79f62809,1,,,,,,,,{},2025-11-04 18:04:56.535000,
ca7be5b1-4c54-475c-8119-3079f90328ac,158165df-7727-4d78-891e-de8f79f62809,1.5,,,,,,,,{},2025-11-04 18:04:56.535000,
321a7637-4a4d-4bce-8a27-024d458e5911,158165df-7727-4d78-891e-de8f79f62809,2,,,,,,,,{},2025-11-04 18:04:56.535000,
b5bdf507-065b-4b9b-a5ed-65cefaade86e,d25f0623-a6b0-474a-9643-bef3b2ddffd0,1,,,,,,,,{},2025-11-04 18:04:56.535000,
ae6fec91-553a-4e08-b697-0f8378318dc5,d25f0623-a6b0-474a-9643-bef3b2ddffd0,1.5,,,,,,,,{},2025-11-04 18:04:56.535000,
7fc62aa6-190e-49ab-b842-57cfcc151b0c,d25f0623-a6b0-474a-9643-bef3b2ddffd0,2,,,,,,,,{},2025-11-04 18:04:56.535000,
70d98ff3-0bb5-4079-9e30-a6d84ef676e7,92ecc45f-dab4-48a0-a914-e668b530c156,1,,,,,,,,{},2025-11-04 18:04:56.535000,
2ea01da5-51fb-441b-b141-5913debe69bb,92ecc45f-dab4-48a0-a914-e668b530c156,1.5,,,,,,,,{},2025-11-04 18:04:56.535000,
be8effe6-25fc-4fea-8689-b42e33419545,92ecc45f-dab4-48a0-a914-e668b530c156,2,,,,,,,,{},2025-11-04 18:04:56.535000,
6658544a-e493-4961-844e-1207a70e9ec1,6f1ec57b-5d21-472c-9453-f95aca402df8,1,,,,,,,,{},2025-11-04 18:04:56.535000,
7a6e30e3-4eff-4641-a49c-3a5cedae3351,6f1ec57b-5d21-472c-9453-f95aca402df8,1.5,,,,,,,,{},2025-11-04 18:04:56.535000,
04170479-440a-48d2-a60f-46e7914c4e2a,6f1ec57b-5d21-472c-9453-f95aca402df8,2,,,,,,,,{},2025-11-04 18:04:56.535000,
b1dfb58e-6eaf-4e58-89b8-ce9d20be513e,0759e811-1c93-44ca-b781-8c0b7aa8daa7,1,,,,,,,,{},2025-11-04 18:04:56.535000,
5cfdae8c-beee-4173-a271-d08223d36387,0759e811-1c93-44ca-b781-8c0b7aa8daa7,1.5,,,,,,,,{},2025-11-04 18:04:56.535000,
744b692b-97e9-4021-ab34-c08838e972d0,0759e811-1c93-44ca-b781-8c0b7aa8daa7,2,,,,,,,,{},2025-11-04 18:04:56.535000,
d9d5352a-08ba-41c5-a1c6-e582581cc92a,6f1ec57b-5d21-472c-9453-f95aca402df8,1,,,,,,,,{},2025-11-04 18:04:56.535000,
dea3e964-d98a-40a0-9a36-7ee30425f1c8,6f1ec57b-5d21-472c-9453-f95aca402df8,1.5,,,,,,,,{},2025-11-04 18:04:56.535000,
01eec494-257b-415a-977a-9cd90f45489d,6f1ec57b-5d21-472c-9453-f95aca402df8,2,,,,,,,,{},2025-11-04 18:04:56.535000,
997c25d1-18ae-4746-a49a-c78dcb44f3b0,6ae1cb8d-6fda-439a-a2cf-47e16e4689df,1,,,,,,,,{},2025-11-04 18:04:56.535000,
9687d384-4884-405e-8773-7bf82d8e7acd,6ae1cb8d-6fda-439a-a2cf-47e16e4689df,1.5,,,,,,,,{},2025-11-04 18:04:56.535000,
4c5caf36-7f94-4a4c-afc4-13bb6f19d6c8,6ae1cb8d-6fda-439a-a2cf-47e16e4689df,2,,,,,,,,{},2025-11-04 18:04:56.535000,
f5a33c99-5154-40cc-9b94-51eebe49a783,974d4b8c-7750-4293-a8c1-b74125f94270,1,,,,,,,,{},2025-11-04 18:04:56.535000,
d6953fd1-ce5d-4523-9f24-25e4cc4d58cb,974d4b8c-7750-4293-a8c1-b74125f94270,1.5,,,,,,,,{},2025-11-04 18:04:56.535000,
02c343f3-fb0d-4666-b92d-921c97fab103,974d4b8c-7750-4293-a8c1-b74125f94270,2,,,,,,,,{},2025-11-04 18:04:56.535000,
507ce828-150f-4632-9ac8-deb1cec8ab96,5b8fc704-d068-4df1-b00e-b42e6480aa07,1,,,,,,,,{},2025-11-04 18:04:56.535000,
ae1e218b-dfcb-4507-892a-588f0846f8a8,5b8fc704-d068-4df1-b00e-b42e6480aa07,1.5,,,,,,,,{},2025-11-04 18:04:56.535000,
686b5b3e-9053-4a0f-ae14-14a3c7dcc432,5b8fc704-d068-4df1-b00e-b42e6480aa07,2,,,,,,,,{},2025-11-04 18:04:56.535000,
cdb910d6-9542-4a82-887f-4796da450fd6,dbfe7c77-abb6-4247-bd51-fb0665517122,1.5,,,,,,,,{},2025-11-04 18:04:56.535000,
2c3470d6-9ab4-49cf-8b6b-b5549d38dabd,dbfe7c77-abb6-4247-bd51-fb0665517122,2,,,,,,,,{},2025-11-04 18:04:56.535000,
5d372163-8f12-426c-93db-6a0dbe0820f2,7c76b8dd-4d86-4713-9211-7807489c8592,1,,,,,,,,{},2025-11-04 18:04:56.535000,
33df2bf0-93c7-401f-935b-83e823b10661,7c76b8dd-4d86-4713-9211-7807489c8592,1.5,,,,,,,,{},2025-11-04 18:04:56.535000,
20a74e8d-aff4-4503-bd90-2a692111e653,7c76b8dd-4d86-4713-9211-7807489c8592,2,,,,,,,,{},2025-11-04 18:04:56.535000,
694b8e7e-e4bc-4057-af5a-1a8c1905ab83,0106399f-75e9-4d3c-8c8b-9c6786c999b4,1,,,,,,,,{},2025-11-04 18:04:56.535000,
52800b0d-ff6e-41d5-8497-0094ade33984,0106399f-75e9-4d3c-8c8b-9c6786c999b4,1.5,,,,,,,,{},2025-11-04 18:04:56.535000,
2b04c9a5-3d6b-44c6-a232-fe93ee1edf91,0106399f-75e9-4d3c-8c8b-9c6786c999b4,2,,,,,,,,{},2025-11-04 18:04:56.535000,
9c125cc7-7b7c-4b05-91b9-2f7f8854f665,7ddf9393-f2c2-4a63-91a6-b3cc9ca2e5b1,1,,,,,,,,{},2025-11-04 18:04:56.535000,
2910aa75-fddd-4d33-b360-5ab053ac200c,7ddf9393-f2c2-4a63-91a6-b3cc9ca2e5b1,1.5,,,,,,,,{},2025-11-04 18:04:56.535000,
f298c5db-ca78-446a-a990-4e48baa8b8ea,7ddf9393-f2c2-4a63-91a6-b3cc9ca2e5b1,2,,,,,,,,{},2025-11-04 18:04:56.535000,
61587c22-537a-4753-9a2e-1cefb8dbe92c,2e56d16f-dc88-4094-96f3-9398df4e1266,1,,,,,,,,{},2025-11-04 18:04:56.535000,
602757d5-2541-4645-ad97-5a3f33745300,2e56d16f-dc88-4094-96f3-9398df4e1266,1.5,,,,,,,,{},2025-11-04 18:04:56.535000,
b168844f-e873-4f56-9369-908d3730f1e9,2e56d16f-dc88-4094-96f3-9398df4e1266,2,,,,,,,,{},2025-11-04 18:04:56.535000,
a1d31db3-99d0-4f70-8a3c-fd031334507c,404bcb2c-fc87-47a6-90e8-518a97195bdf,1,,,,,,,,{},2025-11-04 18:04:56.535000,
7bf7b3ec-e839-429a-8562-e17880625a42,404bcb2c-fc87-47a6-90e8-518a97195bdf,1.5,,,,,,,,{},2025-11-04 18:04:56.535000,
39e51da7-2e42-47b0-987f-4f55615f2145,404bcb2c-fc87-47a6-90e8-518a97195bdf,2,,,,,,,,{},2025-11-04 18:04:56.535000,
6738ceee-0ce0-4ed3-81fb-c65b4cf8d1c7,bdd7990c-f05e-404e-b991-8d6784b917a0,1,,,,,,,,{},2025-11-04 18:04:56.535000,
68c79f2f-0868-4857-a369-ddfa5ea4fee1,bdd7990c-f05e-404e-b991-8d6784b917a0,1.5,,,,,,,,{},2025-11-04 18:04:56.535000,
4016c40c-f687-4eb0-b736-583ff13c33db,bdd7990c-f05e-404e-b991-8d6784b917a0,2,,,,,,,,{},2025-11-04 18:04:56.535000,
f840f779-1678-4065-8049-fa6d65e6b6de,22d10f9f-9649-4f83-802d-b6bf593a59dc,1,,,,,,,,{},2025-11-04 18:04:56.535000,
2b5a8e0a-3601-4c1f-b7b0-8a8687dc0ec2,22d10f9f-9649-4f83-802d-b6bf593a59dc,1.5,,,,,,,,{},2025-11-04 18:04:56.535000,
a5d71e7b-5200-4ba4-b59a-9518d2dec749,22d10f9f-9649-4f83-802d-b6bf593a59dc,2,,,,,,,,{},2025-11-04 18:04:56.535000,
83dcb0a1-1cb4-4e2c-80e3-86ff7a3a4623,7ca65533-c5c0-4765-9b73-8d58d74b140b,1,,,,,,,,{},2025-11-04 18:04:56.535000,
59f63d04-7143-44f3-b802-8cf035cc0d62,7ca65533-c5c0-4765-9b73-8d58d74b140b,1.5,,,,,,,,{},2025-11-04 18:04:56.535000,
7bff7523-8afd-435a-a963-31ec2c70a92c,7ca65533-c5c0-4765-9b73-8d58d74b140b,2,,,,,,,,{},2025-11-04 18:04:56.535000,
3fef5e72-e2d8-435f-b371-0ba939a23f2c,94f91921-43b0-4f39-9c00-39c4a88a8877,1,,,,,,,,{},2025-11-04 18:04:56.535000,
c5cfa9dd-e8de-424d-acb2-8c214d54660f,94f91921-43b0-4f39-9c00-39c4a88a8877,1.5,,,,,,,,{},2025-11-04 18:04:56.535000,
9320cee4-6dd9-4379-ae14-208d2f749224,94f91921-43b0-4f39-9c00-39c4a88a8877,2,,,,,,,,{},2025-11-04 18:04:56.535000,
850b9c13-7df4-4bed-8ab8-b56a9afc3d2a,d94e5e14-8314-402e-976c-2a7915081a65,1,,,,,,,,{},2025-11-04 18:04:56.535000,
17cebbfa-ae43-408f-9ff0-9662e3c8da8f,d94e5e14-8314-402e-976c-2a7915081a65,1.5,,,,,,,,{},2025-11-04 18:04:56.535000,
123dedb9-70fb-41ec-84ae-d4d0b8c9306b,d94e5e14-8314-402e-976c-2a7915081a65,2,,,,,,,,{},2025-11-04 18:04:56.535000,
73760520-19f7-4ef6-9534-fec365c6c693,5d067029-b13c-4a75-ba8f-a220fef26432,1,,,,,,,,{},2025-11-04 18:04:56.535000,
6367866e-be09-4d52-a29c-4aef92afdeea,5d067029-b13c-4a75-ba8f-a220fef26432,1.5,,,,,,,,{},2025-11-04 18:04:56.535000,
ef5760fa-1ac7-4add-96eb-15c1cb44c2d2,5d067029-b13c-4a75-ba8f-a220fef26432,2,,,,,,,,{},2025-11-04 18:04:56.535000,
8cc9801f-f838-4fa5-a636-03498407302d,da64c172-68a0-4d40-8016-d11672863e68,1,,,,,,,,{},2025-11-04 18:04:56.535000,
0ec5da9d-992c-463c-b4cf-f4b78ca86bc9,da64c172-68a0-4d40-8016-d11672863e68,1.5,,,,,,,,{},2025-11-04 18:04:56.535000,
89196656-6f88-49e5-b6a2-903fd4fcacf4,da64c172-68a0-4d40-8016-d11672863e68,2,,,,,,,,{},2025-11-04 18:04:56.535000,
623d56d0-c88c-4147-8add-a496928b09c1,f68381aa-66f2-47bd-b0e6-105b5bd7f035,1,,,,,,,,{},2025-11-04 18:04:56.535000,
523d0217-392d-404e-8b69-a397c8521765,f68381aa-66f2-47bd-b0e6-105b5bd7f035,1.5,,,,,,,,{},2025-11-04 18:04:56.535000,
b75c8e51-e0cf-4fa7-a14d-585019eafccf,f68381aa-66f2-47bd-b0e6-105b5bd7f035,2,,,,,,,,{},2025-11-04 18:04:56.535000,
4b20720d-163a-4697-befa-47951f2b89db,48e77b2e-57f6-4f75-af40-569025868be7,1,,,,,,,,{},2025-11-04 18:04:56.535000,
fb683870-cac6-47c5-ab34-9cb29dd5068a,48e77b2e-57f6-4f75-af40-569025868be7,1.5,,,,,,,,{},2025-11-04 18:04:56.535000,
ce2e144c-326d-404f-87c0-b98e0b722e0b,48e77b2e-57f6-4f75-af40-569025868be7,2,,,,,,,,{},2025-11-04 18:04:56.535000,
a0674f13-eca2-4a26-a75c-de699b90caeb,9b640b33-6734-4160-b138-3dbba05ebd42,1,,,,,,,,{},2025-11-04 18:04:56.535000,
27dbee06-65f2-4600-991e-09471a377c0c,9b640b33-6734-4160-b138-3dbba05ebd42,1.5,,,,,,,,{},2025-11-04 18:04:56.535000,
e2fd84b3-dc80-43a9-a17f-9df85c46ac49,9b640b33-6734-4160-b138-3dbba05ebd42,2,,,,,,,,{},2025-11-04 18:04:56.535000,
0f166bbb-f40a-4a91-b328-706332955ba8,37925da3-fc56-40d7-8554-d24b588c51c4,1,,,,,,,,{},2025-11-04 18:04:56.535000,
00e03085-8e63-4928-afda-7f64b95d8773,37925da3-fc56-40d7-8554-d24b588c51c4,1.5,,,,,,,,{},2025-11-04 18:04:56.535000,
d3d0b269-855f-45b2-9ac2-4c7883e1fc78,37925da3-fc56-40d7-8554-d24b588c51c4,2,,,,,,,,{},2025-11-04 18:04:56.535000,
8ad4e5c2-a602-4418-bb5b-a39885bfa670,31345a63-9da7-423c-9c2b-1348e0606a7b,1,,,,,,,,{},2025-11-04 18:04:56.535000,
60695abf-4979-44df-a8b2-b034fdcbbb30,31345a63-9da7-423c-9c2b-1348e0606a7b,1.5,,,,,,,,{},2025-11-04 18:04:56.535000,
02694dbc-9b8c-44c8-93c5-8a89ed0a7ad7,31345a63-9da7-423c-9c2b-1348e0606a7b,2,,,,,,,,{},2025-11-04 18:04:56.535000,
44cc4a58-8fc9-4ab5-8462-f1850d19668a,f07f4613-748c-4896-84f0-eb7456311131,1,,,,,,,,{},2025-11-04 18:04:56.535000,
e0ee3e6b-8b9e-4f69-b5d9-fda9dafd75df,f07f4613-748c-4896-84f0-eb7456311131,1.5,,,,,,,,{},2025-11-04 18:04:56.535000,
3eddcf89-7dc9-4c79-a1a6-28adda38335f,f07f4613-748c-4896-84f0-eb7456311131,2,,,,,,,,{},2025-11-04 18:04:56.535000,
50efed3e-e0fb-46fa-91c2-66e3d0b70e74,428e3142-2ab4-4eec-be6b-3da56fd91bad,1,,,,,,,,{},2025-11-04 18:04:56.535000,
a75d0758-d3a7-4016-ac7f-5a6fecf55d61,428e3142-2ab4-4eec-be6b-3da56fd91bad,1.5,,,,,,,,{},2025-11-04 18:04:56.535000,
263ea981-7474-4281-940b-49ad31fbc6a4,428e3142-2ab4-4eec-be6b-3da56fd91bad,2,,,,,,,,{},2025-11-04 18:04:56.535000,
baafe72a-c077-4fbd-bdd5-07136941849e,d1449b65-d311-4cf4-8148-dfe5337875c0,1,,,,,,,,{},2025-11-04 18:04:56.535000,
eb8aad2b-b56b-41d2-ac7f-3f6792790b26,d1449b65-d311-4cf4-8148-dfe5337875c0,1.5,,,,,,,,{},2025-11-04 18:04:56.535000,
0b69b52b-62a2-49b8-9c30-01826e8e0793,d1449b65-d311-4cf4-8148-dfe5337875c0,2,,,,,,,,{},2025-11-04 18:04:56.535000,
1dfb0591-d1c9-4b18-b476-cae5fdaa6e94,3720be87-6417-4481-a096-8cb4a1a3278a,1,,,,,,,,{},2025-11-04 18:04:56.535000,
4a185a14-5aeb-4097-93ca-703d04caae72,3720be87-6417-4481-a096-8cb4a1a3278a,1.5,,,,,,,,{},2025-11-04 18:04:56.535000,
4cc4ef12-a578-4328-8c6e-d16061f674dc,3720be87-6417-4481-a096-8cb4a1a3278a,2,,,,,,,,{},2025-11-04 18:04:56.535000,
f450ca11-1fed-454a-b6d7-b3b15c3ef715,dfdbf087-fdc4-44ed-9b7c-27f3c6837fe5,1,,,,,,,,{},2025-11-04 18:04:56.535000,
93769abe-89ab-4edd-9fe8-ca605e986fc2,dfdbf087-fdc4-44ed-9b7c-27f3c6837fe5,1.5,,,,,,,,{},2025-11-04 18:04:56.535000,
96e6618f-337e-4f3e-bb6e-6b4ecbb6fc2c,dfdbf087-fdc4-44ed-9b7c-27f3c6837fe5,2,,,,,,,,{},2025-11-04 18:04:56.535000,
637a644e-a749-4a90-9208-0bb3fbe43bbd,46718668-504c-4ee3-8e01-ad3f08665833,1,,,,,,,,{},2025-11-04 18:04:56.535000,
0fb9568e-0b63-421a-814c-5060f4b0075f,46718668-504c-4ee3-8e01-ad3f08665833,1.5,,,,,,,,{},2025-11-04 18:04:56.535000,
39199f68-83c3-4dcb-a112-b08590f93450,46718668-504c-4ee3-8e01-ad3f08665833,2,,,,,,,,{},2025-11-04 18:04:56.535000,
36fc2133-4ec2-4ba1-a736-b2ce14ddb203,1e87c4a9-fc48-472a-8ee0-54e900c65b81,1,,,,,,,,{},2025-11-04 18:04:56.535000,
5e5fc394-4efa-4cea-b430-308ece73af60,1e87c4a9-fc48-472a-8ee0-54e900c65b81,1.5,,,,,,,,{},2025-11-04 18:04:56.535000,
ebf2fd7b-0aa2-47d9-86db-3a86f2a655b9,1e87c4a9-fc48-472a-8ee0-54e900c65b81,2,,,,,,,,{},2025-11-04 18:04:56.535000,
6858548a-c491-4753-8873-61746c180d37,9c7eab9d-54a0-46a1-a2d7-a96210248209,1,,,,,,,,{},2025-11-04 18:04:56.535000,
5fbb6320-63e3-4894-91ab-475a03273536,9c7eab9d-54a0-46a1-a2d7-a96210248209,1.5,,,,,,,,{},2025-11-04 18:04:56.535000,
d6364e2c-b30b-47f5-a3aa-574e4ab0d7ac,9c7eab9d-54a0-46a1-a2d7-a96210248209,2,,,,,,,,{},2025-11-04 18:04:56.535000,
467205a3-d2e4-4b3c-82ed-f9f445cfb8e0,f0b8f8b8-d405-4d9a-b44d-4434dd996b26,1,,,,,,,,{},2025-11-04 18:36:12.098000,
57e70174-c7db-46e3-a4fa-610d83e8d8c6,f0b8f8b8-d405-4d9a-b44d-4434dd996b26,1.5,,,,,,,,{},2025-11-04 18:36:12.098000,
72156dad-ad95-4fd0-810c-8825183bdedf,f0b8f8b8-d405-4d9a-b44d-4434dd996b26,2,,,,,,,,{},2025-11-04 18:36:12.098000,
e59f0464-7cf1-4b2b-9aab-e3f5c6eb5f8f,871289be-f1ae-4fc7-8452-b30793210fc6,1,,,,,,,,{},2025-11-04 18:36:12.098000,
18f4c580-f718-460f-81a7-f249fe02feb4,871289be-f1ae-4fc7-8452-b30793210fc6,1.5,,,,,,,,{},2025-11-04 18:36:12.098000,
e8fb1f2b-7ab0-49be-8fb8-f835af558397,871289be-f1ae-4fc7-8452-b30793210fc6,2,,,,,,,,{},2025-11-04 18:36:12.098000,
64fe998c-a46a-4ed8-9620-d980534a9d3e,5562b176-5c03-4d00-9c0f-65dc53f18b2f,1,,,,,,,,{},2025-11-04 18:36:12.098000,
0f22da9c-de3e-4669-bc88-56ed627abc54,5562b176-5c03-4d00-9c0f-65dc53f18b2f,1.5,,,,,,,,{},2025-11-04 18:36:12.098000,
883f9801-dadb-410b-b34f-e05224e7c277,5562b176-5c03-4d00-9c0f-65dc53f18b2f,2,,,,,,,,{},2025-11-04 18:36:12.098000,
88cb4784-7af2-4545-b386-8f70daa6f536,195a79da-fdfe-4d96-a620-be995c8d353d,1,,,,,,,,{},2025-11-04 18:36:12.098000,
1c91f8f7-594e-4bf5-abef-4fb05837860e,195a79da-fdfe-4d96-a620-be995c8d353d,1.5,,,,,,,,{},2025-11-04 18:36:12.098000,
d243e510-a365-4dd4-99c6-2710fbec3915,195a79da-fdfe-4d96-a620-be995c8d353d,2,,,,,,,,{},2025-11-04 18:36:12.098000,
9bb4ce00-1c80-4e3c-a281-b5180af7c98a,7ec779c0-6440-4fcb-a298-f1e5d68ff76f,1,,,,,,,,{},2025-11-04 18:36:12.098000,
88bd731a-48d0-4084-851b-07fc14a2864a,7ec779c0-6440-4fcb-a298-f1e5d68ff76f,1.5,,,,,,,,{},2025-11-04 18:36:12.098000,
18a77155-13a2-47d5-854c-b161befcc884,7ec779c0-6440-4fcb-a298-f1e5d68ff76f,2,,,,,,,,{},2025-11-04 18:36:12.098000,
3a2bead3-09fd-4d01-815b-066bf1661e61,1ac1d921-7adc-4c2c-84ee-40a4d70fece9,1,,,,,,,,{},2025-11-04 18:36:12.098000,
210ab5b4-2a64-4f54-a713-2708f198a3b1,1ac1d921-7adc-4c2c-84ee-40a4d70fece9,1.5,,,,,,,,{},2025-11-04 18:36:12.098000,
5f5bad0f-2e39-4ca3-8e0e-860d35c09b11,1ac1d921-7adc-4c2c-84ee-40a4d70fece9,2,,,,,,,,{},2025-11-04 18:36:12.098000,
c722f5f1-73a6-49a9-aa57-b0881d55f20c,f787de65-192b-457d-b457-5b7bc7d7d855,1,,,,,,,,{},2025-11-04 18:36:12.098000,
c7f586d6-7309-4178-8c4c-69fdc0813794,f787de65-192b-457d-b457-5b7bc7d7d855,1.5,,,,,,,,{},2025-11-04 18:36:12.098000,
a443b470-77c5-4182-8174-dc492f2f8a4f,f787de65-192b-457d-b457-5b7bc7d7d855,2,,,,,,,,{},2025-11-04 18:36:12.098000,
ee3f81f5-2301-4f7a-a9f7-3b097d6d1b44,639741e0-ee65-4010-9216-883af8a9d2a1,1,,,,,,,,{},2025-11-04 18:36:12.098000,
a59aee78-07df-47b4-a918-69e3324eecd2,639741e0-ee65-4010-9216-883af8a9d2a1,1.5,,,,,,,,{},2025-11-04 18:36:12.098000,
ca893176-d578-476b-b9c4-04b657f5fa0b,639741e0-ee65-4010-9216-883af8a9d2a1,2,,,,,,,,{},2025-11-04 18:36:12.098000,
64456d70-002d-44ee-876a-e203be252dc8,f70bbfc3-bfed-4e77-8fd3-92c3f340be1b,1,,,,,,,,{},2025-11-04 18:36:12.098000,
7235ea22-fb9f-4f40-9255-3f8bb795b235,f70bbfc3-bfed-4e77-8fd3-92c3f340be1b,1.5,,,,,,,,{},2025-11-04 18:36:12.098000,
a252c965-3fa3-40e2-902e-4e37dfaafd3b,aac0f38a-9e0c-4d6a-a399-6dab9a26d042,1,,,,,,,,{},2025-11-04 18:36:12.098000,
43857cae-e578-4354-924a-9bb4e6e74f9b,aac0f38a-9e0c-4d6a-a399-6dab9a26d042,1.5,,,,,,,,{},2025-11-04 18:36:12.098000,
b5d3ee35-28ab-4979-9c76-b7be61c947ed,aac0f38a-9e0c-4d6a-a399-6dab9a26d042,2,,,,,,,,{},2025-11-04 18:36:12.098000,
590fe978-af4a-4386-be98-46c5b23ea9c4,6ead1feb-cdc1-4474-903e-416ca8aac63a,1,,,,,,,,{},2025-11-04 18:36:12.098000,
cf885d28-aac1-4f3d-b4a0-294351aa987b,6ead1feb-cdc1-4474-903e-416ca8aac63a,1.5,,,,,,,,{},2025-11-04 18:36:12.098000,
0167b213-c170-4529-ae51-8bf04f52a9f7,6ead1feb-cdc1-4474-903e-416ca8aac63a,2,,,,,,,,{},2025-11-04 18:36:12.098000,
567e9801-713b-40c8-9d88-24b131beb459,63235fd5-53c3-4152-b41f-ffbaacf7290c,1,,,,,,,,{},2025-11-04 18:36:12.098000,
f216f20c-eeed-4140-87b4-f7c9894e3ccd,63235fd5-53c3-4152-b41f-ffbaacf7290c,1.5,,,,,,,,{},2025-11-04 18:36:12.098000,
fec1825e-36dc-4b94-9df1-3b8043408243,63235fd5-53c3-4152-b41f-ffbaacf7290c,2,,,,,,,,{},2025-11-04 18:36:12.098000,
afa0a1d1-c14e-4cf1-a4fa-b0d97c020a5b,f1949301-b147-4f1c-a4b2-d31444a97db0,1,,,,,,,,{},2025-11-04 18:36:12.098000,
f6ad2424-9181-45ad-9e97-8ff998ebf183,f1949301-b147-4f1c-a4b2-d31444a97db0,1.5,,,,,,,,{},2025-11-04 18:36:12.098000,
ba742922-350e-43d5-bc3c-44b996f9d04a,001a059d-4f54-4e62-93c7-324a362bb047,1,,,,,,,,{},2025-11-04 18:36:12.098000,
b7a9afbf-cdc3-4618-ada7-c0ca5a5ba8a5,001a059d-4f54-4e62-93c7-324a362bb047,1.5,,,,,,,,{},2025-11-04 18:36:12.098000,
c5d6ac01-b01d-48fd-8589-37847e26efb9,16ca5541-014a-46ea-b421-fe4dbaed5010,1,,,,,,,,{},2025-11-04 18:36:12.098000,
3d8774bc-bd24-42c8-b422-7083f58f0e05,16ca5541-014a-46ea-b421-fe4dbaed5010,1.5,,,,,,,,{},2025-11-04 18:36:12.098000,
2a60001c-ca23-46af-ab7f-bb50e12dd7dc,5f8736ac-fbb2-4174-bda2-cc529d464a76,1,,,,,,,,{},2025-11-04 18:36:12.098000,
14225687-3f1d-43ab-9eee-9186f3bbbc8b,5f8736ac-fbb2-4174-bda2-cc529d464a76,1.5,,,,,,,,{},2025-11-04 18:36:12.098000,
11247b00-a4be-41dc-9396-1eba995523cf,159f2ce7-378d-458a-b676-8d74f4e2899b,1,,,,,,,,{},2025-11-04 18:36:12.098000,
e0a47b25-88ca-4d9d-a38e-c0d583c7d873,159f2ce7-378d-458a-b676-8d74f4e2899b,1.5,,,,,,,,{},2025-11-04 18:36:12.098000,
72fe7382-50f9-4e20-9458-28e4d80b744a,c76d6938-3bb5-44e8-aeef-cb07af0e643a,1,,,,,,,,{},2025-11-04 18:36:12.098000,
fb4ba02c-45aa-4d7f-9cdd-a00d8e85e0e5,c76d6938-3bb5-44e8-aeef-cb07af0e643a,1.5,,,,,,,,{},2025-11-04 18:36:12.098000,
1cbc3daf-27e0-45b7-b32d-29fbd3398a39,d4e106b0-be3f-4fe8-800b-9ebdcebe9d02,1,,,,,,,,{},2025-11-04 18:36:12.098000,
a37be5a2-a855-4f2c-ae09-76ffa8d65a07,d4e106b0-be3f-4fe8-800b-9ebdcebe9d02,1.5,,,,,,,,{},2025-11-04 18:36:12.098000,
22c8ad8d-3542-47a8-a0c1-b7ce5d8f4c5a,73adb044-d13d-4d4f-ab67-8f01e0e23ee2,1,,,,,,,,{},2025-11-04 18:36:12.098000,
361d7da8-6895-4293-a3d2-46486e972cf3,73adb044-d13d-4d4f-ab67-8f01e0e23ee2,1.5,,,,,,,,{},2025-11-04 18:36:12.098000,
4a23c9c2-6f03-45fa-93ca-1ff4e357f567,d687c11b-cca1-4e9f-a963-df713406f72f,1,,,,,,,,{},2025-11-04 18:36:12.098000,
058d2ca8-d6be-4e4c-b07a-bb7e5f671e3c,d687c11b-cca1-4e9f-a963-df713406f72f,1.5,,,,,,,,{},2025-11-04 18:36:12.098000,
c579a93c-6310-44a3-8c5d-0d98240bdfb7,be1f6cb4-d758-490d-90d2-a6474ace032b,1,,,,,,,,{},2025-11-04 18:36:12.098000,
280ce4f3-2feb-4fd9-ae35-3d16896b1801,be1f6cb4-d758-490d-90d2-a6474ace032b,1.5,,,,,,,,{},2025-11-04 18:36:12.098000,
be5e672d-dd7e-44d3-a1fb-65f50e8c2b7f,be1f6cb4-d758-490d-90d2-a6474ace032b,2,,,,,,,,{},2025-11-04 18:36:12.098000,
cc948b75-94ab-4871-bba9-982f600d2b52,6b780a86-dc06-4efe-b7c9-4e60aa46815a,1,,,,,,,,{},2025-11-04 18:36:12.098000,
32c9ccbe-dc11-4c09-86c7-9b30227b9413,6b780a86-dc06-4efe-b7c9-4e60aa46815a,1.5,,,,,,,,{},2025-11-04 18:36:12.098000,
0168f511-3daa-4fcd-9539-dddb8fe9b17f,6b780a86-dc06-4efe-b7c9-4e60aa46815a,2,,,,,,,,{},2025-11-04 18:36:12.098000,
7deea520-f419-4c08-b7f2-b663cc1cd386,c94a887a-b34a-443d-8f24-de693e495fb0,1,,,,,,,,{},2025-11-04 18:36:12.098000,
4c140798-d14c-466f-9b34-5e014a63dcbf,c94a887a-b34a-443d-8f24-de693e495fb0,1.5,,,,,,,,{},2025-11-04 18:36:12.098000,
c2daea91-b6dd-4a6e-adc1-2a8d861f908d,c94a887a-b34a-443d-8f24-de693e495fb0,2,,,,,,,,{},2025-11-04 18:36:12.098000,
ea2d98b4-48fb-4b39-9afe-a8eec7dd2c5f,4235df51-2879-443a-9250-af2692e3cf1c,1,,,,,,,,{},2025-11-04 18:36:12.098000,
23df39e5-2943-4683-bde3-08d5ed206137,4235df51-2879-443a-9250-af2692e3cf1c,2,,,,,,,,{},2025-11-04 18:36:12.098000,
892c7b77-cefb-4471-b79a-13d432f6b014,d1efbfdb-f0c4-4bbf-81bd-c53afc3c188e,1,,,,,,,,{},2025-11-04 18:36:12.098000,
6a924543-6003-434a-8b34-374d3902b7a4,d1efbfdb-f0c4-4bbf-81bd-c53afc3c188e,1.5,,,,,,,,{},2025-11-04 18:36:12.098000,
fc22455f-852e-4235-8af9-00ae7aa6262f,d1efbfdb-f0c4-4bbf-81bd-c53afc3c188e,2,,,,,,,,{},2025-11-04 18:36:12.098000,
604546c4-8e09-4a5e-8e61-db0116ad66cf,e109a0e2-5a11-49c1-8b37-6ac2f526a665,1,,,,,,,,{},2025-11-04 18:36:12.098000,
2e2e37c4-e170-40e6-aff6-6b253fe8eb95,e109a0e2-5a11-49c1-8b37-6ac2f526a665,1.5,,,,,,,,{},2025-11-04 18:36:12.098000,
bdf7eac2-506a-4056-a1a6-520724afc0e8,e109a0e2-5a11-49c1-8b37-6ac2f526a665,2,,,,,,,,{},2025-11-04 18:36:12.098000,
07df4d91-69d0-4a85-94dd-870549db3115,2e748c8d-e8da-4e72-877f-37554fd6c757,1,,,,,,,,{},2025-11-04 18:36:12.098000,
f1c897d2-1cac-4bf7-b44e-01323f249ffe,2e748c8d-e8da-4e72-877f-37554fd6c757,1.5,,,,,,,,{},2025-11-04 18:36:12.098000,
73a40057-9b14-4729-814e-d57169cbc3f3,2e748c8d-e8da-4e72-877f-37554fd6c757,2,,,,,,,,{},2025-11-04 18:36:12.098000,
fe6a6045-c8e6-4d72-a244-95c39cbdc6c3,469fd055-5735-4035-995c-90a691e51947,1,,,,,,,,{},2025-11-04 18:36:12.098000,
12022b50-eeb6-4717-a5c7-ffa85e7c15a6,469fd055-5735-4035-995c-90a691e51947,1.5,,,,,,,,{},2025-11-04 18:36:12.098000,
5d5953ee-e3fe-4ac0-9b08-6b4375547142,469fd055-5735-4035-995c-90a691e51947,2,,,,,,,,{},2025-11-04 18:36:12.098000,
4ff6c36c-4e5b-49f2-acd2-f19c9d0ca482,f279981a-0262-48b2-8739-64ef5745e9cf,1,,,,,,,,{},2025-11-04 18:36:12.098000,
ea8786ef-9bda-4f8e-abb8-928014b93c4b,f279981a-0262-48b2-8739-64ef5745e9cf,1.5,,,,,,,,{},2025-11-04 18:36:12.098000,
ed2fec3b-318b-4319-aabb-b9963447a09a,f279981a-0262-48b2-8739-64ef5745e9cf,2,,,,,,,,{},2025-11-04 18:36:12.098000,
72f237bd-c2a1-448e-81d5-ca58053234e7,98c82255-684a-4427-a3ad-ef6437864507,1,,,,,,,,{},2025-11-04 18:36:12.098000,
fec38550-5b02-40aa-bed8-842dd1906b4c,98c82255-684a-4427-a3ad-ef6437864507,1.5,,,,,,,,{},2025-11-04 18:36:12.098000,
f1899f4c-95c5-4501-9788-44f51ea22a6e,98c82255-684a-4427-a3ad-ef6437864507,2,,,,,,,,{},2025-11-04 18:36:12.098000,
bc9c24c2-bb20-4318-9095-0f6af56d9321,c2fd5f81-0e96-476b-afcb-c34238ee8fea,1,,,,,,,,{},2025-11-04 18:36:12.098000,
ba4ff621-f68c-47d9-8f10-52550ffa9857,c2fd5f81-0e96-476b-afcb-c34238ee8fea,1.5,,,,,,,,{},2025-11-04 18:36:12.098000,
f8a6a5f3-312c-4d89-8232-893b36e2b496,c2fd5f81-0e96-476b-afcb-c34238ee8fea,2,,,,,,,,{},2025-11-04 18:36:12.098000,
0bcc2a5c-d623-4990-8764-c3d46c171304,c678b6b2-7f60-4723-95ee-233fe40fa77f,1,,,,,,,,{},2025-11-04 18:36:12.098000,
4273d135-4e7e-4d6a-966c-ef70839f2ebf,c678b6b2-7f60-4723-95ee-233fe40fa77f,1.5,,,,,,,,{},2025-11-04 18:36:12.098000,
31d6e16b-f588-4edb-943f-2753f0c03c12,c678b6b2-7f60-4723-95ee-233fe40fa77f,2,,,,,,,,{},2025-11-04 18:36:12.098000,
c26462d7-0908-4bef-8e31-9d3df54d0222,69299dcb-75e4-40e3-86c8-b2bd144ba884,1,,,,,,,,{},2025-11-04 18:36:12.098000,
b994d727-0121-4970-8be7-4bb3fbe4115c,69299dcb-75e4-40e3-86c8-b2bd144ba884,1.5,,,,,,,,{},2025-11-04 18:36:12.098000,
8d750e61-f43d-459b-b69f-52cdefca3be5,69299dcb-75e4-40e3-86c8-b2bd144ba884,2,,,,,,,,{},2025-11-04 18:36:12.098000,
1d26a1ba-08b8-4024-a015-cf701419881b,c6f99b6b-fde1-4384-a647-5556f7b67995,1,,,,,,,,{},2025-11-04 18:36:12.098000,
16ae2463-6112-4449-9afc-684cdbf1eea5,c6f99b6b-fde1-4384-a647-5556f7b67995,1.5,,,,,,,,{},2025-11-04 18:36:12.098000,
9baafa12-3dac-4904-a9a3-5351c60980b7,c6f99b6b-fde1-4384-a647-5556f7b67995,2,,,,,,,,{},2025-11-04 18:36:12.098000,
8d633897-21e6-4fd1-bbee-9d310cb3209c,d1c49188-6fa9-45d5-8610-890eb8e59452,1,,,,,,,,{},2025-11-04 18:36:12.098000,
23c7295d-4293-4e06-9541-9ed9a413e422,d1c49188-6fa9-45d5-8610-890eb8e59452,1.5,,,,,,,,{},2025-11-04 18:36:12.098000,
ca5ce066-6794-4989-bb93-1058b3b9c4b2,d1c49188-6fa9-45d5-8610-890eb8e59452,2,,,,,,,,{},2025-11-04 18:36:12.098000,
3ccf9046-17e1-44a7-a67e-100d50aca578,f93ce5be-2dd1-4e15-9063-b8ad41b2c5f5,1,,,,,,,,{},2025-11-04 18:36:12.098000,
0bed84f7-858f-42f3-9e73-d0b55432452b,f93ce5be-2dd1-4e15-9063-b8ad41b2c5f5,1.5,,,,,,,,{},2025-11-04 18:36:12.098000,
3144df74-793b-428e-9268-5836e577766d,f93ce5be-2dd1-4e15-9063-b8ad41b2c5f5,2,,,,,,,,{},2025-11-04 18:36:12.098000,
119ad174-a978-4a42-919f-fac890ea6cdb,8a768c4a-3215-49c2-a147-cc2adaa46474,1,,,,,,,,{},2025-11-04 18:36:12.098000,
0f9a2f77-c466-41f5-8099-1eaab8ca7557,8a768c4a-3215-49c2-a147-cc2adaa46474,1.5,,,,,,,,{},2025-11-04 18:36:12.098000,
a0102ed6-01b0-464f-bb21-2b26ac4065d3,8a768c4a-3215-49c2-a147-cc2adaa46474,2,,,,,,,,{},2025-11-04 18:36:12.098000,
0c99561f-2f73-4312-9aba-2ce89282085a,48f93f59-abd8-4828-9e0b-e34b65efaa6c,1,,,,,,,,{},2025-11-04 18:36:12.098000,
6de41ec0-f274-42bc-89e8-9aadd1e00882,48f93f59-abd8-4828-9e0b-e34b65efaa6c,1.5,,,,,,,,{},2025-11-04 18:36:12.098000,
bb937683-4d33-48bd-8c46-53fde0fe3513,48f93f59-abd8-4828-9e0b-e34b65efaa6c,2,,,,,,,,{},2025-11-04 18:36:12.098000,
b995b73d-831d-490b-b3e3-7165c6dd48b5,2d0df874-9b24-4fd7-96e1-76b13ce1fdba,1,,,,,,,,{},2025-11-04 18:36:12.098000,
8205021d-1982-4f6e-905d-cd0599645ba9,2d0df874-9b24-4fd7-96e1-76b13ce1fdba,1.5,,,,,,,,{},2025-11-04 18:36:12.098000,
0b5d98a8-46a0-4c31-af02-1af1911a716e,2d0df874-9b24-4fd7-96e1-76b13ce1fdba,2,,,,,,,,{},2025-11-04 18:36:12.098000,
0a30f8f5-febc-49b6-a6aa-7a9ccd0ed53d,f1f319ba-11ef-4892-bd2e-74bb9fbac35c,1,,,,,,,,{},2025-11-04 18:36:12.098000,
70be9882-3408-4688-99d4-e218a9c12141,f1f319ba-11ef-4892-bd2e-74bb9fbac35c,1.5,,,,,,,,{},2025-11-04 18:36:12.098000,
f2164896-dc88-4627-adeb-3168082199a7,f1f319ba-11ef-4892-bd2e-74bb9fbac35c,2,,,,,,,,{},2025-11-04 18:36:12.098000,
1bed7512-df26-4a58-abc5-9c3a8e092ace,54dbe5eb-c583-4996-8649-d7cb06a0981b,1,,,,,,,,{},2025-11-04 18:36:12.098000,
563cfa10-1917-444f-bff7-1815235f9b7e,54dbe5eb-c583-4996-8649-d7cb06a0981b,1.5,,,,,,,,{},2025-11-04 18:36:12.098000,
b62b78c4-0e32-4238-b7c7-3dd2865e4d32,54dbe5eb-c583-4996-8649-d7cb06a0981b,2,,,,,,,,{},2025-11-04 18:36:12.098000,
f4e94b88-c1ba-4633-ba07-c720275887ac,2081600d-be7c-44df-8fdf-ce1f5ea69d9d,1,,,,,,,,{},2025-11-04 18:36:12.098000,
6ddc6ca3-93fc-46ca-822d-5a7a11f1b218,2081600d-be7c-44df-8fdf-ce1f5ea69d9d,1.5,,,,,,,,{},2025-11-04 18:36:12.098000,
ff6016a9-42d2-4a02-91ee-616596fb0847,2081600d-be7c-44df-8fdf-ce1f5ea69d9d,2,,,,,,,,{},2025-11-04 18:36:12.098000,
e8d9c3a6-2d9b-4477-990f-9096fc47e93f,6afe885e-56a3-438d-bea2-76152bbe2496,1,,,,,,,,{},2025-11-04 18:36:12.098000,
62ad4ec8-f0fc-40ad-b8a1-ca2c3dc323d6,6afe885e-56a3-438d-bea2-76152bbe2496,1.5,,,,,,,,{},2025-11-04 18:36:12.098000,
167e34c1-9595-4bae-9f71-87c8d8a7c75d,6afe885e-56a3-438d-bea2-76152bbe2496,2,,,,,,,,{},2025-11-04 18:36:12.098000,
379c260b-8db1-4f22-88a2-9ca948db646b,6595f041-1d48-43bf-b259-32a626f0ac5e,1,,,,,,,,{},2025-11-04 18:36:12.098000,
f7ca20ce-4496-45ec-bc67-fb459b038cef,6595f041-1d48-43bf-b259-32a626f0ac5e,1.5,,,,,,,,{},2025-11-04 18:36:12.098000,
b7389609-bdfd-469f-ae05-ac598824bfcd,6595f041-1d48-43bf-b259-32a626f0ac5e,2,,,,,,,,{},2025-11-04 18:36:12.098000,
4706c451-d312-4525-a354-e59c167a2173,b2bcbfa5-996b-4f37-b35e-994cbe7d621a,1,,,,,,,,{},2025-11-04 18:36:12.098000,
bff3444d-fdc5-4189-8ee5-c38174b8f2bf,b2bcbfa5-996b-4f37-b35e-994cbe7d621a,1.5,,,,,,,,{},2025-11-04 18:36:12.098000,
1a7dacdd-c382-4cad-bfe1-ae1c5d36d766,b2bcbfa5-996b-4f37-b35e-994cbe7d621a,2,,,,,,,,{},2025-11-04 18:36:12.098000,
1b1f7fe0-68f2-4e85-9395-de1a3680528d,90f03f60-51a0-49f5-b769-14a8e08ce3b7,1,,,,,,,,{},2025-11-04 18:36:12.098000,
41b0d9ba-973e-49ff-94d3-3eb5f76acab3,90f03f60-51a0-49f5-b769-14a8e08ce3b7,1.5,,,,,,,,{},2025-11-04 18:36:12.098000,
2ba80b80-6eab-408f-9474-11e32871afb5,90f03f60-51a0-49f5-b769-14a8e08ce3b7,2,,,,,,,,{},2025-11-04 18:36:12.098000,
f67023d5-3169-434f-80c7-6872e4516bec,d6eb7079-bb83-4c79-b9fb-80de0262b9c1,1,,,,,,,,{},2025-11-04 18:36:12.098000,
9e77719f-f372-4047-ace6-031e2d096f1c,d6eb7079-bb83-4c79-b9fb-80de0262b9c1,1.5,,,,,,,,{},2025-11-04 18:36:12.098000,
2f9c92fb-d976-4be5-9ca6-3839602e7a7a,d6eb7079-bb83-4c79-b9fb-80de0262b9c1,2,,,,,,,,{},2025-11-04 18:36:12.098000,
01a1b5f0-e529-43ac-9bbb-c9e6bb0a3ce5,55d66ea1-8428-4486-9b62-2f0cdfe4ad34,1,,,,,,,,{},2025-11-04 18:36:12.098000,
3f63c945-eeae-4b2b-b8e2-189771695a85,55d66ea1-8428-4486-9b62-2f0cdfe4ad34,1.5,,,,,,,,{},2025-11-04 18:36:12.098000,
b4cdc770-5f08-443b-a3a5-3ce0af07bde2,55d66ea1-8428-4486-9b62-2f0cdfe4ad34,2,,,,,,,,{},2025-11-04 18:36:12.098000,
64e07367-cd3d-43b7-a131-aa6aed55c6fa,6ee41abb-3d2c-4590-9e04-fe9a38c927c6,1,,,,,,,,{},2025-11-04 18:36:12.098000,
e393a7d9-50d3-495f-b968-e1d8322d33dd,6ee41abb-3d2c-4590-9e04-fe9a38c927c6,1.5,,,,,,,,{},2025-11-04 18:36:12.098000,
eb64de7d-8a03-4e54-8602-0310109fafb9,6ee41abb-3d2c-4590-9e04-fe9a38c927c6,2,,,,,,,,{},2025-11-04 18:36:12.098000,
8e853252-5dd6-4d87-bc93-641bdb21dc3d,238876d7-baec-485b-9c6f-5f05816a254c,1,,,,,,,,{},2025-11-04 18:36:12.098000,
d05b2dc0-1135-492c-93e8-f49e9dddf8ff,238876d7-baec-485b-9c6f-5f05816a254c,1.5,,,,,,,,{},2025-11-04 18:36:12.098000,
e2283619-a407-43d2-8729-16cbadd51ac1,238876d7-baec-485b-9c6f-5f05816a254c,2,,,,,,,,{},2025-11-04 18:36:12.098000,
e2d4b580-eb78-482d-9558-c64c7ce0538b,e48565c4-e2e7-42f6-aed8-bb3bfd632ddd,1,,,,,,,,{},2025-11-04 18:36:12.098000,
9ab0b78f-6609-4e6f-a874-3167279ffbc5,e48565c4-e2e7-42f6-aed8-bb3bfd632ddd,1.5,,,,,,,,{},2025-11-04 18:36:12.098000,
9a8a17b9-71dd-413a-b94e-6e16f486d7b8,e48565c4-e2e7-42f6-aed8-bb3bfd632ddd,2,,,,,,,,{},2025-11-04 18:36:12.098000,
27b22f75-3c4c-4c40-a5c6-b99d57b2d0de,553f8c34-39ea-49ec-806c-c27f0352d7da,1,,,,,,,,{},2025-11-04 18:36:12.098000,
e3d58527-bcc9-49f7-bb8c-26b4f1da0204,553f8c34-39ea-49ec-806c-c27f0352d7da,1.5,,,,,,,,{},2025-11-04 18:36:12.098000,
ec6e8097-13d6-4221-a518-52c5006a220b,553f8c34-39ea-49ec-806c-c27f0352d7da,2,,,,,,,,{},2025-11-04 18:36:12.098000,
d1643224-afe8-4520-a3ae-59be9ad09e8e,32e8acf0-e060-4440-bd5d-26fa5af59e23,1,,,,,,,,{},2025-11-04 18:36:12.098000,
4359a34d-e247-47d9-a8be-a93b30885b71,32e8acf0-e060-4440-bd5d-26fa5af59e23,1.5,,,,,,,,{},2025-11-04 18:36:12.098000,
ee5444c4-ab02-4b29-bc39-30bfaa643124,32e8acf0-e060-4440-bd5d-26fa5af59e23,2,,,,,,,,{},2025-11-04 18:36:12.098000,
8cc4797d-b0d8-4ea7-9fab-d9dfd88ccc7b,9b3e6b8e-61f2-44ea-85fc-44fc117c9ca5,1,,,,,,,,{},2025-11-04 18:36:12.098000,
dae844de-f1c8-410c-af37-62e4d90cc467,9b3e6b8e-61f2-44ea-85fc-44fc117c9ca5,1.5,,,,,,,,{},2025-11-04 18:36:12.098000,
7349b518-ecfd-49e8-9a55-7abd8d456e01,9b3e6b8e-61f2-44ea-85fc-44fc117c9ca5,2,,,,,,,,{},2025-11-04 18:36:12.098000,
5eecb825-f12c-4ffe-b37e-4adb481e0426,cbd54d5b-4ef8-4acf-9409-a6651598bf34,1,,,,,,,,{},2025-11-04 18:36:12.098000,
9a060258-bc0d-4001-9e96-046eaf357c51,cbd54d5b-4ef8-4acf-9409-a6651598bf34,1.5,,,,,,,,{},2025-11-04 18:36:12.098000,
82bee234-3fb5-43a0-86d0-822e85919605,cbd54d5b-4ef8-4acf-9409-a6651598bf34,2,,,,,,,,{},2025-11-04 18:36:12.098000,
17b476f7-f87b-4dce-89c1-7c5eb78a1123,fd2784d2-d8cc-4b68-8f04-5a0f900eb5c7,1,,,,,,,,{},2025-11-04 18:36:12.098000,
257e7901-53c1-4420-ac7b-03d5a94652d5,fd2784d2-d8cc-4b68-8f04-5a0f900eb5c7,1.5,,,,,,,,{},2025-11-04 18:36:12.098000,
0e113de8-ba76-4797-be79-3a816c9eda7f,fd2784d2-d8cc-4b68-8f04-5a0f900eb5c7,2,,,,,,,,{},2025-11-04 18:36:12.098000,
c09e1b22-c6a2-4b69-9d1a-e70303b44ed1,89865fae-8f44-416c-b1a0-0a5e08314d84,1,,,,,,,,{},2025-11-04 18:36:12.098000,
edbe2a07-4df3-4e6b-931a-953a48b382da,89865fae-8f44-416c-b1a0-0a5e08314d84,1.5,,,,,,,,{},2025-11-04 18:36:12.098000,
6e89a63e-2ebe-4a02-80c5-2a3ceddeb90f,89865fae-8f44-416c-b1a0-0a5e08314d84,2,,,,,,,,{},2025-11-04 18:36:12.098000,
103f170f-7958-40ad-8626-79b0b06bb4ae,2ae1b4d4-f1c4-4661-9cea-f9f6ae1653e3,1,,,,,,,,{},2025-11-04 18:36:12.098000,
ccfa60ff-dd98-4c9b-af02-83b17cdd5dcd,2ae1b4d4-f1c4-4661-9cea-f9f6ae1653e3,1.5,,,,,,,,{},2025-11-04 18:36:12.098000,
5a0a38a1-9944-4b08-b3f8-4062db590efa,2ae1b4d4-f1c4-4661-9cea-f9f6ae1653e3,2,,,,,,,,{},2025-11-04 18:36:12.098000,
b7feb7d2-59ae-44df-ab0a-850a886f6ebb,d33dcab0-7916-4c2a-8cea-7af2c3ef0675,1,,,,,,,,{},2025-11-04 18:36:12.098000,
b6a7cafe-8a5f-4b48-b2a6-5dec22bb7fcc,d33dcab0-7916-4c2a-8cea-7af2c3ef0675,1.5,,,,,,,,{},2025-11-04 18:36:12.098000,
6ff5f3c8-324f-44bf-ab88-8ee847e37368,d33dcab0-7916-4c2a-8cea-7af2c3ef0675,2,,,,,,,,{},2025-11-04 18:36:12.098000,
050385d4-4372-4030-9e0f-9ae7137b50e8,488759ca-4536-4e62-bdd2-87aa9b6cb419,1,,,,,,,,{},2025-11-04 18:36:12.098000,
2f377317-9065-4a56-8f58-05d3e3517b73,488759ca-4536-4e62-bdd2-87aa9b6cb419,1.5,,,,,,,,{},2025-11-04 18:36:12.098000,
82f0764a-3996-48b1-a016-3ec5d03a0e23,488759ca-4536-4e62-bdd2-87aa9b6cb419,2,,,,,,,,{},2025-11-04 18:36:12.098000,
42f3adf0-13e4-4a05-a5b9-84bfbffafc9c,1b395523-46d4-4fb6-bf19-2d971f4bec13,1,,,,,,,,{},2025-11-04 18:36:12.098000,
da83191b-d29c-4554-b7ac-e09586c7d57f,1b395523-46d4-4fb6-bf19-2d971f4bec13,1.5,,,,,,,,{},2025-11-04 18:36:12.098000,
de471f78-2d95-4da5-a435-0fd8e47eaa89,1b395523-46d4-4fb6-bf19-2d971f4bec13,2,,,,,,,,{},2025-11-04 18:36:12.098000,
d346f1c8-a76c-4e09-893a-b933b33def37,b6724643-2f38-4313-84f0-cf0059f2e909,1,,,,,,,,{},2025-11-04 18:36:12.098000,
b802e4ed-de63-45f4-845f-cdb3b3f39747,b6724643-2f38-4313-84f0-cf0059f2e909,1.5,,,,,,,,{},2025-11-04 18:36:12.098000,
92c82d41-e922-485f-9651-011aa52d56be,b6724643-2f38-4313-84f0-cf0059f2e909,2,,,,,,,,{},2025-11-04 18:36:12.098000,
4ce830ae-7ae3-4c64-87fa-8c596949d054,10abc644-6436-4bb4-878c-78cc654eee01,1,,,,,,,,{},2025-11-04 18:36:12.098000,
4a5e212d-4e83-4d08-b19f-00e96703a2fc,10abc644-6436-4bb4-878c-78cc654eee01,1.5,,,,,,,,{},2025-11-04 18:36:12.098000,
1e4991c3-a65f-4da3-8135-a6aafda26937,10abc644-6436-4bb4-878c-78cc654eee01,2,,,,,,,,{},2025-11-04 18:36:12.098000,
ab39453c-277d-4e18-9733-b7d2b02abf28,9298add9-821d-4e31-8613-d5a6896767ea,1,,,,,,,,{},2025-11-04 18:36:12.098000,
1a457e65-d418-4ea8-bd63-ad6491e126c9,9298add9-821d-4e31-8613-d5a6896767ea,1.5,,,,,,,,{},2025-11-04 18:36:12.098000,
d6114449-6726-4c8c-9fb3-083e147980e8,9298add9-821d-4e31-8613-d5a6896767ea,2,,,,,,,,{},2025-11-04 18:36:12.098000,
c63969c9-950b-4619-9834-095e389db4c2,e6aef5ad-35bb-4e7a-86c6-18ac0ba09b2a,1,,,,,,,,{},2025-11-04 18:36:12.098000,
214f8b7a-e182-4daf-bec9-3796aafd2dfc,e6aef5ad-35bb-4e7a-86c6-18ac0ba09b2a,1.5,,,,,,,,{},2025-11-04 18:36:12.098000,
51bc0ebe-b2c7-4910-8c8e-19232d83b3fb,e6aef5ad-35bb-4e7a-86c6-18ac0ba09b2a,2,,,,,,,,{},2025-11-04 18:36:12.098000,
81864e44-2100-4c0c-9366-0af6ee1d1911,d06daa81-24c3-4c74-a515-ddcedbdc3036,1,,,,,,,,{},2025-11-04 18:36:12.098000,
26de8ca3-430f-44a2-9974-9b82114b995f,d06daa81-24c3-4c74-a515-ddcedbdc3036,1.5,,,,,,,,{},2025-11-04 18:36:12.098000,
80ca7c26-4279-414e-b943-7d7209858ae2,d06daa81-24c3-4c74-a515-ddcedbdc3036,2,,,,,,,,{},2025-11-04 18:36:12.098000,
f7e2f1ac-5fc8-40c3-b579-368b95c28c65,e2e4ff8e-2986-4195-86da-ba36d2af3718,1,,,,,,,,{},2025-11-04 18:36:12.098000,
6804f523-b673-4391-8ff4-2ab866ea1b5e,e2e4ff8e-2986-4195-86da-ba36d2af3718,1.5,,,,,,,,{},2025-11-04 18:36:12.098000,
5cba7f0f-7da0-4140-9955-e56d71940002,e2e4ff8e-2986-4195-86da-ba36d2af3718,2,,,,,,,,{},2025-11-04 18:36:12.098000,
fac810ce-c5ed-42bc-8ae0-460d692f9840,823abf9e-5fb8-4a5f-bc16-2a257d9f598b,1,,,,,,,,{},2025-11-04 18:36:12.098000,
af49280d-3539-4173-ba75-13d2138c2b0b,823abf9e-5fb8-4a5f-bc16-2a257d9f598b,1.5,,,,,,,,{},2025-11-04 18:36:12.098000,
c8df1ecd-5661-4412-bb48-ad9777efeda4,823abf9e-5fb8-4a5f-bc16-2a257d9f598b,2,,,,,,,,{},2025-11-04 18:36:12.098000,
07ae03ee-73b3-4124-9ab2-e24f20796568,a506da8f-f405-4b18-ba31-7f2002a03311,1,,,,,,,,{},2025-11-04 18:36:12.098000,
1ca363b3-30f7-4be2-b431-0500787d1311,a506da8f-f405-4b18-ba31-7f2002a03311,1.5,,,,,,,,{},2025-11-04 18:36:12.098000,
515720eb-26ab-4758-a6c4-7f579a982cea,a506da8f-f405-4b18-ba31-7f2002a03311,2,,,,,,,,{},2025-11-04 18:36:12.098000,
083124ba-c2aa-4dbb-be76-9e7491b79520,34111022-7dbc-430c-9bda-a544c3bf5877,1,,,,,,,,{},2025-11-04 18:36:12.098000,
fd802ed8-70eb-453a-bf03-ddb270becd50,34111022-7dbc-430c-9bda-a544c3bf5877,1.5,,,,,,,,{},2025-11-04 18:36:12.098000,
f1f8b797-f6ab-4441-a828-f7f5ee9ad24b,34111022-7dbc-430c-9bda-a544c3bf5877,2,,,,,,,,{},2025-11-04 18:36:12.098000,
a1a50030-74fa-4f34-9f19-7a8c7c48fbaa,8683f7c0-5440-4543-bad4-9007d226c676,1,,,,,,,,{},2025-11-04 18:36:12.098000,
41d2adad-1718-426b-835a-8464e5bd378d,8683f7c0-5440-4543-bad4-9007d226c676,1.5,,,,,,,,{},2025-11-04 18:36:12.098000,
fb24e974-a327-4e22-bd3c-c9f031b3d48b,8683f7c0-5440-4543-bad4-9007d226c676,2,,,,,,,,{},2025-11-04 18:36:12.098000,
2de73bcf-e5a9-450b-b8f8-0f219796a40f,33202ef9-3bce-4a4b-9e24-863e7565d5e7,1,,,,,,,,{},2025-11-04 18:36:12.098000,
0905f45e-9a56-4799-a683-f3f867af32a5,33202ef9-3bce-4a4b-9e24-863e7565d5e7,1.5,,,,,,,,{},2025-11-04 18:36:12.098000,
8bb3c94c-e70f-4500-9845-127dbf2c9fdf,33202ef9-3bce-4a4b-9e24-863e7565d5e7,2,,,,,,,,{},2025-11-04 18:36:12.098000,
04c93d18-c495-4842-b222-83bd0e442c41,8338ce15-1c7c-4d88-9afc-c852f2ce88e3,1,,,,,,,,{},2025-11-04 18:36:12.098000,
76c3c55a-461d-4d2b-9b2d-ac8ea190dad2,8338ce15-1c7c-4d88-9afc-c852f2ce88e3,1.5,,,,,,,,{},2025-11-04 18:36:12.098000,
0eb8dff2-3664-4f43-997f-c47dc8aaa530,8338ce15-1c7c-4d88-9afc-c852f2ce88e3,2,,,,,,,,{},2025-11-04 18:36:12.098000,
1075f446-f2ec-4472-b583-f02b684e93ca,0e8f9b1b-1d61-423c-a214-4e3907b39396,1,,,,,,,,{},2025-11-04 18:36:12.098000,
035770e9-d428-420d-9036-ce85f329a251,0e8f9b1b-1d61-423c-a214-4e3907b39396,1.5,,,,,,,,{},2025-11-04 18:36:12.098000,
a356be89-8787-45ec-bdf0-b549f65a9139,0e8f9b1b-1d61-423c-a214-4e3907b39396,2,,,,,,,,{},2025-11-04 18:36:12.098000,
d19e74d4-3a71-4d83-991d-cff5386d7dc9,a7149e15-8952-4bb5-a0ab-653cfba874d5,1,,,,,,,,{},2025-11-04 18:36:12.098000,
e1cfb9d3-e2cb-45c8-89c7-96d621fb751a,a7149e15-8952-4bb5-a0ab-653cfba874d5,1.5,,,,,,,,{},2025-11-04 18:36:12.098000,
cf95f148-7e64-45db-90b0-e9d7bb827fc1,a7149e15-8952-4bb5-a0ab-653cfba874d5,2,,,,,,,,{},2025-11-04 18:36:12.098000,
b700db2b-88ee-4931-878a-e480a5fdbb46,a1f59591-a5d3-457f-8b44-8712cf7766b1,1,,,,,,,,{},2025-11-04 18:36:12.098000,
eca01a46-a6ce-4c60-b737-984978a8ad27,a1f59591-a5d3-457f-8b44-8712cf7766b1,1.5,,,,,,,,{},2025-11-04 18:36:12.098000,
4e0dc31b-d5c6-43a9-b0b0-8dc71a833bbb,a1f59591-a5d3-457f-8b44-8712cf7766b1,2,,,,,,,,{},2025-11-04 18:36:12.098000,
8d313d90-cced-4f46-b6ad-b95649a6e036,dc21229e-227b-4298-b3b9-6216961cb6f5,1,,,,,,,,{},2025-11-04 18:36:12.098000,
676ce772-b012-4c30-93ec-25cf76e6ed7e,dc21229e-227b-4298-b3b9-6216961cb6f5,1.5,,,,,,,,{},2025-11-04 18:36:12.098000,
f773a07f-b3a5-4d27-b0a2-e5a82f1783b3,dc21229e-227b-4298-b3b9-6216961cb6f5,2,,,,,,,,{},2025-11-04 18:36:12.098000,
a12b193b-57c2-46df-b060-141ac45cc885,93e8bdeb-0dc6-4ba2-abd6-f1307ac29ea6,1,,,,,,,,{},2025-11-04 18:36:12.098000,
f7916e70-0ec8-4987-b113-e90288bebc38,93e8bdeb-0dc6-4ba2-abd6-f1307ac29ea6,1.5,,,,,,,,{},2025-11-04 18:36:12.098000,
60cd0655-c581-4daf-84e5-dbeeae83b787,93e8bdeb-0dc6-4ba2-abd6-f1307ac29ea6,2,,,,,,,,{},2025-11-04 18:36:12.098000,
483671c2-e919-4d52-ad9c-539b383ce131,0476cbb7-8674-4451-bc42-64a3d0507e6b,1,,,,,,,,{},2025-11-04 18:36:12.098000,
0b12aeae-c95c-4b3b-9cd0-d1c594921580,0476cbb7-8674-4451-bc42-64a3d0507e6b,1.5,,,,,,,,{},2025-11-04 18:36:12.098000,
b5cf9478-70b7-4096-a4d6-6baf456f6d3a,0476cbb7-8674-4451-bc42-64a3d0507e6b,2,,,,,,,,{},2025-11-04 18:36:12.098000,
7112311a-6e67-443c-9cee-470d2b8ef084,fd1cea77-3afb-4e5c-b8f3-452fa3929bad,1,,,,,,,,{},2025-11-04 18:36:12.098000,
42dfbd96-d525-47f5-9b13-702016ff7a15,fd1cea77-3afb-4e5c-b8f3-452fa3929bad,1.5,,,,,,,,{},2025-11-04 18:36:12.098000,
ec4cfd4e-aa54-4193-b5ee-71946633824f,fd1cea77-3afb-4e5c-b8f3-452fa3929bad,2,,,,,,,,{},2025-11-04 18:36:12.098000,
8516f0c3-5aa0-4a5e-805a-65b5e349a773,222e4add-b24a-4128-b38e-569fd762db36,1,,,,,,,,{},2025-11-04 18:36:12.098000,
2075b812-7c53-472d-b8af-688eb733e2be,222e4add-b24a-4128-b38e-569fd762db36,1.5,,,,,,,,{},2025-11-04 18:36:12.098000,
8471704f-a3cb-4950-86c0-dffdfd969f0e,222e4add-b24a-4128-b38e-569fd762db36,2,,,,,,,,{},2025-11-04 18:36:12.098000,
57c7c57b-09bd-4042-bb26-8b3722b93057,a4e1e56a-adc1-4e97-a96a-22ec5ca27740,1,,,,,,,,{},2025-11-04 18:36:12.098000,
25f5700a-3105-484d-81e9-3f6907a48b68,a4e1e56a-adc1-4e97-a96a-22ec5ca27740,1.5,,,,,,,,{},2025-11-04 18:36:12.098000,
04b8236a-8c42-48af-95c7-fda3fb6f5d8a,a4e1e56a-adc1-4e97-a96a-22ec5ca27740,2,,,,,,,,{},2025-11-04 18:36:12.098000,
a3cf0434-1ace-4a52-9f3c-bb8d0d943fa2,8b8eb5fd-dae7-4db9-a014-da542c021c05,1,,,,,,,,{},2025-11-04 18:36:12.098000,
82e878f6-7488-4c94-bf18-8e3d7775280a,8b8eb5fd-dae7-4db9-a014-da542c021c05,1.5,,,,,,,,{},2025-11-04 18:36:12.098000,
4cce9867-c1c0-4ac7-ad7a-e971f9ebd8f0,8b8eb5fd-dae7-4db9-a014-da542c021c05,2,,,,,,,,{},2025-11-04 18:36:12.098000,
360f582c-b81b-44ef-b8eb-9a4333c9d719,2d780cec-7826-47eb-ac7a-2b5b383928c0,1,,,,,,,,{},2025-11-04 18:36:12.098000,
54d3bfc4-80ab-44bb-8602-1f290fcdfb22,2d780cec-7826-47eb-ac7a-2b5b383928c0,1.5,,,,,,,,{},2025-11-04 18:36:12.098000,
dee08343-fab9-4678-b09b-836b082f7be2,a6e37ff2-c98f-43a9-b54d-46034c2c4529,1,,,,,,,,{},2025-11-04 18:36:12.098000,
f135d384-13bb-438e-86ff-59edc2aa9981,a6e37ff2-c98f-43a9-b54d-46034c2c4529,1.5,,,,,,,,{},2025-11-04 18:36:12.098000,
5a1f3d62-04fa-49b9-83e4-126957a94721,a6e37ff2-c98f-43a9-b54d-46034c2c4529,2,,,,,,,,{},2025-11-04 18:36:12.098000,
fca8ded2-1ed8-42f6-b8df-694b39bbd34b,ea4cadd3-b75a-457e-bf58-be57aed2be5c,1,,,,,,,,{},2025-11-04 18:36:12.098000,
8b7df51a-bd8d-476d-b2ab-5e03f55b583d,ea4cadd3-b75a-457e-bf58-be57aed2be5c,1.5,,,,,,,,{},2025-11-04 18:36:12.098000,
4d50982b-3e05-40e4-bc03-b7aa2a3e8106,ea4cadd3-b75a-457e-bf58-be57aed2be5c,2,,,,,,,,{},2025-11-04 18:36:12.098000,
3810ce37-a6c8-4027-8910-62a065e0a774,b03bc8f3-c580-4859-9a69-7e7895f73fdf,1,,,,,,,,{},2025-11-04 18:36:12.098000,
074d4d6a-966c-4369-a11a-aa416020f5da,b03bc8f3-c580-4859-9a69-7e7895f73fdf,1.5,,,,,,,,{},2025-11-04 18:36:12.098000,
5c2c4836-2858-4ab5-bf51-09004eb336a2,0cb83e23-d46f-453e-9e44-c6723b25d6bc,1,,,,,,,,{},2025-11-04 18:36:12.098000,
18e8fb7c-fbbc-4d4b-8efa-1a9034175d0f,0cb83e23-d46f-453e-9e44-c6723b25d6bc,1.5,,,,,,,,{},2025-11-04 18:36:12.098000,
6f934e8f-3933-49cf-8611-d8032d551df5,0cb83e23-d46f-453e-9e44-c6723b25d6bc,2,,,,,,,,{},2025-11-04 18:36:12.098000,
e129e894-5028-46bc-b776-add152467846,c45c3294-b93e-4277-b59e-3451c9d0998c,1,,,,,,,,{},2025-11-04 18:36:12.098000,
3f2b49b5-5335-488e-a0bf-fe6a46b87dc3,c45c3294-b93e-4277-b59e-3451c9d0998c,1.5,,,,,,,,{},2025-11-04 18:36:12.098000,
ad41b670-909c-4173-a528-9a20ca587dc4,c45c3294-b93e-4277-b59e-3451c9d0998c,2,,,,,,,,{},2025-11-04 18:36:12.098000,
d745b315-b939-4dd8-8333-fa25f84cca7e,dda1e71b-8d0d-4c9e-b53f-877a6cf70da9,1,,,,,,,,{},2025-11-04 18:36:12.098000,
fba0513c-7603-4fc8-ac66-2ef1ecc74b42,dda1e71b-8d0d-4c9e-b53f-877a6cf70da9,1.5,,,,,,,,{},2025-11-04 18:36:12.098000,
634183e3-112c-45b8-9501-6983969e396b,dda1e71b-8d0d-4c9e-b53f-877a6cf70da9,2,,,,,,,,{},2025-11-04 18:36:12.098000,
b2977548-be3f-48f1-a1a3-2aebffa20d94,c9b8371f-8779-42e3-a087-7bbb44210dd9,1,,,,,,,,{},2025-11-04 18:36:12.098000,
17dedcc8-4cb7-4562-9d39-42793e24536b,c9b8371f-8779-42e3-a087-7bbb44210dd9,1.5,,,,,,,,{},2025-11-04 18:36:12.098000,
0ca6c6b0-b2b3-4646-a8bc-c77c35f524d3,c9b8371f-8779-42e3-a087-7bbb44210dd9,2,,,,,,,,{},2025-11-04 18:36:12.098000,
d1a08e75-5ea0-43e8-b4f3-ebc54547d4c7,8a3fb39e-a7b4-4968-8932-1c0a925a8d41,1,,,,,,,,{},2025-11-04 18:36:12.098000,
87c5721d-0efb-4783-be0d-8e267f0a2f62,8a3fb39e-a7b4-4968-8932-1c0a925a8d41,1.5,,,,,,,,{},2025-11-04 18:36:12.098000,
b06d99bc-d84e-46ee-9f11-a284241da7ef,8a3fb39e-a7b4-4968-8932-1c0a925a8d41,2,,,,,,,,{},2025-11-04 18:36:12.098000,
4774ff02-598e-4bae-9d4a-1ba7df48c879,b71c8db0-d730-4693-bd6d-47fcd4e7cf0a,1,,,,,,,,{},2025-11-04 18:36:12.098000,
01d18067-652a-4653-89a7-9c10a46f9c53,b71c8db0-d730-4693-bd6d-47fcd4e7cf0a,1.5,,,,,,,,{},2025-11-04 18:36:12.098000,
29b792d5-5cd3-422b-ba56-53bea3760598,b71c8db0-d730-4693-bd6d-47fcd4e7cf0a,2,,,,,,,,{},2025-11-04 18:36:12.098000,
1856bc5e-ad33-4397-b959-c6fb991a3f3e,b6e1ba9a-5463-46dd-8c7b-d88d443337ca,1,,,,,,,,{},2025-11-04 18:36:12.098000,
494cd7f7-6c07-48c9-b638-0535133f4fad,b6e1ba9a-5463-46dd-8c7b-d88d443337ca,1.5,,,,,,,,{},2025-11-04 18:36:12.098000,
4e50a877-aa27-4804-b323-007aed1d12f1,b6e1ba9a-5463-46dd-8c7b-d88d443337ca,2,,,,,,,,{},2025-11-04 18:36:12.098000,
cc4ac179-70ee-4486-8deb-f00f7394f224,56da0bea-b333-4089-9ba4-3144c003a23a,1,,,,,,,,{},2025-11-04 18:36:12.098000,
a1611907-3b62-4881-8145-24c037c5661b,56da0bea-b333-4089-9ba4-3144c003a23a,1.5,,,,,,,,{},2025-11-04 18:36:12.098000,
cfd3127c-40b3-401d-bb58-e9baa8a9127a,56da0bea-b333-4089-9ba4-3144c003a23a,2,,,,,,,,{},2025-11-04 18:36:12.098000,
da9fbee0-d051-495d-8f3a-a70fead1f23e,4029a3a2-5f60-462e-9723-5c41391bdd32,1,,,,,,,,{},2025-11-04 18:36:12.098000,
ed5fd863-61d4-4397-8368-592ba4d4b634,4029a3a2-5f60-462e-9723-5c41391bdd32,1.5,,,,,,,,{},2025-11-04 18:36:12.098000,
d3b38c47-5c82-4e62-a644-34f6cd3f1681,4029a3a2-5f60-462e-9723-5c41391bdd32,2,,,,,,,,{},2025-11-04 18:36:12.098000,
546d4cc2-1ba2-486d-b857-65ecd69417f5,f215ed61-27bf-45b0-8b4d-7a1dcbd0056d,1,,,,,,,,{},2025-11-04 18:36:12.098000,
bb8f2b5f-a30f-4965-8210-ffafe7aaf364,f215ed61-27bf-45b0-8b4d-7a1dcbd0056d,1.5,,,,,,,,{},2025-11-04 18:36:12.098000,
16b91023-a138-4480-8184-1132aa24867b,f215ed61-27bf-45b0-8b4d-7a1dcbd0056d,2,,,,,,,,{},2025-11-04 18:36:12.098000,
ae659a9f-a46a-4ab4-adb9-8659714db58f,c031860f-6bc3-4737-b269-4f00afa9422d,1,,,,,,,,{},2025-11-04 18:36:12.098000,
5900a979-9876-4eaf-a1a3-624ca97de1ea,c031860f-6bc3-4737-b269-4f00afa9422d,1.5,,,,,,,,{},2025-11-04 18:36:12.098000,
dcd7c5eb-39b9-4ff6-8b76-628949293f7c,c031860f-6bc3-4737-b269-4f00afa9422d,2,,,,,,,,{},2025-11-04 18:36:12.098000,
c9864b8e-8e08-487f-ac5c-f1eb5e4783fc,16fabf82-1694-47cc-9435-61fb974d16fb,1,,,,,,,,{},2025-11-04 18:36:12.098000,
f9acdd75-2f01-40aa-9f89-9702ce3a4431,16fabf82-1694-47cc-9435-61fb974d16fb,1.5,,,,,,,,{},2025-11-04 18:36:12.098000,
c448882b-c894-4dd1-8285-3a51da75f293,16fabf82-1694-47cc-9435-61fb974d16fb,2,,,,,,,,{},2025-11-04 18:36:12.098000,
7160eb92-d9af-42be-9b0d-7c004c129702,76c2ba3a-9f69-41a1-9c86-b875287142e9,1,,,,,,,,{},2025-11-04 18:36:12.098000,
84ec1598-a0e5-436b-a3b8-a7862e5c79d4,76c2ba3a-9f69-41a1-9c86-b875287142e9,1.5,,,,,,,,{},2025-11-04 18:36:12.098000,
cb7e7f3d-614b-4237-afea-cba25054bd2c,76c2ba3a-9f69-41a1-9c86-b875287142e9,2,,,,,,,,{},2025-11-04 18:36:12.098000,
0bf638d2-85a1-4dae-ad3a-64b795f9000f,d3e70b8f-25aa-4aaa-884a-f3a17f400e27,1,,,,,,,,{},2025-11-04 18:36:12.098000,
a94bbcbb-f920-44ac-a177-47721197635e,d3e70b8f-25aa-4aaa-884a-f3a17f400e27,1.5,,,,,,,,{},2025-11-04 18:36:12.098000,
cedcf71b-9415-43d4-b2bb-fb755166855e,d3e70b8f-25aa-4aaa-884a-f3a17f400e27,2,,,,,,,,{},2025-11-04 18:36:12.098000,
91fbdee4-5e9d-4288-bc8c-65ff121217bc,02cd6b13-353b-44f1-88dd-d9fdf922e9b1,1,,,,,,,,{},2025-11-04 18:36:12.098000,
14cef9d6-b3e1-4004-a907-6ef1dceb33d9,02cd6b13-353b-44f1-88dd-d9fdf922e9b1,1.5,,,,,,,,{},2025-11-04 18:36:12.098000,
c9cef3e7-6348-45c0-8c3f-e97093772ee2,02cd6b13-353b-44f1-88dd-d9fdf922e9b1,2,,,,,,,,{},2025-11-04 18:36:12.098000,
e1c561bf-ee53-4230-a9f3-5a68bad7da37,22d2c154-d32f-4b09-b59e-026c91b9e988,1,,,,,,,,{},2025-11-04 18:36:12.098000,
42689b8e-3a58-4f72-958f-36d16e6192eb,22d2c154-d32f-4b09-b59e-026c91b9e988,1.5,,,,,,,,{},2025-11-04 18:36:12.098000,
c4bad5e4-cba7-4fbd-a80b-59effeb3c5de,22d2c154-d32f-4b09-b59e-026c91b9e988,2,,,,,,,,{},2025-11-04 18:36:12.098000,
ec5e256a-c29e-4b99-85dd-cec7232e0fed,ba8e09c0-95ca-412f-b2ae-1fc885922e0c,1,,,,,,,,{},2025-11-04 18:36:12.098000,
7a9738a8-eee2-43c4-81d0-c43dbeb11464,ba8e09c0-95ca-412f-b2ae-1fc885922e0c,1.5,,,,,,,,{},2025-11-04 18:36:12.098000,
d238ae11-3069-4638-99c1-a428991f8413,ba8e09c0-95ca-412f-b2ae-1fc885922e0c,2,,,,,,,,{},2025-11-04 18:36:12.098000,
a4865e57-5496-4226-b39c-6de5fba815b4,259dd6bd-1f93-45d9-b4f3-aa77bb8534cf,1,,,,,,,,{},2025-11-04 18:36:12.098000,
d699a23d-e8a3-45d8-8fa5-bcb71566a06c,259dd6bd-1f93-45d9-b4f3-aa77bb8534cf,1.5,,,,,,,,{},2025-11-04 18:36:12.098000,
505bfe06-2f85-4d13-bb25-82968788822d,259dd6bd-1f93-45d9-b4f3-aa77bb8534cf,2,,,,,,,,{},2025-11-04 18:36:12.098000,
0ee0edb5-3fe2-4154-90d9-897bb8747994,2215eaa0-8d3c-4f83-8957-920370ded49f,1,,,,,,,,{},2025-11-04 18:36:12.098000,
9a5e057c-04e4-43e9-88a5-cc67dc4c60b8,2215eaa0-8d3c-4f83-8957-920370ded49f,1.5,,,,,,,,{},2025-11-04 18:36:12.098000,
c8b989ad-caa9-46b0-84e9-1e0898eb9041,2215eaa0-8d3c-4f83-8957-920370ded49f,2,,,,,,,,{},2025-11-04 18:36:12.098000,
09e75951-c8a7-4e15-a2f2-c50045e4f59c,45bcf564-acf5-4f1a-8c29-462de77b29fd,1,,,,,,,,{},2025-11-04 18:36:12.098000,
95cc2011-439b-4bcd-8c5e-5d4771e1cba1,45bcf564-acf5-4f1a-8c29-462de77b29fd,1.5,,,,,,,,{},2025-11-04 18:36:12.098000,
40ef463d-ee97-4d08-9e0b-8381c8cd2877,45bcf564-acf5-4f1a-8c29-462de77b29fd,2,,,,,,,,{},2025-11-04 18:36:12.098000,
b6951697-08f1-4602-aece-aae2f56cd09c,6be33ddd-117f-4029-92af-dffc4d6036cb,1,,,,,,,,{},2025-11-04 18:36:12.098000,
1d79a4e1-43b3-4bd5-b7b5-d03ccde3280f,6be33ddd-117f-4029-92af-dffc4d6036cb,1.5,,,,,,,,{},2025-11-04 18:36:12.098000,
85f073cb-3ec3-47fd-9cdc-1f4542df4dd5,6be33ddd-117f-4029-92af-dffc4d6036cb,2,,,,,,,,{},2025-11-04 18:36:12.098000,
12c1f08b-8b7c-45d1-a79d-e8b28b54c26b,fb1bb866-7e83-4f30-b884-343343bf32aa,1,,,,,,,,{},2025-11-04 18:36:12.098000,
9188ce4b-3345-468e-b392-c3e5c51a3f48,fb1bb866-7e83-4f30-b884-343343bf32aa,1.5,,,,,,,,{},2025-11-04 18:36:12.098000,
d5192185-3892-4e5e-979f-f426da2a60f7,fb1bb866-7e83-4f30-b884-343343bf32aa,2,,,,,,,,{},2025-11-04 18:36:12.098000,
aa984908-df57-4cb6-a05f-d88e2d3097ab,df929c37-308e-4ff1-84dd-51f57d9012ee,1,,,,,,,,{},2025-11-04 18:36:12.098000,
1fffe368-63b3-4cf5-bc6f-f859b4f741b1,df929c37-308e-4ff1-84dd-51f57d9012ee,1.5,,,,,,,,{},2025-11-04 18:36:12.098000,
c4cd38d4-1951-4bc7-98f2-60146e06137c,df929c37-308e-4ff1-84dd-51f57d9012ee,2,,,,,,,,{},2025-11-04 18:36:12.098000,
9a06eb49-7619-4d26-97f5-f4547115f758,5d8ff55a-68e5-4797-a3db-bf84feb9b310,1,,,,,,,,{},2025-11-04 18:36:12.098000,
caa15cce-b8dd-4f32-ab0b-d7991794e16b,5d8ff55a-68e5-4797-a3db-bf84feb9b310,1.5,,,,,,,,{},2025-11-04 18:36:12.098000,
58d1599c-970d-4315-96de-23f06af07d9f,5d8ff55a-68e5-4797-a3db-bf84feb9b310,2,,,,,,,,{},2025-11-04 18:36:12.098000,
1a29aaaa-0bdd-483d-89de-b42c2e057210,664eb6c7-e731-49df-b3d0-315ff50f52b1,1,,,,,,,,{},2025-11-04 18:36:12.098000,
cd5d8d6c-3163-4423-9a85-7da6639071fe,664eb6c7-e731-49df-b3d0-315ff50f52b1,1.5,,,,,,,,{},2025-11-04 18:36:12.098000,
b856a9e9-5630-4020-a65f-12077211b9ac,664eb6c7-e731-49df-b3d0-315ff50f52b1,2,,,,,,,,{},2025-11-04 18:36:12.098000,
cf0abe78-442a-4809-b523-f651d85c3a21,843fc86b-643c-4b45-8181-34f1d0448751,1,,,,,,,,{},2025-11-04 18:36:12.098000,
150c8941-5f37-48e5-abc5-96d1bb088675,843fc86b-643c-4b45-8181-34f1d0448751,1.5,,,,,,,,{},2025-11-04 18:36:12.098000,
d8bf4e2b-221b-4e5a-9215-ca984b4e3d62,843fc86b-643c-4b45-8181-34f1d0448751,2,,,,,,,,{},2025-11-04 18:36:12.098000,
2c0e5f93-75fb-4e15-83d7-311af1dce9c5,ea500c64-0387-46db-8cc3-f4a0c12a6ffe,1,,,,,,,,{},2025-11-04 18:36:12.098000,
db3249ed-a535-4c21-9502-ae1dbca88472,ea500c64-0387-46db-8cc3-f4a0c12a6ffe,1.5,,,,,,,,{},2025-11-04 18:36:12.098000,
4b5ec63b-2845-483c-9001-a4d9f558ddb3,ea500c64-0387-46db-8cc3-f4a0c12a6ffe,2,,,,,,,,{},2025-11-04 18:36:12.098000,
25145d29-dfb3-410c-b4ad-25e05ead6930,541e935f-4a27-432a-be80-bac06b74e495,1,,,,,,,,{},2025-11-04 18:36:12.098000,
c6b86d84-4982-4609-9aff-54ad10bfd36f,541e935f-4a27-432a-be80-bac06b74e495,1.5,,,,,,,,{},2025-11-04 18:36:12.098000,
4a352e24-d4c2-4620-8a47-24c2e9f5c9b1,541e935f-4a27-432a-be80-bac06b74e495,2,,,,,,,,{},2025-11-04 18:36:12.098000,
c3ee772a-c555-46e2-8f36-b653221aa8ff,3602f9f9-78dc-450b-81cd-4ac7ee112ac8,1,,,,,,,,{},2025-11-04 18:36:12.098000,
18dd891a-01c6-49d3-8afa-0acd0fc5358a,3602f9f9-78dc-450b-81cd-4ac7ee112ac8,1.5,,,,,,,,{},2025-11-04 18:36:12.098000,
fee6fcc0-156d-43f5-92ac-2151f78bf59c,3602f9f9-78dc-450b-81cd-4ac7ee112ac8,2,,,,,,,,{},2025-11-04 18:36:12.098000,
dd7b7628-78a5-4a38-87ba-e48c9e3a24e0,fbce99f9-2d88-4794-a588-046743ad81b2,1,,,,,,,,{},2025-11-04 18:36:12.098000,
1d37100f-f1f0-433d-97e2-800f8649a9d4,fbce99f9-2d88-4794-a588-046743ad81b2,1.5,,,,,,,,{},2025-11-04 18:36:12.098000,
180720ab-a250-43e1-ab9b-6d91ceec259d,fbce99f9-2d88-4794-a588-046743ad81b2,2,,,,,,,,{},2025-11-04 18:36:12.098000,
ad009b0d-29b3-4383-9f99-9c9b85df7b27,1b1a76f9-b376-477a-a514-228dba59dc8c,1,,,,,,,,{},2025-11-04 18:36:12.098000,
709ebcf9-3635-481b-8f45-9f9fe7bd4578,1b1a76f9-b376-477a-a514-228dba59dc8c,1.5,,,,,,,,{},2025-11-04 18:36:12.098000,
081069c4-880a-4d49-9ec1-b59232062599,1b1a76f9-b376-477a-a514-228dba59dc8c,2,,,,,,,,{},2025-11-04 18:36:12.098000,
8f2cd791-c10e-4947-bcf1-55b72d9033dd,a3938265-f42b-4872-81e0-cbb71a52f21c,1,,,,,,,,{},2025-11-04 18:36:12.098000,
17ef2c43-5241-47cd-a1e9-0ebd157c25d4,a3938265-f42b-4872-81e0-cbb71a52f21c,1.5,,,,,,,,{},2025-11-04 18:36:12.098000,
0e7a9a4d-94ef-43fe-b071-4984eaec066f,a3938265-f42b-4872-81e0-cbb71a52f21c,2,,,,,,,,{},2025-11-04 18:36:12.098000,
4f5cab58-b6c7-4957-bcb7-7fd2ca64dfe1,6224df2c-d616-4de2-96c7-2e7848d316a6,1,,,,,,,,{},2025-11-04 18:36:12.098000,
86412f3c-37ef-4dec-83f2-672f12f7301f,6224df2c-d616-4de2-96c7-2e7848d316a6,1.5,,,,,,,,{},2025-11-04 18:36:12.098000,
83365855-c92b-4a0c-9994-8738db1f08b1,6224df2c-d616-4de2-96c7-2e7848d316a6,2,,,,,,,,{},2025-11-04 18:36:12.098000,
2b570c45-58bd-4224-b42f-f7ba4c32f98d,8459aa9c-968e-4f4c-bec3-90f956de0328,1,,,,,,,,{},2025-11-04 18:36:12.098000,
5ca2a066-f97a-45f9-a793-c9faac40235d,8459aa9c-968e-4f4c-bec3-90f956de0328,1.5,,,,,,,,{},2025-11-04 18:36:12.098000,
e4048cb9-d682-4ddd-abc3-ba61e5825ad1,8459aa9c-968e-4f4c-bec3-90f956de0328,2,,,,,,,,{},2025-11-04 18:36:12.098000,
ce0dc0c3-7ffe-434d-8b36-05b2f43dee41,04f2e7fe-3fa8-4faf-a3bd-9b5a350ec147,1,,,,,,,,{},2025-11-04 18:36:12.098000,
bf3e8ea0-fc44-4881-8dd6-ad7c04f4f151,04f2e7fe-3fa8-4faf-a3bd-9b5a350ec147,1.5,,,,,,,,{},2025-11-04 18:36:12.098000,
a78a7e20-0a80-4682-817d-bb8261a5984c,04f2e7fe-3fa8-4faf-a3bd-9b5a350ec147,2,,,,,,,,{},2025-11-04 18:36:12.098000,
f45d838a-bab5-4c02-b096-18de8cefeb46,91c0f50f-4ee3-4619-bed1-01df416e4533,1,,,,,,,,{},2025-11-04 18:36:12.098000,
52480c09-80cc-488d-aca9-53d6ec7ad7fc,91c0f50f-4ee3-4619-bed1-01df416e4533,1.5,,,,,,,,{},2025-11-04 18:36:12.098000,
d12ef761-f847-412c-9db1-1221db911124,91c0f50f-4ee3-4619-bed1-01df416e4533,2,,,,,,,,{},2025-11-04 18:36:12.098000,
a456eb40-cb07-4230-9d09-c4df0a671852,158165df-7727-4d78-891e-de8f79f62809,1,,,,,,,,{},2025-11-04 18:36:12.098000,
ed0ea3b3-9cf9-41cd-b008-0aca0b6ba26f,158165df-7727-4d78-891e-de8f79f62809,1.5,,,,,,,,{},2025-11-04 18:36:12.098000,
940cd5f1-4f44-4ab5-be69-fdf3a61d5064,158165df-7727-4d78-891e-de8f79f62809,2,,,,,,,,{},2025-11-04 18:36:12.098000,
a0105a48-c2d8-41da-a6de-17e1e97bdf12,d25f0623-a6b0-474a-9643-bef3b2ddffd0,1,,,,,,,,{},2025-11-04 18:36:12.098000,
13298835-4f98-48e9-9b8b-cf461bf427cf,d25f0623-a6b0-474a-9643-bef3b2ddffd0,1.5,,,,,,,,{},2025-11-04 18:36:12.098000,
cd6f9051-9577-48bb-ae36-38b952801f65,d25f0623-a6b0-474a-9643-bef3b2ddffd0,2,,,,,,,,{},2025-11-04 18:36:12.098000,
9668d955-09b3-4f6d-8c2f-85a174cc6cd5,bf42efd8-a512-4e54-8698-c4f100b1dbc3,1,,,,,,,,{},2025-11-04 18:36:12.098000,
105fce7e-e6b3-4ace-bdc2-d6e9fbb6b30e,bf42efd8-a512-4e54-8698-c4f100b1dbc3,1.5,,,,,,,,{},2025-11-04 18:36:12.098000,
d32e1f42-0528-4dcb-b9bf-8b38115e175a,bf42efd8-a512-4e54-8698-c4f100b1dbc3,2,,,,,,,,{},2025-11-04 18:36:12.098000,
ef0191ee-6046-4220-b623-a3cb38ab7523,ff30a252-c1ea-427b-bc2e-77ae954eea47,1,,,,,,,,{},2025-11-04 18:36:12.098000,
2afd354c-1e06-4628-912b-e2532d4491da,ff30a252-c1ea-427b-bc2e-77ae954eea47,1.5,,,,,,,,{},2025-11-04 18:36:12.098000,
7328f451-06da-4f4b-b787-7c9b64a3b6e9,ff30a252-c1ea-427b-bc2e-77ae954eea47,2,,,,,,,,{},2025-11-04 18:36:12.098000,
7350fbc1-de97-4b35-ae27-0dfc3665b222,11ec9df1-3e39-4da3-8f1e-fc5139c5481e,1,,,,,,,,{},2025-11-04 18:36:12.098000,
0b97aa89-d1b3-4ee0-aca7-1be152db4089,11ec9df1-3e39-4da3-8f1e-fc5139c5481e,1.5,,,,,,,,{},2025-11-04 18:36:12.098000,
0e29807b-58f1-4233-a6b0-f7e54485a00d,11ec9df1-3e39-4da3-8f1e-fc5139c5481e,2,,,,,,,,{},2025-11-04 18:36:12.098000,
1aa1d3c5-a826-4e1f-9a1c-77d31ad381ce,ae133126-1d4d-4a74-b8a7-40cc3d376ec1,1,,,,,,,,{},2025-11-04 18:36:12.098000,
7426e191-3a56-449b-943b-f9d8accda189,ae133126-1d4d-4a74-b8a7-40cc3d376ec1,1.5,,,,,,,,{},2025-11-04 18:36:12.098000,
39038b6e-cfda-4641-86b0-4c2b2d6edf97,ae133126-1d4d-4a74-b8a7-40cc3d376ec1,2,,,,,,,,{},2025-11-04 18:36:12.098000,
6fd99fce-6de8-4b49-85ea-e67b9c0bffd5,6ae1cb8d-6fda-439a-a2cf-47e16e4689df,1,,,,,,,,{},2025-11-04 18:36:12.098000,
dd2d5d6c-8388-4ab1-9fa5-a854ac01bd86,6ae1cb8d-6fda-439a-a2cf-47e16e4689df,1.5,,,,,,,,{},2025-11-04 18:36:12.098000,
00bdcd2f-92ff-42e0-bf9a-ef6294897a61,6ae1cb8d-6fda-439a-a2cf-47e16e4689df,2,,,,,,,,{},2025-11-04 18:36:12.098000,
20a1ea56-b011-40d1-93a5-d7d99136e9a3,1b02e7bf-718b-431b-b877-2b7a43b02fc8,1,,,,,,,,{},2025-11-04 18:36:12.098000,
82a18440-531c-4a92-92e3-1176ca449e9c,1b02e7bf-718b-431b-b877-2b7a43b02fc8,1.5,,,,,,,,{},2025-11-04 18:36:12.098000,
8d41e44d-6deb-48ee-bc7b-1812bf156c05,1b02e7bf-718b-431b-b877-2b7a43b02fc8,2,,,,,,,,{},2025-11-04 18:36:12.098000,
7e369862-a3e9-453d-ad9d-9e9b8f6911f9,6dda62d8-3a40-480c-872c-9b1d8feba854,1,,,,,,,,{},2025-11-04 18:36:12.098000,
0cec03a7-f23c-4997-b1f1-190e71bc4bfc,6dda62d8-3a40-480c-872c-9b1d8feba854,1.5,,,,,,,,{},2025-11-04 18:36:12.098000,
ca631f8e-3d15-4c61-b40b-8eb4d1177d87,6dda62d8-3a40-480c-872c-9b1d8feba854,2,,,,,,,,{},2025-11-04 18:36:12.098000,
aba3cafd-3b11-409a-a711-b7021288ac54,923e1acd-2bbc-4646-8c03-81e50d580b1f,1.5,,,,,,,,{},2025-11-04 18:36:12.098000,
114cc735-e400-4c05-a289-fe7f42456382,923e1acd-2bbc-4646-8c03-81e50d580b1f,2,,,,,,,,{},2025-11-04 18:36:12.098000,
6740890c-c3e3-463f-8b00-fa202c90bac5,7c76b8dd-4d86-4713-9211-7807489c8592,1,,,,,,,,{},2025-11-04 18:36:12.098000,
eb15c97f-c86a-4c53-9cb4-501e27a5899e,7c76b8dd-4d86-4713-9211-7807489c8592,1.5,,,,,,,,{},2025-11-04 18:36:12.098000,
78461207-5779-4ab9-864b-e8457da9e6f9,7c76b8dd-4d86-4713-9211-7807489c8592,2,,,,,,,,{},2025-11-04 18:36:12.098000,
951d0cd3-3ef5-46b4-9b31-df7ced01a070,ef9de67f-19dc-471d-b334-61ca18e47c5b,1,,,,,,,,{},2025-11-04 18:36:12.098000,
9e29bcf2-87b7-4863-a2e3-44a3af50d8f7,ef9de67f-19dc-471d-b334-61ca18e47c5b,1.5,,,,,,,,{},2025-11-04 18:36:12.098000,
36f24413-17d4-4946-a058-1039ff4011fc,ef9de67f-19dc-471d-b334-61ca18e47c5b,2,,,,,,,,{},2025-11-04 18:36:12.098000,
792f170e-18cd-4fee-84c3-c562d3164c49,7ddf9393-f2c2-4a63-91a6-b3cc9ca2e5b1,1,,,,,,,,{},2025-11-04 18:36:12.098000,
4b534a1c-4949-47b7-b369-e8a4f7fe964e,7ddf9393-f2c2-4a63-91a6-b3cc9ca2e5b1,1.5,,,,,,,,{},2025-11-04 18:36:12.098000,
0272c790-7713-4fcf-9138-64642c46f6aa,7ddf9393-f2c2-4a63-91a6-b3cc9ca2e5b1,2,,,,,,,,{},2025-11-04 18:36:12.098000,
e39614fe-e8e2-4c9d-bd40-61379a25dd4a,580f76b2-7875-4562-9862-dd3b2a425fed,1,,,,,,,,{},2025-11-04 18:36:12.098000,
c8274966-4770-4787-8001-3d3df5b3a0a2,580f76b2-7875-4562-9862-dd3b2a425fed,1.5,,,,,,,,{},2025-11-04 18:36:12.098000,
af42d9b2-945f-4c0c-b6de-d481fb2dd0e6,580f76b2-7875-4562-9862-dd3b2a425fed,2,,,,,,,,{},2025-11-04 18:36:12.098000,
e042e5b6-c3c5-4143-a755-e7a81dd2a254,53010852-ccd0-40cc-b59b-5f8eabf9d23f,1,,,,,,,,{},2025-11-04 18:36:12.098000,
56b4600a-c261-40fb-85e9-a14e8c125a3e,53010852-ccd0-40cc-b59b-5f8eabf9d23f,1.5,,,,,,,,{},2025-11-04 18:36:12.098000,
e7416e42-7e8a-48d4-977d-a251fb3282c4,53010852-ccd0-40cc-b59b-5f8eabf9d23f,2,,,,,,,,{},2025-11-04 18:36:12.098000,
151aa74b-e8e3-415f-9c31-9acbfd53f87e,bdd7990c-f05e-404e-b991-8d6784b917a0,1,,,,,,,,{},2025-11-04 18:36:12.098000,
ce0cedfe-5c1e-4088-b336-366cde48efb5,bdd7990c-f05e-404e-b991-8d6784b917a0,1.5,,,,,,,,{},2025-11-04 18:36:12.098000,
a7a16fce-ce4c-44e7-8d61-199608700988,bdd7990c-f05e-404e-b991-8d6784b917a0,2,,,,,,,,{},2025-11-04 18:36:12.098000,
6a0ae023-41c9-4c01-9a66-cab1cd8ec935,c83789eb-358a-4b2b-94ad-34906ed9f993,1,,,,,,,,{},2025-11-04 18:36:12.098000,
3f2add33-7809-456b-971e-7f1f653f5da9,c83789eb-358a-4b2b-94ad-34906ed9f993,1.5,,,,,,,,{},2025-11-04 18:36:12.098000,
02c904a2-3ace-4243-8bcc-dc3f9696f824,c83789eb-358a-4b2b-94ad-34906ed9f993,2,,,,,,,,{},2025-11-04 18:36:12.098000,
65177536-022d-43a0-9935-f817a7e37ddf,22d10f9f-9649-4f83-802d-b6bf593a59dc,1,,,,,,,,{},2025-11-04 18:36:12.098000,
8ce03b29-f16d-484d-ba33-854a898f1d26,22d10f9f-9649-4f83-802d-b6bf593a59dc,1.5,,,,,,,,{},2025-11-04 18:36:12.098000,
07edd1ef-8d03-455f-bdae-3d920b6f422f,22d10f9f-9649-4f83-802d-b6bf593a59dc,2,,,,,,,,{},2025-11-04 18:36:12.098000,
ed67e31d-91e1-4ea1-ab79-cbfe7c099368,7ca65533-c5c0-4765-9b73-8d58d74b140b,1,,,,,,,,{},2025-11-04 18:36:12.098000,
95618997-b895-4733-879a-40cec299ad93,7ca65533-c5c0-4765-9b73-8d58d74b140b,1.5,,,,,,,,{},2025-11-04 18:36:12.098000,
6c70dc04-ecd2-4aae-8bcb-9cbaa2d9659c,7ca65533-c5c0-4765-9b73-8d58d74b140b,2,,,,,,,,{},2025-11-04 18:36:12.098000,
acadeda9-2fb0-4245-91f7-26bb8ca34c08,94f91921-43b0-4f39-9c00-39c4a88a8877,1,,,,,,,,{},2025-11-04 18:36:12.098000,
6d93a6b8-5220-4c9e-b822-e76c30dfaf9a,94f91921-43b0-4f39-9c00-39c4a88a8877,1.5,,,,,,,,{},2025-11-04 18:36:12.098000,
551e5303-de7f-44af-a20d-424e2509adbe,94f91921-43b0-4f39-9c00-39c4a88a8877,2,,,,,,,,{},2025-11-04 18:36:12.098000,
702fbaea-6d71-49a7-ae3c-7901f731ca08,d94e5e14-8314-402e-976c-2a7915081a65,1,,,,,,,,{},2025-11-04 18:36:12.098000,
09f8ffb3-d8ec-449b-8606-249393595dd7,d94e5e14-8314-402e-976c-2a7915081a65,1.5,,,,,,,,{},2025-11-04 18:36:12.098000,
a8b3e493-8278-4590-91b8-124e86f50723,d94e5e14-8314-402e-976c-2a7915081a65,2,,,,,,,,{},2025-11-04 18:36:12.098000,
cfd0705f-a174-4760-99ee-b1dc89a0cdd6,5d067029-b13c-4a75-ba8f-a220fef26432,1,,,,,,,,{},2025-11-04 18:36:12.098000,
f0c26d74-f8ed-4baa-8582-1214c2248a5a,5d067029-b13c-4a75-ba8f-a220fef26432,1.5,,,,,,,,{},2025-11-04 18:36:12.098000,
52e2c1fe-c5e1-411b-88ab-56cb6d11120f,5d067029-b13c-4a75-ba8f-a220fef26432,2,,,,,,,,{},2025-11-04 18:36:12.098000,
99562341-5312-4bb3-aa7d-7e2e8f942d17,da64c172-68a0-4d40-8016-d11672863e68,1,,,,,,,,{},2025-11-04 18:36:12.098000,
deb440f9-6c72-46ee-b83d-da012be0e4ea,da64c172-68a0-4d40-8016-d11672863e68,1.5,,,,,,,,{},2025-11-04 18:36:12.098000,
dad425d1-f79c-4145-911f-84d7c96887fd,da64c172-68a0-4d40-8016-d11672863e68,2,,,,,,,,{},2025-11-04 18:36:12.098000,
6e4d5b60-b8e3-49f3-9bc7-afe49e4aec3f,f68381aa-66f2-47bd-b0e6-105b5bd7f035,1,,,,,,,,{},2025-11-04 18:36:12.098000,
d0b41934-2f17-4c9f-8625-645b3757982a,f68381aa-66f2-47bd-b0e6-105b5bd7f035,1.5,,,,,,,,{},2025-11-04 18:36:12.098000,
faf760ef-dc07-4ef1-8394-d7fcc9ba02c2,f68381aa-66f2-47bd-b0e6-105b5bd7f035,2,,,,,,,,{},2025-11-04 18:36:12.098000,
af034f81-4340-4ee6-bd4d-ea08642f3504,48e77b2e-57f6-4f75-af40-569025868be7,1,,,,,,,,{},2025-11-04 18:36:12.098000,
bed0b742-eddc-45f1-939e-b41aeda2ca3b,48e77b2e-57f6-4f75-af40-569025868be7,1.5,,,,,,,,{},2025-11-04 18:36:12.098000,
5d2821d7-50f6-4602-acde-f1a6fe3215b8,48e77b2e-57f6-4f75-af40-569025868be7,2,,,,,,,,{},2025-11-04 18:36:12.098000,
51a4333b-58cf-4a3a-8e84-2a6866ceb944,b87f4500-9665-4ebd-85fb-623711881de9,1,,,,,,,,{},2025-11-04 18:36:12.098000,
4c943ced-700d-4606-a5d4-ff2e8875c6e4,b87f4500-9665-4ebd-85fb-623711881de9,1.5,,,,,,,,{},2025-11-04 18:36:12.098000,
4d49c78e-6c2f-4c1b-9660-196c6b44858b,b87f4500-9665-4ebd-85fb-623711881de9,2,,,,,,,,{},2025-11-04 18:36:12.098000,
0b126296-bd65-4143-bf79-e2ef9da09b82,37925da3-fc56-40d7-8554-d24b588c51c4,1,,,,,,,,{},2025-11-04 18:36:12.098000,
b7f7b0fb-81aa-4cdb-8ccb-7c99a3a6e56a,37925da3-fc56-40d7-8554-d24b588c51c4,1.5,,,,,,,,{},2025-11-04 18:36:12.098000,
f9fdf848-8d23-47f4-bc37-dd45d4996d90,37925da3-fc56-40d7-8554-d24b588c51c4,2,,,,,,,,{},2025-11-04 18:36:12.098000,
fdf941a1-c75e-4db9-8812-fd57acc0a78e,31345a63-9da7-423c-9c2b-1348e0606a7b,1,,,,,,,,{},2025-11-04 18:36:12.098000,
235890e5-8e53-45dd-a286-370b72068d3d,31345a63-9da7-423c-9c2b-1348e0606a7b,1.5,,,,,,,,{},2025-11-04 18:36:12.098000,
ac56c6d2-1760-41f8-8119-a9a72cd019d3,31345a63-9da7-423c-9c2b-1348e0606a7b,2,,,,,,,,{},2025-11-04 18:36:12.098000,
ef26a447-0c46-4b9d-88c4-f2b84256bf81,2a75205d-0408-46a2-be9f-673829700c0f,1,,,,,,,,{},2025-11-04 18:36:12.098000,
28e3d4de-256d-42a7-aa74-0c0b9cd9c80e,2a75205d-0408-46a2-be9f-673829700c0f,1.5,,,,,,,,{},2025-11-04 18:36:12.098000,
77635085-3a85-4962-8bda-337c6bb8cb57,2a75205d-0408-46a2-be9f-673829700c0f,2,,,,,,,,{},2025-11-04 18:36:12.098000,
4422539a-e540-4266-9b1b-5f8b7d491ac5,428e3142-2ab4-4eec-be6b-3da56fd91bad,1,,,,,,,,{},2025-11-04 18:36:12.098000,
625155ca-add1-440a-b7e6-e4be4ab3e87c,428e3142-2ab4-4eec-be6b-3da56fd91bad,1.5,,,,,,,,{},2025-11-04 18:36:12.098000,
503fc8bf-96c4-4230-9f1d-111791a373b6,428e3142-2ab4-4eec-be6b-3da56fd91bad,2,,,,,,,,{},2025-11-04 18:36:12.098000,
364c02c3-6a5b-4b1e-9d25-08330291d5d2,a7461ec4-bc9e-4bfb-8812-734e628ff61a,1,,,,,,,,{},2025-11-04 18:36:12.098000,
d07a26be-6b05-471f-9c84-fbd2a053da27,a7461ec4-bc9e-4bfb-8812-734e628ff61a,1.5,,,,,,,,{},2025-11-04 18:36:12.098000,
1e31a7a1-c8df-4461-aba4-f3baa0aec007,a7461ec4-bc9e-4bfb-8812-734e628ff61a,2,,,,,,,,{},2025-11-04 18:36:12.098000,
3acc692b-006e-4f52-ab8b-cb795fd80b01,d1449b65-d311-4cf4-8148-dfe5337875c0,1,,,,,,,,{},2025-11-04 18:36:12.098000,
7ea0a61e-ef81-4e1e-a6c2-6cb8eccd6cdf,d1449b65-d311-4cf4-8148-dfe5337875c0,1.5,,,,,,,,{},2025-11-04 18:36:12.098000,
4bd3c754-aedf-4332-9cff-74e5c0240ad4,d1449b65-d311-4cf4-8148-dfe5337875c0,2,,,,,,,,{},2025-11-04 18:36:12.098000,
b5a4d8a8-239b-4f2b-ab4c-5cf674f10ea3,e59b1879-7c76-4255-b591-7d1a42503bd6,1,,,,,,,,{},2025-11-04 18:36:12.098000,
99ce00ff-587a-4dac-a333-bb047ec6bf08,e59b1879-7c76-4255-b591-7d1a42503bd6,1.5,,,,,,,,{},2025-11-04 18:36:12.098000,
554ab53f-7427-4802-8769-0b81b1b7e8d2,e59b1879-7c76-4255-b591-7d1a42503bd6,2,,,,,,,,{},2025-11-04 18:36:12.098000,
87ec93eb-3476-42df-9662-38c83c5227c1,3720be87-6417-4481-a096-8cb4a1a3278a,1,,,,,,,,{},2025-11-04 18:36:12.098000,
2587b1dd-6806-4e73-a811-ca128182c9bd,3720be87-6417-4481-a096-8cb4a1a3278a,1.5,,,,,,,,{},2025-11-04 18:36:12.098000,
998c6baa-6c49-4ba4-badf-063de3f5c95f,3720be87-6417-4481-a096-8cb4a1a3278a,2,,,,,,,,{},2025-11-04 18:36:12.098000,
f1609e61-036a-472c-99ca-9e08eb4c3656,dfdbf087-fdc4-44ed-9b7c-27f3c6837fe5,1,,,,,,,,{},2025-11-04 18:36:12.098000,
0c9fe517-71cd-4783-9c6b-5f38110a435d,dfdbf087-fdc4-44ed-9b7c-27f3c6837fe5,1.5,,,,,,,,{},2025-11-04 18:36:12.098000,
2fc84041-fefb-4828-b2c8-74ba2e51b77f,dfdbf087-fdc4-44ed-9b7c-27f3c6837fe5,2,,,,,,,,{},2025-11-04 18:36:12.098000,
cbc10230-4a93-4fe9-ba17-2b098dfa1d07,46718668-504c-4ee3-8e01-ad3f08665833,1,,,,,,,,{},2025-11-04 18:36:12.098000,
7ecfe602-9949-44f5-877a-64a975b17304,46718668-504c-4ee3-8e01-ad3f08665833,1.5,,,,,,,,{},2025-11-04 18:36:12.098000,
b5cd8352-b85e-465c-8456-ae9c8a95bfc3,46718668-504c-4ee3-8e01-ad3f08665833,2,,,,,,,,{},2025-11-04 18:36:12.098000,
e1080336-c6f4-45d6-b6c4-7fae1aa52ab7,ef74554d-3230-42dc-bfe8-43f84fca547b,1,,,,,,,,{},2025-11-04 18:36:12.098000,
e17b4488-ec69-43de-82e3-3ec0fd28cb47,ef74554d-3230-42dc-bfe8-43f84fca547b,1.5,,,,,,,,{},2025-11-04 18:36:12.098000,
df7bcae1-e1d4-432f-a94f-7cedc7ebb25c,ef74554d-3230-42dc-bfe8-43f84fca547b,2,,,,,,,,{},2025-11-04 18:36:12.098000,
43f96bf4-2ff3-4b80-bc33-bcb1624f802e,f222c097-f648-4785-a776-48e385ca9ec4,1,,,,,,,,{},2025-11-04 18:36:12.098000,
0114eccf-82d5-4620-943f-d00a37f27c58,f222c097-f648-4785-a776-48e385ca9ec4,1.5,,,,,,,,{},2025-11-04 18:36:12.098000,
2d4c8ff0-c003-4a63-a71d-464241e18053,f222c097-f648-4785-a776-48e385ca9ec4,2,,,,,,,,{},2025-11-04 18:36:12.098000,
15c452a1-8b0d-4f8b-935c-6348f80c2b13,9c7eab9d-54a0-46a1-a2d7-a96210248209,1,,,,,,,,{},2025-11-04 18:36:12.098000,
4cd26abf-29ae-4b8e-9db3-3fa397edd041,9c7eab9d-54a0-46a1-a2d7-a96210248209,1.5,,,,,,,,{},2025-11-04 18:36:12.098000,
7d0edf69-4657-49a5-a4cd-f617df106cf8,9c7eab9d-54a0-46a1-a2d7-a96210248209,2,,,,,,,,{},2025-11-04 18:36:12.098000,
7dd775ce-4823-49a7-8597-4a4ae126f7c5,4b75b463-a009-49d5-af3e-c8872acbbe76,1,,,,,,,,{},2025-11-04 18:36:12.098000,
2834545a-d4dc-4a17-a1af-3fed1801509e,4b75b463-a009-49d5-af3e-c8872acbbe76,1.5,,,,,,,,{},2025-11-04 18:36:12.098000,
2260e98a-4823-4a2a-a457-020cad9b048d,4b75b463-a009-49d5-af3e-c8872acbbe76,2,,,,,,,,{},2025-11-04 18:36:12.098000,
