id,essai_id,sieve_mm,percent_passing,created_at,methode,meta,created_by_batch,deleted_by_batch,deleted_at
641281a3-a8ca-42f0-9251-6e6856bc99f4,61c9f297-9344-4acc-9899-4ea5ec23e251,25,100,2025-11-03 16:46:18.100,tamisage,{},MD-20251103-ADANDOGOU-FULL,,
c3a60f82-ff6f-4321-afc1-e039e7e9b935,61c9f297-9344-4acc-9899-4ea5ec23e251,20,100,2025-11-03 16:46:18.100,tamisage,{},MD-20251103-ADANDOGOU-FULL,,
bff0977d-8882-4840-9d9e-e7866ad98a15,61c9f297-9344-4acc-9899-4ea5ec23e251,12.5,99.92,2025-11-03 16:46:18.100,tamisage,{},MD-20251103-ADANDOGOU-FULL,,
c15d7670-78b3-4a8c-acee-092f4232876e,61c9f297-9344-4acc-9899-4ea5ec23e251,10,99.92,2025-11-03 16:46:18.100,tamisage,{},MD-20251103-ADANDOGOU-FULL,,
a58007eb-e204-422e-9dd6-5d9187c89a07,61c9f297-9344-4acc-9899-4ea5ec23e251,8,99.78,2025-11-03 16:46:18.100,tamisage,{},MD-20251103-ADANDOGOU-FULL,,
7ba97c28-c6bb-4eef-a355-6fc24b019837,61c9f297-9344-4acc-9899-4ea5ec23e251,6.3,99.46,2025-11-03 16:46:18.100,tamisage,{},MD-20251103-ADANDOGOU-FULL,,
826e79ab-6c63-4466-a4df-62911ba3b378,61c9f297-9344-4acc-9899-4ea5ec23e251,5,98.99,2025-11-03 16:46:18.100,tamisage,{},MD-20251103-ADANDOGOU-FULL,,
ede8a6df-2c18-4aad-8205-f87f6d351608,61c9f297-9344-4acc-9899-4ea5ec23e251,4,98.56,2025-11-03 16:46:18.100,tamisage,{},MD-20251103-ADANDOGOU-FULL,,
c6d60639-6575-450b-88b3-d1f0cf4fca27,61c9f297-9344-4acc-9899-4ea5ec23e251,3.15,98.09,2025-11-03 16:46:18.100,tamisage,{},MD-20251103-ADANDOGOU-FULL,,
e53dca96-47ad-4d1e-85a3-fcf220abf900,61c9f297-9344-4acc-9899-4ea5ec23e251,2.5,97.26,2025-11-03 16:46:18.100,tamisage,{},MD-20251103-ADANDOGOU-FULL,,
360ad1a5-fdcb-4dc3-bc9e-9a3c67a9242a,61c9f297-9344-4acc-9899-4ea5ec23e251,2,96.08,2025-11-03 16:46:18.100,tamisage,{},MD-20251103-ADANDOGOU-FULL,,
2f5693b1-06d9-4a2e-8836-4be13b8e7557,61c9f297-9344-4acc-9899-4ea5ec23e251,1.6,94.05,2025-11-03 16:46:18.100,tamisage,{},MD-20251103-ADANDOGOU-FULL,,
7d55b5dc-f433-4ac2-8baf-6f7e11fc5bec,61c9f297-9344-4acc-9899-4ea5ec23e251,1.25,91.62,2025-11-03 16:46:18.100,tamisage,{},MD-20251103-ADANDOGOU-FULL,,
7a13df8a-415a-4121-972f-33b778954742,61c9f297-9344-4acc-9899-4ea5ec23e251,1,88.57,2025-11-03 16:46:18.100,tamisage,{},MD-20251103-ADANDOGOU-FULL,,
030b3ff8-a90f-497b-92cb-9ae0c44676e5,61c9f297-9344-4acc-9899-4ea5ec23e251,0.8,84.98,2025-11-03 16:46:18.100,tamisage,{},MD-20251103-ADANDOGOU-FULL,,
91af6318-e8a5-4faf-b013-56704fe23bac,61c9f297-9344-4acc-9899-4ea5ec23e251,0.63,78.47,2025-11-03 16:46:18.100,tamisage,{},MD-20251103-ADANDOGOU-FULL,,
307d05f6-74ff-4c0b-b45f-419b38acc684,61c9f297-9344-4acc-9899-4ea5ec23e251,0.5,73.84,2025-11-03 16:46:18.100,tamisage,{},MD-20251103-ADANDOGOU-FULL,,
676e3255-9b55-41b0-921d-424661128095,61c9f297-9344-4acc-9899-4ea5ec23e251,0.4,68.26,2025-11-03 16:46:18.100,tamisage,{},MD-20251103-ADANDOGOU-FULL,,
4bcb827a-c405-42a1-8e57-700396e6a54e,61c9f297-9344-4acc-9899-4ea5ec23e251,0.315,61.99,2025-11-03 16:46:18.100,tamisage,{},MD-20251103-ADANDOGOU-FULL,,
520bdcd4-b897-4de0-a3f1-efe4761f1a84,61c9f297-9344-4acc-9899-4ea5ec23e251,0.25,56.74,2025-11-03 16:46:18.100,tamisage,{},MD-20251103-ADANDOGOU-FULL,,
92eaa775-ffe4-48d7-9d74-aee47e9724b7,61c9f297-9344-4acc-9899-4ea5ec23e251,0.2,51.07,2025-11-03 16:46:18.100,tamisage,{},MD-20251103-ADANDOGOU-FULL,,
5bc7671d-8e72-490d-928f-5604dc5216c1,61c9f297-9344-4acc-9899-4ea5ec23e251,0.16,47.26,2025-11-03 16:46:18.100,tamisage,{},MD-20251103-ADANDOGOU-FULL,,
d65d284a-f9f9-402a-a2b4-a73b4ce61a2c,61c9f297-9344-4acc-9899-4ea5ec23e251,0.125,44.74,2025-11-03 16:46:18.100,tamisage,{},MD-20251103-ADANDOGOU-FULL,,
8a081545-549a-495d-93ff-2d6ae235b553,61c9f297-9344-4acc-9899-4ea5ec23e251,0.1,43.76,2025-11-03 16:46:18.100,tamisage,{},MD-20251103-ADANDOGOU-FULL,,
b2793b5d-76e9-4af0-bd54-c0c006bb63ff,61c9f297-9344-4acc-9899-4ea5ec23e251,0.08,43.3,2025-11-03 16:46:18.100,tamisage,{},MD-20251103-ADANDOGOU-FULL,,
be45d8c4-052b-429d-b9e5-0969306ba134,61c9f297-9344-4acc-9899-4ea5ec23e251,0.0714,39.8,2025-11-03 16:46:18.156,sedimentometrie,{},MD-20251103-ADANDOGOU-FULL,,
c1245aa2-28c6-4639-9475-64c63245ccb5,61c9f297-9344-4acc-9899-4ea5ec23e251,0.0506,36.19,2025-11-03 16:46:18.156,sedimentometrie,{},MD-20251103-ADANDOGOU-FULL,,
4f8cbc96-69a3-406a-b0b5-1bb2ffe841a9,61c9f297-9344-4acc-9899-4ea5ec23e251,0.0364,27.41,2025-11-03 16:46:18.156,sedimentometrie,{},MD-20251103-ADANDOGOU-FULL,,
5e32a6fd-d0a6-4448-9ada-fb60249c491c,61c9f297-9344-4acc-9899-4ea5ec23e251,0.0231,23.17,2025-11-03 16:46:18.156,sedimentometrie,{},MD-20251103-ADANDOGOU-FULL,,
3343f72b-e299-4a60-8382-5e78c6b54445,61c9f297-9344-4acc-9899-4ea5ec23e251,0.0163,19.36,2025-11-03 16:46:18.156,sedimentometrie,{},MD-20251103-ADANDOGOU-FULL,,
9a51c728-830c-4653-a3a2-b32efa85afd9,61c9f297-9344-4acc-9899-4ea5ec23e251,0.0115,15.49,2025-11-03 16:46:18.156,sedimentometrie,{},MD-20251103-ADANDOGOU-FULL,,
05a1e0fd-4c47-460a-91ba-c583159c64e1,61c9f297-9344-4acc-9899-4ea5ec23e251,0.00822,14.5,2025-11-03 16:46:18.156,sedimentometrie,{},MD-20251103-ADANDOGOU-FULL,,
b162fe5b-ccce-46fe-8f5f-a725cf726091,61c9f297-9344-4acc-9899-4ea5ec23e251,0.0058,13.51,2025-11-03 16:46:18.156,sedimentometrie,{},MD-20251103-ADANDOGOU-FULL,,
ac0d2c42-5582-4df9-8d44-8927f9329183,61c9f297-9344-4acc-9899-4ea5ec23e251,0.0034,13,2025-11-03 16:46:18.156,sedimentometrie,{},MD-20251103-ADANDOGOU-FULL,,
0613dd0a-63f4-49db-aa55-24ee985d5664,4f9ef790-d346-4e45-bc63-262aa64497e4,25,100,2025-11-03 17:26:47.771,tamisage,{},MD-20251103-AGTCHESSI,,
215c699f-ef13-4475-913c-ae8a53fa1e8c,4f9ef790-d346-4e45-bc63-262aa64497e4,20,100,2025-11-03 17:26:47.771,tamisage,{},MD-20251103-AGTCHESSI,,
f98b5442-ec1c-4ac8-8065-80e79c478e16,4f9ef790-d346-4e45-bc63-262aa64497e4,16,96.55,2025-11-03 17:26:47.771,tamisage,{},MD-20251103-AGTCHESSI,,
8fd39e7d-8e27-474b-badb-0b15ff8972bf,4f9ef790-d346-4e45-bc63-262aa64497e4,12.5,95.29,2025-11-03 17:26:47.771,tamisage,{},MD-20251103-AGTCHESSI,,
b3597151-ec2d-4b12-9998-051f1fdd4961,4f9ef790-d346-4e45-bc63-262aa64497e4,10,93.1,2025-11-03 17:26:47.771,tamisage,{},MD-20251103-AGTCHESSI,,
161ba19e-cabe-4329-a09a-b40223f530c1,4f9ef790-d346-4e45-bc63-262aa64497e4,8,87.85,2025-11-03 17:26:47.771,tamisage,{},MD-20251103-AGTCHESSI,,
bed04f39-07f0-40d8-9ba5-fbd3518ed105,4f9ef790-d346-4e45-bc63-262aa64497e4,6.3,86.23,2025-11-03 17:26:47.771,tamisage,{},MD-20251103-AGTCHESSI,,
45d3dd9f-80d5-4e15-bc25-c2019cd1a239,4f9ef790-d346-4e45-bc63-262aa64497e4,5,84.35,2025-11-03 17:26:47.771,tamisage,{},MD-20251103-AGTCHESSI,,
55aee47d-61c3-4c02-b5eb-a124ddbb7d98,4f9ef790-d346-4e45-bc63-262aa64497e4,4,81.89,2025-11-03 17:26:47.771,tamisage,{},MD-20251103-AGTCHESSI,,
7a48fcc1-4816-45bd-ac30-d7c455bca4f1,4f9ef790-d346-4e45-bc63-262aa64497e4,3.15,78.86,2025-11-03 17:26:47.771,tamisage,{},MD-20251103-AGTCHESSI,,
154950d7-bb8b-42c0-abd5-5b70a108cd16,4f9ef790-d346-4e45-bc63-262aa64497e4,2.5,76.21,2025-11-03 17:26:47.771,tamisage,{},MD-20251103-AGTCHESSI,,
86573b88-9368-4d09-95a7-20ec2536b4ca,4f9ef790-d346-4e45-bc63-262aa64497e4,2,73.83,2025-11-03 17:26:47.771,tamisage,{},MD-20251103-AGTCHESSI,,
a37dc30a-22e2-44c1-9cf7-7bfe843b7c9e,4f9ef790-d346-4e45-bc63-262aa64497e4,1.6,71.51,2025-11-03 17:26:47.771,tamisage,{},MD-20251103-AGTCHESSI,,
abdb1c53-b41e-49af-ba8e-f128e5df97ef,4f9ef790-d346-4e45-bc63-262aa64497e4,1.25,69.25,2025-11-03 17:26:47.771,tamisage,{},MD-20251103-AGTCHESSI,,
336edde5-743b-4af6-98dc-a69178a4ccef,4f9ef790-d346-4e45-bc63-262aa64497e4,1,67.72,2025-11-03 17:26:47.771,tamisage,{},MD-20251103-AGTCHESSI,,
0c2ef92b-39a6-4ec1-a386-8ae3035ca9ac,4f9ef790-d346-4e45-bc63-262aa64497e4,0.8,66.39,2025-11-03 17:26:47.771,tamisage,{},MD-20251103-AGTCHESSI,,
7e9865fb-c73d-4731-a5bb-78a028ed60c0,4f9ef790-d346-4e45-bc63-262aa64497e4,0.63,64.93,2025-11-03 17:26:47.771,tamisage,{},MD-20251103-AGTCHESSI,,
b12a2ee2-6a38-48f3-9427-97d62ef2627e,4f9ef790-d346-4e45-bc63-262aa64497e4,0.5,62.62,2025-11-03 17:26:47.771,tamisage,{},MD-20251103-AGTCHESSI,,
c6e5c6a3-0c80-4381-8aee-511f76712cae,4f9ef790-d346-4e45-bc63-262aa64497e4,0.4,60.09,2025-11-03 17:26:47.771,tamisage,{},MD-20251103-AGTCHESSI,,
b4604130-2835-4280-95d0-7c304417ce9d,1e8f096e-c072-4778-b65b-707e009f7943,0.0714,22.54,2025-11-03 16:46:18.160,sedimentometrie,{},MD-20251103-ADANDOGOU-FULL,,
b2e96abc-f98e-46c6-a79f-2c122fa2229a,1e8f096e-c072-4778-b65b-707e009f7943,0.0506,18.95,2025-11-03 16:46:18.160,sedimentometrie,{},MD-20251103-ADANDOGOU-FULL,,
bb79407a-e98f-4729-b10b-5e4991b72c12,1e8f096e-c072-4778-b65b-707e009f7943,0.0364,16.11,2025-11-03 16:46:18.160,sedimentometrie,{},MD-20251103-ADANDOGOU-FULL,,
6e473f79-dbc2-4a93-aa89-e2c5945390a5,1e8f096e-c072-4778-b65b-707e009f7943,0.0231,13.85,2025-11-03 16:46:18.160,sedimentometrie,{},MD-20251103-ADANDOGOU-FULL,,
a2f47504-83bf-4333-984c-b5c0cc67630b,1e8f096e-c072-4778-b65b-707e009f7943,0.0163,13.5,2025-11-03 16:46:18.160,sedimentometrie,{},MD-20251103-ADANDOGOU-FULL,,
24ddc91c-0a9e-4885-a566-3ee73692b5ce,4f9ef790-d346-4e45-bc63-262aa64497e4,0.315,56.59,2025-11-03 17:26:47.771,tamisage,{},MD-20251103-AGTCHESSI,,
e3f29d29-c678-4304-825c-c860beffd154,1e8f096e-c072-4778-b65b-707e009f7943,0.0115,12.8,2025-11-03 16:46:18.160,sedimentometrie,{},MD-20251103-ADANDOGOU-FULL,,
1bc314c5-cefa-4f82-b482-ef12a4b1ea1e,1e8f096e-c072-4778-b65b-707e009f7943,0.00822,12.45,2025-11-03 16:46:18.160,sedimentometrie,{},MD-20251103-ADANDOGOU-FULL,,
9a2fbaa4-9086-4a56-a0cb-f6a08a8dddc2,1e8f096e-c072-4778-b65b-707e009f7943,0.0058,11.75,2025-11-03 16:46:18.160,sedimentometrie,{},MD-20251103-ADANDOGOU-FULL,,
f440661e-804b-4eee-9058-0d878e0d23f9,1e8f096e-c072-4778-b65b-707e009f7943,0.0034,11.37,2025-11-03 16:46:18.160,sedimentometrie,{},MD-20251103-ADANDOGOU-FULL,,
da4874ec-9d25-49bb-a425-1d4ec8f20007,79ad4fdb-d085-41fa-9a3b-16fd47003dfc,25,100,2025-11-03 16:46:18.165,tamisage,{},MD-20251103-ADANDOGOU-FULL,,
657c49b9-3c1f-452a-814f-a36d294ff589,79ad4fdb-d085-41fa-9a3b-16fd47003dfc,20,100,2025-11-03 16:46:18.165,tamisage,{},MD-20251103-ADANDOGOU-FULL,,
c073553a-584b-438c-bda8-33afa7764077,79ad4fdb-d085-41fa-9a3b-16fd47003dfc,100,100,2025-11-03 16:46:18.165,tamisage,{},MD-20251103-ADANDOGOU-FULL,,
233a4370-62a8-4a81-8452-d5c4c216f8b1,79ad4fdb-d085-41fa-9a3b-16fd47003dfc,12.5,99.33,2025-11-03 16:46:18.165,tamisage,{},MD-20251103-ADANDOGOU-FULL,,
7bd2d873-259e-4111-a696-85dce6a68eb1,79ad4fdb-d085-41fa-9a3b-16fd47003dfc,10,98.09,2025-11-03 16:46:18.165,tamisage,{},MD-20251103-ADANDOGOU-FULL,,
a8b739d4-6982-4afa-a3f7-595be88c2cec,79ad4fdb-d085-41fa-9a3b-16fd47003dfc,8,95.85,2025-11-03 16:46:18.165,tamisage,{},MD-20251103-ADANDOGOU-FULL,,
afa3bbbb-c8f4-4c63-aa72-4d1c18740ffc,79ad4fdb-d085-41fa-9a3b-16fd47003dfc,6.3,91.58,2025-11-03 16:46:18.165,tamisage,{},MD-20251103-ADANDOGOU-FULL,,
61081fd6-f4ea-4d82-b2d3-2ea36ef7e9bd,79ad4fdb-d085-41fa-9a3b-16fd47003dfc,5,74.01,2025-11-03 16:46:18.165,tamisage,{},MD-20251103-ADANDOGOU-FULL,,
dd6ee31d-7614-4dab-b8b5-d5698a27b9d0,79ad4fdb-d085-41fa-9a3b-16fd47003dfc,4,65.85,2025-11-03 16:46:18.165,tamisage,{},MD-20251103-ADANDOGOU-FULL,,
9c316443-af02-4e77-aa2c-41bdd2c791cd,79ad4fdb-d085-41fa-9a3b-16fd47003dfc,3.15,57.61,2025-11-03 16:46:18.165,tamisage,{},MD-20251103-ADANDOGOU-FULL,,
03bfd2fc-f9e9-4c4b-bed2-dd2d022525fa,79ad4fdb-d085-41fa-9a3b-16fd47003dfc,2.5,49.53,2025-11-03 16:46:18.165,tamisage,{},MD-20251103-ADANDOGOU-FULL,,
e29dfb65-b1c5-43a0-b607-ad6c91fd271b,79ad4fdb-d085-41fa-9a3b-16fd47003dfc,2,45.74,2025-11-03 16:46:18.165,tamisage,{},MD-20251103-ADANDOGOU-FULL,,
ed7237a4-d90d-463c-8fba-f226c87cfcaa,79ad4fdb-d085-41fa-9a3b-16fd47003dfc,1.6,43.65,2025-11-03 16:46:18.165,tamisage,{},MD-20251103-ADANDOGOU-FULL,,
a73e7ac1-97be-48d0-ae3c-7e1f7e1984ad,79ad4fdb-d085-41fa-9a3b-16fd47003dfc,1.25,41.93,2025-11-03 16:46:18.165,tamisage,{},MD-20251103-ADANDOGOU-FULL,,
3814a5dd-24bc-4c79-becf-bdb700fb8ecd,79ad4fdb-d085-41fa-9a3b-16fd47003dfc,1,40.08,2025-11-03 16:46:18.165,tamisage,{},MD-20251103-ADANDOGOU-FULL,,
266ea086-ab4a-403d-9222-781c0562428b,79ad4fdb-d085-41fa-9a3b-16fd47003dfc,0.8,38.27,2025-11-03 16:46:18.165,tamisage,{},MD-20251103-ADANDOGOU-FULL,,
aea3dcca-0c26-4925-8715-e46f1f5f1d56,79ad4fdb-d085-41fa-9a3b-16fd47003dfc,0.63,36.2,2025-11-03 16:46:18.165,tamisage,{},MD-20251103-ADANDOGOU-FULL,,
3b76e2d4-e5a2-42e5-a875-fc3fa331e785,79ad4fdb-d085-41fa-9a3b-16fd47003dfc,0.5,33.91,2025-11-03 16:46:18.165,tamisage,{},MD-20251103-ADANDOGOU-FULL,,
661c3f26-0d76-4ac0-818c-4a6c24f70d63,79ad4fdb-d085-41fa-9a3b-16fd47003dfc,0.4,31.89,2025-11-03 16:46:18.165,tamisage,{},MD-20251103-ADANDOGOU-FULL,,
aa09e8b2-574c-41a0-8469-de85d72ef331,79ad4fdb-d085-41fa-9a3b-16fd47003dfc,0.315,29.81,2025-11-03 16:46:18.165,tamisage,{},MD-20251103-ADANDOGOU-FULL,,
f2d8d88a-0306-4a18-830f-e94e425a3d98,79ad4fdb-d085-41fa-9a3b-16fd47003dfc,0.25,28.81,2025-11-03 16:46:18.165,tamisage,{},MD-20251103-ADANDOGOU-FULL,,
0cc0a4f4-9d89-4011-b9a9-5aee7539cc6d,79ad4fdb-d085-41fa-9a3b-16fd47003dfc,0.2,26.47,2025-11-03 16:46:18.165,tamisage,{},MD-20251103-ADANDOGOU-FULL,,
e807ab9d-9bdd-4334-8749-5ecc48e58073,79ad4fdb-d085-41fa-9a3b-16fd47003dfc,0.16,24.92,2025-11-03 16:46:18.165,tamisage,{},MD-20251103-ADANDOGOU-FULL,,
1642c037-fe04-4ebe-ae30-5c9ace347bdd,79ad4fdb-d085-41fa-9a3b-16fd47003dfc,0.125,24.33,2025-11-03 16:46:18.165,tamisage,{},MD-20251103-ADANDOGOU-FULL,,
6eaddafd-94c7-4cb1-9c50-eb3b02752ec4,79ad4fdb-d085-41fa-9a3b-16fd47003dfc,0.1,24.08,2025-11-03 16:46:18.165,tamisage,{},MD-20251103-ADANDOGOU-FULL,,
dea6e6a8-93cb-4a59-9a14-aa725705d320,79ad4fdb-d085-41fa-9a3b-16fd47003dfc,0.08,4.02,2025-11-03 16:46:18.165,tamisage,{},MD-20251103-ADANDOGOU-FULL,,
ad6e0db5-4caa-43e9-9c4e-f6860c6b7047,79ad4fdb-d085-41fa-9a3b-16fd47003dfc,0.0714,21.2,2025-11-03 16:46:18.167,sedimentometrie,{},MD-20251103-ADANDOGOU-FULL,,
78275e83-4064-4f79-a807-40b1494fd064,79ad4fdb-d085-41fa-9a3b-16fd47003dfc,0.0506,14.7,2025-11-03 16:46:18.167,sedimentometrie,{},MD-20251103-ADANDOGOU-FULL,,
e167e870-1e29-4564-8879-0eb3b40bae81,79ad4fdb-d085-41fa-9a3b-16fd47003dfc,0.0364,12.32,2025-11-03 16:46:18.167,sedimentometrie,{},MD-20251103-ADANDOGOU-FULL,,
426a6da9-c6bc-4cbf-b355-da28b6e375e1,79ad4fdb-d085-41fa-9a3b-16fd47003dfc,0.0231,10.87,2025-11-03 16:46:18.167,sedimentometrie,{},MD-20251103-ADANDOGOU-FULL,,
c0f2d3fa-a053-4314-bf1f-1d360c992086,79ad4fdb-d085-41fa-9a3b-16fd47003dfc,0.0163,10.71,2025-11-03 16:46:18.167,sedimentometrie,{},MD-20251103-ADANDOGOU-FULL,,
06be3122-4f07-4af3-8bb4-63e98af20ebc,79ad4fdb-d085-41fa-9a3b-16fd47003dfc,0.0115,10.63,2025-11-03 16:46:18.167,sedimentometrie,{},MD-20251103-ADANDOGOU-FULL,,
b7b86b06-5a68-4002-9826-ed075c1b2f5d,79ad4fdb-d085-41fa-9a3b-16fd47003dfc,0.00822,10.54,2025-11-03 16:46:18.167,sedimentometrie,{},MD-20251103-ADANDOGOU-FULL,,
7733fd30-62f3-4742-b01b-ab630d5794b9,79ad4fdb-d085-41fa-9a3b-16fd47003dfc,0.0058,10.38,2025-11-03 16:46:18.167,sedimentometrie,{},MD-20251103-ADANDOGOU-FULL,,
65d6fdf9-ad72-40d8-8abe-b4ed9c5292b7,79ad4fdb-d085-41fa-9a3b-16fd47003dfc,0.0034,10.27,2025-11-03 16:46:18.167,sedimentometrie,{},MD-20251103-ADANDOGOU-FULL,,
0e073e92-dcb0-4060-9c09-f399375a9ccf,9550f8d5-2420-43b5-a239-35e2ed192a3b,25,100,2025-11-03 16:46:18.169,tamisage,{},MD-20251103-ADANDOGOU-FULL,,
5265f4ea-f0cc-42b6-8648-a3c9f374ac1b,9550f8d5-2420-43b5-a239-35e2ed192a3b,20,100,2025-11-03 16:46:18.169,tamisage,{},MD-20251103-ADANDOGOU-FULL,,
5056faf3-c5b8-4e00-b4bb-286cda06733e,9550f8d5-2420-43b5-a239-35e2ed192a3b,100,100,2025-11-03 16:46:18.169,tamisage,{},MD-20251103-ADANDOGOU-FULL,,
2a7e955b-454a-433a-a8d4-266ff2274c96,9550f8d5-2420-43b5-a239-35e2ed192a3b,12.5,100,2025-11-03 16:46:18.169,tamisage,{},MD-20251103-ADANDOGOU-FULL,,
07b2bdbb-008c-4051-b2c1-45a4afcc7b91,9550f8d5-2420-43b5-a239-35e2ed192a3b,10,100,2025-11-03 16:46:18.169,tamisage,{},MD-20251103-ADANDOGOU-FULL,,
e67fc42a-5752-40e8-9cac-fce2e8f76537,9550f8d5-2420-43b5-a239-35e2ed192a3b,8,99.63,2025-11-03 16:46:18.169,tamisage,{},MD-20251103-ADANDOGOU-FULL,,
5093f1f9-66f3-4a3b-bc6e-14c163f6cc05,9550f8d5-2420-43b5-a239-35e2ed192a3b,6.3,99.45,2025-11-03 16:46:18.169,tamisage,{},MD-20251103-ADANDOGOU-FULL,,
9e8a3284-224a-4820-98c2-adf041c1d0f5,9550f8d5-2420-43b5-a239-35e2ed192a3b,5,99.19,2025-11-03 16:46:18.169,tamisage,{},MD-20251103-ADANDOGOU-FULL,,
14a29323-43b8-49c1-9b84-b93aa72956db,9550f8d5-2420-43b5-a239-35e2ed192a3b,4,98.81,2025-11-03 16:46:18.169,tamisage,{},MD-20251103-ADANDOGOU-FULL,,
c8e30e2c-ec55-4173-926d-687a114e278d,9550f8d5-2420-43b5-a239-35e2ed192a3b,3.15,98.25,2025-11-03 16:46:18.169,tamisage,{},MD-20251103-ADANDOGOU-FULL,,
afc479ce-71df-4887-9951-9c2e2892b530,9550f8d5-2420-43b5-a239-35e2ed192a3b,2.5,97.2,2025-11-03 16:46:18.169,tamisage,{},MD-20251103-ADANDOGOU-FULL,,
e8355285-22b1-44ba-ad25-66ce56743f2d,9550f8d5-2420-43b5-a239-35e2ed192a3b,2,95.98,2025-11-03 16:46:18.169,tamisage,{},MD-20251103-ADANDOGOU-FULL,,
1219be2e-2d09-4575-a566-8c6810ad30de,9550f8d5-2420-43b5-a239-35e2ed192a3b,1.6,93.92,2025-11-03 16:46:18.169,tamisage,{},MD-20251103-ADANDOGOU-FULL,,
cc23a0d0-4965-422e-99e7-bd254f9efbc4,9550f8d5-2420-43b5-a239-35e2ed192a3b,1.25,91.4,2025-11-03 16:46:18.169,tamisage,{},MD-20251103-ADANDOGOU-FULL,,
4591e169-ab2c-40bd-9c8e-9ac5202de8f8,9550f8d5-2420-43b5-a239-35e2ed192a3b,1,88.23,2025-11-03 16:46:18.169,tamisage,{},MD-20251103-ADANDOGOU-FULL,,
e6ee38c1-138e-4eed-afab-3cd7331e52ef,9550f8d5-2420-43b5-a239-35e2ed192a3b,0.8,84.69,2025-11-03 16:46:18.169,tamisage,{},MD-20251103-ADANDOGOU-FULL,,
d8d221e9-e864-4086-ab93-c376f3340b0a,9550f8d5-2420-43b5-a239-35e2ed192a3b,0.63,79.91,2025-11-03 16:46:18.169,tamisage,{},MD-20251103-ADANDOGOU-FULL,,
74be8d2e-7cbb-4764-b75f-84ab3813ed70,9550f8d5-2420-43b5-a239-35e2ed192a3b,0.5,75.68,2025-11-03 16:46:18.169,tamisage,{},MD-20251103-ADANDOGOU-FULL,,
ff2462ab-9d4f-420d-bdde-e9f080af8860,9550f8d5-2420-43b5-a239-35e2ed192a3b,0.4,72.3,2025-11-03 16:46:18.169,tamisage,{},MD-20251103-ADANDOGOU-FULL,,
c2845de6-cb61-4f93-a180-30c5418e4a89,9550f8d5-2420-43b5-a239-35e2ed192a3b,0.315,68.18,2025-11-03 16:46:18.169,tamisage,{},MD-20251103-ADANDOGOU-FULL,,
0e8b3b38-093a-4684-b360-6b977e522677,9550f8d5-2420-43b5-a239-35e2ed192a3b,0.25,65.04,2025-11-03 16:46:18.169,tamisage,{},MD-20251103-ADANDOGOU-FULL,,
a84da89f-40cf-443b-b96f-8fd98c0ab6c4,9550f8d5-2420-43b5-a239-35e2ed192a3b,0.2,59.33,2025-11-03 16:46:18.169,tamisage,{},MD-20251103-ADANDOGOU-FULL,,
62bbaa9c-bdda-4785-9fb1-06bea692cfa6,9550f8d5-2420-43b5-a239-35e2ed192a3b,0.16,53.7,2025-11-03 16:46:18.169,tamisage,{},MD-20251103-ADANDOGOU-FULL,,
ef57ee29-9537-4e12-a404-efcc5750341f,9550f8d5-2420-43b5-a239-35e2ed192a3b,0.125,51.12,2025-11-03 16:46:18.169,tamisage,{},MD-20251103-ADANDOGOU-FULL,,
1550d234-a7d5-4d25-b105-40e7a84ec3d8,9550f8d5-2420-43b5-a239-35e2ed192a3b,0.1,49.85,2025-11-03 16:46:18.169,tamisage,{},MD-20251103-ADANDOGOU-FULL,,
750e1e17-7862-4d25-827c-e7e2c49fa675,9550f8d5-2420-43b5-a239-35e2ed192a3b,0.08,48.54,2025-11-03 16:46:18.169,tamisage,{},MD-20251103-ADANDOGOU-FULL,,
0c873bfb-6c20-459d-9ea3-dddae8c68ec2,371acf9f-f628-4024-aa54-c80698b76339,25,98.63,2025-11-03 16:46:18.172,tamisage,{},MD-20251103-ADANDOGOU-FULL,,
b5fc3b37-813b-444f-9148-524c3cde11bd,371acf9f-f628-4024-aa54-c80698b76339,20,98.63,2025-11-03 16:46:18.172,tamisage,{},MD-20251103-ADANDOGOU-FULL,,
77531502-619b-4ac3-af38-1d81d002a208,371acf9f-f628-4024-aa54-c80698b76339,100,98.24,2025-11-03 16:46:18.172,tamisage,{},MD-20251103-ADANDOGOU-FULL,,
90d976cd-79d6-4244-9888-3773f95cce0c,371acf9f-f628-4024-aa54-c80698b76339,12.5,97.85,2025-11-03 16:46:18.172,tamisage,{},MD-20251103-ADANDOGOU-FULL,,
08677410-ca94-4120-a7b0-47b88d1f8ec4,371acf9f-f628-4024-aa54-c80698b76339,10,96.78,2025-11-03 16:46:18.172,tamisage,{},MD-20251103-ADANDOGOU-FULL,,
db18863e-e382-4547-af40-a05d7ccd556f,371acf9f-f628-4024-aa54-c80698b76339,8,95.62,2025-11-03 16:46:18.172,tamisage,{},MD-20251103-ADANDOGOU-FULL,,
6121b6b9-2978-42da-bd03-98861ef1ef9f,371acf9f-f628-4024-aa54-c80698b76339,6.3,94.38,2025-11-03 16:46:18.172,tamisage,{},MD-20251103-ADANDOGOU-FULL,,
fb1c187a-456b-4f91-be3d-32796a5e3b6e,371acf9f-f628-4024-aa54-c80698b76339,5,92.5,2025-11-03 16:46:18.172,tamisage,{},MD-20251103-ADANDOGOU-FULL,,
f9da41eb-7f81-426f-872c-9f66819fdd6e,371acf9f-f628-4024-aa54-c80698b76339,4,90.84,2025-11-03 16:46:18.172,tamisage,{},MD-20251103-ADANDOGOU-FULL,,
7304cafa-bcba-4555-941c-f1aabe97b5e3,371acf9f-f628-4024-aa54-c80698b76339,3.15,88.13,2025-11-03 16:46:18.172,tamisage,{},MD-20251103-ADANDOGOU-FULL,,
bb8e1d9f-36c7-4245-9ac6-5a0992a9b44a,371acf9f-f628-4024-aa54-c80698b76339,2.5,84.46,2025-11-03 16:46:18.172,tamisage,{},MD-20251103-ADANDOGOU-FULL,,
ec173954-dea7-4407-aa70-c2bd0f1ecbb4,371acf9f-f628-4024-aa54-c80698b76339,2,80.54,2025-11-03 16:46:18.172,tamisage,{},MD-20251103-ADANDOGOU-FULL,,
79bcfb77-2573-4324-a81c-e8fb3f80b8e8,371acf9f-f628-4024-aa54-c80698b76339,1.6,76.36,2025-11-03 16:46:18.172,tamisage,{},MD-20251103-ADANDOGOU-FULL,,
bf168aa7-b33f-4b25-9bad-4836f7afadf8,371acf9f-f628-4024-aa54-c80698b76339,1.25,71.68,2025-11-03 16:46:18.172,tamisage,{},MD-20251103-ADANDOGOU-FULL,,
7c80ae0e-bda0-4a3d-9804-38c286c14a3e,371acf9f-f628-4024-aa54-c80698b76339,1,65.82,2025-11-03 16:46:18.172,tamisage,{},MD-20251103-ADANDOGOU-FULL,,
90b83884-4cde-40c0-8f86-22983f1fd80d,371acf9f-f628-4024-aa54-c80698b76339,0.8,60.98,2025-11-03 16:46:18.172,tamisage,{},MD-20251103-ADANDOGOU-FULL,,
14546468-80cb-434e-bce3-3a1bd009b973,371acf9f-f628-4024-aa54-c80698b76339,0.63,55.2,2025-11-03 16:46:18.172,tamisage,{},MD-20251103-ADANDOGOU-FULL,,
1c76663d-acfc-4e2a-a390-9319345ea332,371acf9f-f628-4024-aa54-c80698b76339,0.5,51.28,2025-11-03 16:46:18.172,tamisage,{},MD-20251103-ADANDOGOU-FULL,,
90bb398d-1fec-4237-94a9-6b04ef8ef594,371acf9f-f628-4024-aa54-c80698b76339,0.4,47.7,2025-11-03 16:46:18.172,tamisage,{},MD-20251103-ADANDOGOU-FULL,,
d10f8cdf-de21-44c4-ae17-4f93f4078596,371acf9f-f628-4024-aa54-c80698b76339,0.315,43.45,2025-11-03 16:46:18.172,tamisage,{},MD-20251103-ADANDOGOU-FULL,,
0dacbac1-1adb-4b1d-b85a-7e85a18b5fa8,371acf9f-f628-4024-aa54-c80698b76339,0.25,40.45,2025-11-03 16:46:18.172,tamisage,{},MD-20251103-ADANDOGOU-FULL,,
546197d9-0ef1-4150-ab18-0164034f598e,371acf9f-f628-4024-aa54-c80698b76339,0.2,33.49,2025-11-03 16:46:18.172,tamisage,{},MD-20251103-ADANDOGOU-FULL,,
b22c447e-9a16-4480-9ebc-bbe1654cb876,371acf9f-f628-4024-aa54-c80698b76339,0.16,32.88,2025-11-03 16:46:18.172,tamisage,{},MD-20251103-ADANDOGOU-FULL,,
a856bb0d-fcee-4159-8db8-d741c3dc5525,371acf9f-f628-4024-aa54-c80698b76339,0.125,31.9,2025-11-03 16:46:18.172,tamisage,{},MD-20251103-ADANDOGOU-FULL,,
7437dbfd-ba4d-42a2-92ad-5606add90b0a,371acf9f-f628-4024-aa54-c80698b76339,0.1,31.09,2025-11-03 16:46:18.172,tamisage,{},MD-20251103-ADANDOGOU-FULL,,
7bcbc798-33e0-473e-9131-707f806fe206,371acf9f-f628-4024-aa54-c80698b76339,0.08,30.28,2025-11-03 16:46:18.172,tamisage,{},MD-20251103-ADANDOGOU-FULL,,
940feb86-1572-41c9-957e-414f8f3d4320,8face7b0-67b4-4769-a641-f4d2f641e357,25,100,2025-11-03 16:46:18.175,tamisage,{},MD-20251103-ADANDOGOU-FULL,,
473fcd44-a387-406a-8f02-e8c74f78a1e7,8face7b0-67b4-4769-a641-f4d2f641e357,20,100,2025-11-03 16:46:18.175,tamisage,{},MD-20251103-ADANDOGOU-FULL,,
94382bc6-4505-4c80-975e-ce32d626cb9c,8face7b0-67b4-4769-a641-f4d2f641e357,100,100,2025-11-03 16:46:18.175,tamisage,{},MD-20251103-ADANDOGOU-FULL,,
b95bd136-0d10-4483-975b-38f7e051f07c,8face7b0-67b4-4769-a641-f4d2f641e357,12.5,100,2025-11-03 16:46:18.175,tamisage,{},MD-20251103-ADANDOGOU-FULL,,
cf6878f1-ddb5-4d22-8db0-77c721a02db7,8face7b0-67b4-4769-a641-f4d2f641e357,10,99.87,2025-11-03 16:46:18.175,tamisage,{},MD-20251103-ADANDOGOU-FULL,,
fa5e59d2-fb47-4a4b-abb6-f801034952f1,8face7b0-67b4-4769-a641-f4d2f641e357,8,99.66,2025-11-03 16:46:18.175,tamisage,{},MD-20251103-ADANDOGOU-FULL,,
23151d56-b084-43fd-9cf3-9027a56c7b6f,8face7b0-67b4-4769-a641-f4d2f641e357,6.3,99.47,2025-11-03 16:46:18.175,tamisage,{},MD-20251103-ADANDOGOU-FULL,,
0bfeb970-bf92-46f1-a524-579759f89c56,8face7b0-67b4-4769-a641-f4d2f641e357,5,99.28,2025-11-03 16:46:18.175,tamisage,{},MD-20251103-ADANDOGOU-FULL,,
a2a2c09c-771a-4f4b-adbf-7b92886607e9,8face7b0-67b4-4769-a641-f4d2f641e357,4,98.92,2025-11-03 16:46:18.175,tamisage,{},MD-20251103-ADANDOGOU-FULL,,
a7f238ee-0e64-4368-bac9-30413f2457c4,8face7b0-67b4-4769-a641-f4d2f641e357,3.15,97.94,2025-11-03 16:46:18.175,tamisage,{},MD-20251103-ADANDOGOU-FULL,,
7ace9d5c-3587-4ae1-8a24-4ffb22ed1dd0,8face7b0-67b4-4769-a641-f4d2f641e357,2.5,96.97,2025-11-03 16:46:18.175,tamisage,{},MD-20251103-ADANDOGOU-FULL,,
7158a3f9-ab1c-4445-882b-5721af7404f7,8face7b0-67b4-4769-a641-f4d2f641e357,2,95.21,2025-11-03 16:46:18.175,tamisage,{},MD-20251103-ADANDOGOU-FULL,,
d505069c-8db4-4fbc-9474-42e6b5b65892,8face7b0-67b4-4769-a641-f4d2f641e357,1.6,92.34,2025-11-03 16:46:18.175,tamisage,{},MD-20251103-ADANDOGOU-FULL,,
b93f98a5-234d-49dd-804c-fe9824e223e7,8face7b0-67b4-4769-a641-f4d2f641e357,1.25,88.85,2025-11-03 16:46:18.175,tamisage,{},MD-20251103-ADANDOGOU-FULL,,
08f13e0e-a79f-48b7-9f19-d667dadfc7f1,8face7b0-67b4-4769-a641-f4d2f641e357,1,84.42,2025-11-03 16:46:18.175,tamisage,{},MD-20251103-ADANDOGOU-FULL,,
5ab43711-687d-4570-b33b-361bb5075893,8face7b0-67b4-4769-a641-f4d2f641e357,0.8,80.29,2025-11-03 16:46:18.175,tamisage,{},MD-20251103-ADANDOGOU-FULL,,
dec383e0-eec1-4227-8a50-7d6decfa8315,8face7b0-67b4-4769-a641-f4d2f641e357,0.63,74.85,2025-11-03 16:46:18.175,tamisage,{},MD-20251103-ADANDOGOU-FULL,,
bf4cf554-d4cf-40b9-b8c9-6dbed0f1a6b9,8face7b0-67b4-4769-a641-f4d2f641e357,0.5,69.91,2025-11-03 16:46:18.175,tamisage,{},MD-20251103-ADANDOGOU-FULL,,
b87eabd8-ede2-412e-a79f-25b1897087c2,8face7b0-67b4-4769-a641-f4d2f641e357,0.4,66,2025-11-03 16:46:18.175,tamisage,{},MD-20251103-ADANDOGOU-FULL,,
a4ac279b-aae4-40a8-9ff0-81426252a23b,8face7b0-67b4-4769-a641-f4d2f641e357,0.315,61.72,2025-11-03 16:46:18.175,tamisage,{},MD-20251103-ADANDOGOU-FULL,,
8b9e767b-153a-496b-b977-a8fc144501b1,8face7b0-67b4-4769-a641-f4d2f641e357,0.25,57.93,2025-11-03 16:46:18.175,tamisage,{},MD-20251103-ADANDOGOU-FULL,,
8c710588-0d41-4fc4-83a7-1a41b2a111e7,8face7b0-67b4-4769-a641-f4d2f641e357,0.2,53,2025-11-03 16:46:18.175,tamisage,{},MD-20251103-ADANDOGOU-FULL,,
90244ae1-d52b-4569-944e-707a3f0861f6,8face7b0-67b4-4769-a641-f4d2f641e357,0.16,47.81,2025-11-03 16:46:18.175,tamisage,{},MD-20251103-ADANDOGOU-FULL,,
6c962a03-1ddd-49ff-a132-050dd81f1950,8face7b0-67b4-4769-a641-f4d2f641e357,0.125,45.58,2025-11-03 16:46:18.175,tamisage,{},MD-20251103-ADANDOGOU-FULL,,
d2155e02-f023-4f1a-9003-b413977b4c27,8face7b0-67b4-4769-a641-f4d2f641e357,0.1,44.46,2025-11-03 16:46:18.175,tamisage,{},MD-20251103-ADANDOGOU-FULL,,
09ea203f-9227-4082-9026-2a257dd2f99b,8face7b0-67b4-4769-a641-f4d2f641e357,0.08,43.27,2025-11-03 16:46:18.175,tamisage,{},MD-20251103-ADANDOGOU-FULL,,
c71fb71a-9e02-45dd-8701-4e8a2c416099,1e8f096e-c072-4778-b65b-707e009f7943,0.315,42.43,2025-11-03 16:46:54.517,tamisage,{},,,
dfc0897f-5b86-4fb9-b5f3-41f667d4f081,1e8f096e-c072-4778-b65b-707e009f7943,25,100,2025-11-03 16:47:17.081,tamisage,{},,,
bc97fe66-dff0-46bc-8a63-95f4ad1cf5e5,1e8f096e-c072-4778-b65b-707e009f7943,20,100,2025-11-03 16:47:17.081,tamisage,{},,,
50357f97-e053-4da9-9686-a22f23de60e0,1e8f096e-c072-4778-b65b-707e009f7943,100,99.47,2025-11-03 16:47:17.081,tamisage,{},,,
60136fb4-aa31-44d8-9872-0ebeec809185,1e8f096e-c072-4778-b65b-707e009f7943,12.5,99.1,2025-11-03 16:47:17.081,tamisage,{},,,
2986217e-e233-41e5-8ff3-1974a892bcda,1e8f096e-c072-4778-b65b-707e009f7943,10,98.07,2025-11-03 16:47:17.081,tamisage,{},,,
b213ccc9-7119-4a40-b9af-aa84f26d86cd,1e8f096e-c072-4778-b65b-707e009f7943,8,97.25,2025-11-03 16:47:17.081,tamisage,{},,,
4923b756-5324-4c1f-9342-eeea4d51f2b0,1e8f096e-c072-4778-b65b-707e009f7943,6.3,94.48,2025-11-03 16:47:17.081,tamisage,{},,,
6531848b-afcb-4a0a-9d90-2458c98366bc,1e8f096e-c072-4778-b65b-707e009f7943,5,90.23,2025-11-03 16:47:17.081,tamisage,{},,,
ee293361-d006-4ab3-9c8d-c42729a69786,1e8f096e-c072-4778-b65b-707e009f7943,4,86.15,2025-11-03 16:47:17.081,tamisage,{},,,
6d188d9f-e0e8-44b1-a83d-9b112038e95b,1e8f096e-c072-4778-b65b-707e009f7943,3.15,81.63,2025-11-03 16:47:17.081,tamisage,{},,,
2d242fc1-25b9-4ce6-8a57-7e7e259ddfd5,1e8f096e-c072-4778-b65b-707e009f7943,2.5,76.53,2025-11-03 16:47:17.081,tamisage,{},,,
ef71a5f2-89f6-42d0-963a-9cb3f988bc9a,1e8f096e-c072-4778-b65b-707e009f7943,2,72.89,2025-11-03 16:47:17.081,tamisage,{},,,
0e8378ba-d5a1-44b2-93d7-61e285398a7a,1e8f096e-c072-4778-b65b-707e009f7943,1.6,69.22,2025-11-03 16:47:17.081,tamisage,{},,,
c9712298-17c4-4d7d-9e37-fea309d95c29,1e8f096e-c072-4778-b65b-707e009f7943,1.25,66.65,2025-11-03 16:47:17.081,tamisage,{},,,
16f596a9-f14e-43f4-a0ed-b15cf7433aa8,1e8f096e-c072-4778-b65b-707e009f7943,1,60.2,2025-11-03 16:47:17.081,tamisage,{},,,
953c21c5-83b5-4aff-919e-3e934f1144a5,1e8f096e-c072-4778-b65b-707e009f7943,0.8,59.78,2025-11-03 16:47:17.081,tamisage,{},,,
599f8fe4-488c-4941-a88a-431879811543,1e8f096e-c072-4778-b65b-707e009f7943,0.63,54.6,2025-11-03 16:47:17.081,tamisage,{},,,
b1083c25-016a-4bcd-bcc5-d209e91f0792,1e8f096e-c072-4778-b65b-707e009f7943,0.5,50.33,2025-11-03 16:47:17.081,tamisage,{},,,
ef77f5a1-16b5-4031-a397-eed27e848b36,1e8f096e-c072-4778-b65b-707e009f7943,0.4,46.6,2025-11-03 16:47:17.081,tamisage,{},,,
84871736-8c5e-4224-af14-4881c51ff544,1e8f096e-c072-4778-b65b-707e009f7943,0.25,39.15,2025-11-03 16:47:17.081,tamisage,{},,,
028c2055-b08b-4b71-a5dc-56b0a20e63b9,1e8f096e-c072-4778-b65b-707e009f7943,0.2,34.47,2025-11-03 16:47:17.081,tamisage,{},,,
4f6a42ff-44c1-4733-ad24-876958dc7fe3,1e8f096e-c072-4778-b65b-707e009f7943,0.16,30.27,2025-11-03 16:47:17.081,tamisage,{},,,
1bd159fc-eaff-4459-bdcc-a5ff76dcf35e,1e8f096e-c072-4778-b65b-707e009f7943,0.125,27.88,2025-11-03 16:47:17.081,tamisage,{},,,
ba9464ca-d18c-49eb-9940-6d81a7b3b445,1e8f096e-c072-4778-b65b-707e009f7943,0.1,26.56,2025-11-03 16:47:17.081,tamisage,{},,,
3c6bd72b-92fa-406e-afb1-b208d1c3b6e2,1e8f096e-c072-4778-b65b-707e009f7943,0.08,5.7,2025-11-03 16:47:17.081,tamisage,{},,,
16ec4a78-57d9-4f98-896e-e5efc80d52f9,d8b36eed-bfef-470f-b51f-1d324c5811cd,25,100,2025-11-03 16:48:26.495,tamisage,{},MD-20251103-GAMBAGA-GRANULO,,
732be1ed-c68a-4fc9-89ba-6f741a84b333,d8b36eed-bfef-470f-b51f-1d324c5811cd,20,100,2025-11-03 16:48:26.495,tamisage,{},MD-20251103-GAMBAGA-GRANULO,,
715c7cee-78b3-42c8-bbdc-508d0f077de8,d8b36eed-bfef-470f-b51f-1d324c5811cd,16,100,2025-11-03 16:48:26.495,tamisage,{},MD-20251103-GAMBAGA-GRANULO,,
b2eecd14-334b-48e8-8e10-78c6edad07c1,d8b36eed-bfef-470f-b51f-1d324c5811cd,12.5,99.75,2025-11-03 16:48:26.495,tamisage,{},MD-20251103-GAMBAGA-GRANULO,,
984f47f1-2853-468d-9e84-641cf0c927e9,d8b36eed-bfef-470f-b51f-1d324c5811cd,10,98.87,2025-11-03 16:48:26.495,tamisage,{},MD-20251103-GAMBAGA-GRANULO,,
e7d07960-95aa-4300-8fbe-6f42b8a0acf9,d8b36eed-bfef-470f-b51f-1d324c5811cd,8,98.5,2025-11-03 16:48:26.495,tamisage,{},MD-20251103-GAMBAGA-GRANULO,,
6d83e5f9-9463-4968-9b8b-3fbd4f153177,d8b36eed-bfef-470f-b51f-1d324c5811cd,6.3,98.22,2025-11-03 16:48:26.495,tamisage,{},MD-20251103-GAMBAGA-GRANULO,,
81c27b0d-5e65-41d7-a11a-f59f2332a7cc,d8b36eed-bfef-470f-b51f-1d324c5811cd,5,97.95,2025-11-03 16:48:26.495,tamisage,{},MD-20251103-GAMBAGA-GRANULO,,
eb34a9b6-4ab5-4d2a-9948-6c2aac25b0ff,d8b36eed-bfef-470f-b51f-1d324c5811cd,4,97.54,2025-11-03 16:48:26.495,tamisage,{},MD-20251103-GAMBAGA-GRANULO,,
93f40d74-895b-465b-8018-fd8aa6779b80,d8b36eed-bfef-470f-b51f-1d324c5811cd,3.15,96.56,2025-11-03 16:48:26.495,tamisage,{},MD-20251103-GAMBAGA-GRANULO,,
aebcc814-5ddb-4441-8e6c-7557e4f72d6a,d8b36eed-bfef-470f-b51f-1d324c5811cd,2.5,95.72,2025-11-03 16:48:26.495,tamisage,{},MD-20251103-GAMBAGA-GRANULO,,
9c1961d0-e77d-4020-8d47-1662a4a058b8,d8b36eed-bfef-470f-b51f-1d324c5811cd,2,95.09,2025-11-03 16:48:26.495,tamisage,{},MD-20251103-GAMBAGA-GRANULO,,
5a09f0a3-d188-4ac3-bd96-ecc89d28577b,d8b36eed-bfef-470f-b51f-1d324c5811cd,1.6,94.58,2025-11-03 16:48:26.495,tamisage,{},MD-20251103-GAMBAGA-GRANULO,,
3225bbc9-9af8-45c6-8dcb-ebf7e50c9c04,d8b36eed-bfef-470f-b51f-1d324c5811cd,1.25,94.21,2025-11-03 16:48:26.495,tamisage,{},MD-20251103-GAMBAGA-GRANULO,,
268c145f-78c7-4273-a841-c27f9f4eb6f2,d8b36eed-bfef-470f-b51f-1d324c5811cd,1,93.96,2025-11-03 16:48:26.495,tamisage,{},MD-20251103-GAMBAGA-GRANULO,,
d7880570-b179-4f64-bb96-68e5ead83559,d8b36eed-bfef-470f-b51f-1d324c5811cd,0.8,93.7,2025-11-03 16:48:26.495,tamisage,{},MD-20251103-GAMBAGA-GRANULO,,
9c967e4a-838c-434c-8ca8-9a622613b128,d8b36eed-bfef-470f-b51f-1d324c5811cd,0.63,93.45,2025-11-03 16:48:26.495,tamisage,{},MD-20251103-GAMBAGA-GRANULO,,
56b72e5b-5cc6-4e05-84cc-51b8b0f83baa,d8b36eed-bfef-470f-b51f-1d324c5811cd,0.5,93.06,2025-11-03 16:48:26.495,tamisage,{},MD-20251103-GAMBAGA-GRANULO,,
9ba9be0c-8ce0-4b21-8270-260da3c415ba,d8b36eed-bfef-470f-b51f-1d324c5811cd,0.4,92.67,2025-11-03 16:48:26.495,tamisage,{},MD-20251103-GAMBAGA-GRANULO,,
f110c888-180b-4d0e-acce-522d43412c61,d8b36eed-bfef-470f-b51f-1d324c5811cd,0.315,91.88,2025-11-03 16:48:26.495,tamisage,{},MD-20251103-GAMBAGA-GRANULO,,
c1098564-50a8-44ff-b8c1-aa5a0b44601c,d8b36eed-bfef-470f-b51f-1d324c5811cd,0.25,91,2025-11-03 16:48:26.495,tamisage,{},MD-20251103-GAMBAGA-GRANULO,,
fbfc6476-1a4b-4948-863f-8d82633e366e,d8b36eed-bfef-470f-b51f-1d324c5811cd,0.2,89.69,2025-11-03 16:48:26.495,tamisage,{},MD-20251103-GAMBAGA-GRANULO,,
63233ff3-9e54-4173-a63b-17d16aea0735,d8b36eed-bfef-470f-b51f-1d324c5811cd,0.16,88.25,2025-11-03 16:48:26.495,tamisage,{},MD-20251103-GAMBAGA-GRANULO,,
32204937-ecf4-4959-9e23-f5ceecd82baa,d8b36eed-bfef-470f-b51f-1d324c5811cd,0.125,85.5,2025-11-03 16:48:26.495,tamisage,{},MD-20251103-GAMBAGA-GRANULO,,
726ed6cc-09df-40ec-a77f-de6f4fcb94cb,d8b36eed-bfef-470f-b51f-1d324c5811cd,0.1,83.77,2025-11-03 16:48:26.495,tamisage,{},MD-20251103-GAMBAGA-GRANULO,,
aa4bee67-8720-4e7b-ac2f-70a9000cbd3f,d8b36eed-bfef-470f-b51f-1d324c5811cd,0.08,82.81,2025-11-03 16:48:26.495,tamisage,{},MD-20251103-GAMBAGA-GRANULO,,
ac01b53c-b4e7-42d5-8d91-d8c96da0637b,d8b36eed-bfef-470f-b51f-1d324c5811cd,0.0696,82.38,2025-11-03 16:48:26.550,sedimentometrie,{},MD-20251103-GAMBAGA-GRANULO,,
9683e64e-3d02-45a7-bfe1-bb44b9143b5d,d8b36eed-bfef-470f-b51f-1d324c5811cd,0.0494,79.33,2025-11-03 16:48:26.550,sedimentometrie,{},MD-20251103-GAMBAGA-GRANULO,,
87bc1eb1-4e32-4089-abb7-0479bd2c8589,d8b36eed-bfef-470f-b51f-1d324c5811cd,0.0351,76.65,2025-11-03 16:48:26.550,sedimentometrie,{},MD-20251103-GAMBAGA-GRANULO,,
b134a0e4-b1d1-46a0-9f08-fc7842aec4cd,d8b36eed-bfef-470f-b51f-1d324c5811cd,0.0224,71.69,2025-11-03 16:48:26.550,sedimentometrie,{},MD-20251103-GAMBAGA-GRANULO,,
c5e4b848-b93a-4a3f-8b09-fde26b031e65,d8b36eed-bfef-470f-b51f-1d324c5811cd,0.013,67.1,2025-11-03 16:48:26.550,sedimentometrie,{},MD-20251103-GAMBAGA-GRANULO,,
20b8c2a0-0f63-4e00-95ad-13c08ca5f29f,d8b36eed-bfef-470f-b51f-1d324c5811cd,0.0076,61.37,2025-11-03 16:48:26.550,sedimentometrie,{},MD-20251103-GAMBAGA-GRANULO,,
bc997626-aa33-400a-9e25-c89bbded428d,d8b36eed-bfef-470f-b51f-1d324c5811cd,0.0047,56.4,2025-11-03 16:48:26.550,sedimentometrie,{},MD-20251103-GAMBAGA-GRANULO,,
bcab71fb-c18c-439c-a43b-d71a5cd7bfe8,d8b36eed-bfef-470f-b51f-1d324c5811cd,0.0033,52.97,2025-11-03 16:48:26.550,sedimentometrie,{},MD-20251103-GAMBAGA-GRANULO,,
4a34b3c3-2d62-4527-8bb9-9a63522d77bd,d8b36eed-bfef-470f-b51f-1d324c5811cd,0.0027,51.03,2025-11-03 16:48:26.550,sedimentometrie,{},MD-20251103-GAMBAGA-GRANULO,,
d1af81eb-95da-4d55-8b0f-39adc81f5251,d8b36eed-bfef-470f-b51f-1d324c5811cd,0.0024,49.91,2025-11-03 16:48:26.550,sedimentometrie,{},MD-20251103-GAMBAGA-GRANULO,,
00ff1c93-60ec-4bff-84a7-bf6d2b0d7014,d8b36eed-bfef-470f-b51f-1d324c5811cd,0.0019,48.76,2025-11-03 16:48:26.550,sedimentometrie,{},MD-20251103-GAMBAGA-GRANULO,,
c63a7b94-1c56-4556-86ee-06e35b89b84a,d8b36eed-bfef-470f-b51f-1d324c5811cd,0.0014,48,2025-11-03 16:48:26.550,sedimentometrie,{},MD-20251103-GAMBAGA-GRANULO,,
22977b78-2383-4749-8721-4e7c2a331d47,276b7d10-c3ac-4f62-9cf2-b8b83d02cf34,25,100,2025-11-03 16:48:26.554,tamisage,{},MD-20251103-GAMBAGA-GRANULO,,
527881b8-6d4f-4326-9869-e3dad13ef46e,276b7d10-c3ac-4f62-9cf2-b8b83d02cf34,20,100,2025-11-03 16:48:26.554,tamisage,{},MD-20251103-GAMBAGA-GRANULO,,
4922ae76-3412-478a-bef5-c64272ad1c3f,276b7d10-c3ac-4f62-9cf2-b8b83d02cf34,16,100,2025-11-03 16:48:26.554,tamisage,{},MD-20251103-GAMBAGA-GRANULO,,
93599a61-711e-44a4-a6ef-282b97529b65,276b7d10-c3ac-4f62-9cf2-b8b83d02cf34,12.5,100,2025-11-03 16:48:26.554,tamisage,{},MD-20251103-GAMBAGA-GRANULO,,
3a270300-cbd1-4514-a98a-42bba1fef666,276b7d10-c3ac-4f62-9cf2-b8b83d02cf34,10,99.7,2025-11-03 16:48:26.554,tamisage,{},MD-20251103-GAMBAGA-GRANULO,,
79ffb1fb-a1bb-43c8-83d5-96bcdada83eb,276b7d10-c3ac-4f62-9cf2-b8b83d02cf34,8,99.7,2025-11-03 16:48:26.554,tamisage,{},MD-20251103-GAMBAGA-GRANULO,,
1e6229ea-a309-4e0b-83bb-de65553c142f,276b7d10-c3ac-4f62-9cf2-b8b83d02cf34,6.3,99.61,2025-11-03 16:48:26.554,tamisage,{},MD-20251103-GAMBAGA-GRANULO,,
86cea45b-3b47-4130-aba7-faf5b924222a,276b7d10-c3ac-4f62-9cf2-b8b83d02cf34,5,99.59,2025-11-03 16:48:26.554,tamisage,{},MD-20251103-GAMBAGA-GRANULO,,
cbd4a2dc-3444-478b-86b7-d2b5ce3eb102,276b7d10-c3ac-4f62-9cf2-b8b83d02cf34,4,99.51,2025-11-03 16:48:26.554,tamisage,{},MD-20251103-GAMBAGA-GRANULO,,
ea03f579-1dd3-4d80-8c61-a65bbf8498c6,276b7d10-c3ac-4f62-9cf2-b8b83d02cf34,3.15,99.33,2025-11-03 16:48:26.554,tamisage,{},MD-20251103-GAMBAGA-GRANULO,,
6fa23820-2943-493b-87bb-80558ae9e3c9,276b7d10-c3ac-4f62-9cf2-b8b83d02cf34,2.5,99.07,2025-11-03 16:48:26.554,tamisage,{},MD-20251103-GAMBAGA-GRANULO,,
7c9e7ab8-fa82-49ef-8125-bdffa6790176,276b7d10-c3ac-4f62-9cf2-b8b83d02cf34,2,98.62,2025-11-03 16:48:26.554,tamisage,{},MD-20251103-GAMBAGA-GRANULO,,
5b24c335-9030-4b87-9dcc-2910b31d438c,276b7d10-c3ac-4f62-9cf2-b8b83d02cf34,1.6,98.03,2025-11-03 16:48:26.554,tamisage,{},MD-20251103-GAMBAGA-GRANULO,,
abfbabba-8c8e-4517-9368-a9d6c2b1d7d7,276b7d10-c3ac-4f62-9cf2-b8b83d02cf34,1.25,97.38,2025-11-03 16:48:26.554,tamisage,{},MD-20251103-GAMBAGA-GRANULO,,
abbc7176-ba87-4262-b800-044c4808beff,276b7d10-c3ac-4f62-9cf2-b8b83d02cf34,1,96.87,2025-11-03 16:48:26.554,tamisage,{},MD-20251103-GAMBAGA-GRANULO,,
1383d542-1adc-4c1f-afae-ded685ed8099,276b7d10-c3ac-4f62-9cf2-b8b83d02cf34,0.8,96.29,2025-11-03 16:48:26.554,tamisage,{},MD-20251103-GAMBAGA-GRANULO,,
10cb76d6-3de7-4fab-9376-9843c41b12b5,276b7d10-c3ac-4f62-9cf2-b8b83d02cf34,0.63,95.77,2025-11-03 16:48:26.554,tamisage,{},MD-20251103-GAMBAGA-GRANULO,,
c9cfb896-933c-4dfd-bbd7-8ddc305af88a,276b7d10-c3ac-4f62-9cf2-b8b83d02cf34,0.5,95.02,2025-11-03 16:48:26.554,tamisage,{},MD-20251103-GAMBAGA-GRANULO,,
a9c93f0f-6d53-4047-a315-4cb17c5193bf,276b7d10-c3ac-4f62-9cf2-b8b83d02cf34,0.4,94.46,2025-11-03 16:48:26.554,tamisage,{},MD-20251103-GAMBAGA-GRANULO,,
84a46d60-16d4-47b6-8af7-2810caf53ea5,276b7d10-c3ac-4f62-9cf2-b8b83d02cf34,0.315,93.23,2025-11-03 16:48:26.554,tamisage,{},MD-20251103-GAMBAGA-GRANULO,,
72a1f645-30aa-446b-97d2-8c2639e4f703,276b7d10-c3ac-4f62-9cf2-b8b83d02cf34,0.25,91.88,2025-11-03 16:48:26.554,tamisage,{},MD-20251103-GAMBAGA-GRANULO,,
35ddeb25-6ce7-4fbc-84a3-555361988908,276b7d10-c3ac-4f62-9cf2-b8b83d02cf34,0.2,87.92,2025-11-03 16:48:26.554,tamisage,{},MD-20251103-GAMBAGA-GRANULO,,
6b7fcace-0959-4481-bd77-a215382d41a7,276b7d10-c3ac-4f62-9cf2-b8b83d02cf34,0.16,85.7,2025-11-03 16:48:26.554,tamisage,{},MD-20251103-GAMBAGA-GRANULO,,
9f0152cb-bcd5-4358-aa05-3e4de93f9412,276b7d10-c3ac-4f62-9cf2-b8b83d02cf34,0.125,80.41,2025-11-03 16:48:26.554,tamisage,{},MD-20251103-GAMBAGA-GRANULO,,
4973478a-cf69-4d2a-a753-0fb9ca44b371,276b7d10-c3ac-4f62-9cf2-b8b83d02cf34,0.1,78.65,2025-11-03 16:48:26.554,tamisage,{},MD-20251103-GAMBAGA-GRANULO,,
c198913c-caeb-4622-b544-5fb80a316786,276b7d10-c3ac-4f62-9cf2-b8b83d02cf34,0.08,77.5,2025-11-03 16:48:26.554,tamisage,{},MD-20251103-GAMBAGA-GRANULO,,
b15067dd-2e28-4004-b33b-79ca3d69ece5,276b7d10-c3ac-4f62-9cf2-b8b83d02cf34,0.0696,77.12,2025-11-03 16:48:26.561,sedimentometrie,{},MD-20251103-GAMBAGA-GRANULO,,
3a64af4c-1f67-4237-81bb-5e2ffc318a0a,276b7d10-c3ac-4f62-9cf2-b8b83d02cf34,0.0494,73.7,2025-11-03 16:48:26.561,sedimentometrie,{},MD-20251103-GAMBAGA-GRANULO,,
5619652e-1133-4079-a42e-02cc161f3df2,276b7d10-c3ac-4f62-9cf2-b8b83d02cf34,0.0351,70.28,2025-11-03 16:48:26.561,sedimentometrie,{},MD-20251103-GAMBAGA-GRANULO,,
f325db9f-3667-4529-8490-5e7ab31c9acd,276b7d10-c3ac-4f62-9cf2-b8b83d02cf34,0.0224,65.15,2025-11-03 16:48:26.561,sedimentometrie,{},MD-20251103-GAMBAGA-GRANULO,,
c87643a1-2365-4c38-b470-c6b3384a465f,276b7d10-c3ac-4f62-9cf2-b8b83d02cf34,0.013,59.33,2025-11-03 16:48:26.561,sedimentometrie,{},MD-20251103-GAMBAGA-GRANULO,,
a1479cbf-527e-416a-a971-e253662b84fe,276b7d10-c3ac-4f62-9cf2-b8b83d02cf34,0.0076,53.18,2025-11-03 16:48:26.561,sedimentometrie,{},MD-20251103-GAMBAGA-GRANULO,,
69638374-93e4-4f8b-8d5b-6260ca91491f,276b7d10-c3ac-4f62-9cf2-b8b83d02cf34,0.0047,48.05,2025-11-03 16:48:26.561,sedimentometrie,{},MD-20251103-GAMBAGA-GRANULO,,
313346ed-f021-4d0d-b779-05eceaeda222,276b7d10-c3ac-4f62-9cf2-b8b83d02cf34,0.0033,43.63,2025-11-03 16:48:26.561,sedimentometrie,{},MD-20251103-GAMBAGA-GRANULO,,
6c9b6ded-49b7-468d-9b18-d8fa21454251,276b7d10-c3ac-4f62-9cf2-b8b83d02cf34,0.0027,41.23,2025-11-03 16:48:26.561,sedimentometrie,{},MD-20251103-GAMBAGA-GRANULO,,
dbf0d1a3-126f-46da-ba60-04f07f71c0cd,276b7d10-c3ac-4f62-9cf2-b8b83d02cf34,0.0024,39.86,2025-11-03 16:48:26.561,sedimentometrie,{},MD-20251103-GAMBAGA-GRANULO,,
d04cc66c-5a80-4971-94c6-12a0411a690f,276b7d10-c3ac-4f62-9cf2-b8b83d02cf34,0.0019,38.5,2025-11-03 16:48:26.561,sedimentometrie,{},MD-20251103-GAMBAGA-GRANULO,,
e810d4aa-c717-4ded-90e4-e25ed8b5e2a4,276b7d10-c3ac-4f62-9cf2-b8b83d02cf34,0.0014,37.1,2025-11-03 16:48:26.561,sedimentometrie,{},MD-20251103-GAMBAGA-GRANULO,,
96c7decc-74f8-4e28-9068-8fd07148b946,c3baea71-7feb-4834-a121-f727f015d113,25,100,2025-11-03 16:48:26.564,tamisage,{},MD-20251103-GAMBAGA-GRANULO,,
345b6153-cfb3-4c16-bcc1-a85d31156322,c3baea71-7feb-4834-a121-f727f015d113,20,100,2025-11-03 16:48:26.564,tamisage,{},MD-20251103-GAMBAGA-GRANULO,,
8d2eeb45-a6bd-4927-a9f3-b047110e6780,c3baea71-7feb-4834-a121-f727f015d113,16,100,2025-11-03 16:48:26.564,tamisage,{},MD-20251103-GAMBAGA-GRANULO,,
e1e5d18d-c02f-4ff0-b33a-90093cf30422,c3baea71-7feb-4834-a121-f727f015d113,12.5,99.47,2025-11-03 16:48:26.564,tamisage,{},MD-20251103-GAMBAGA-GRANULO,,
67726a3f-3e40-4b1a-8c01-655227101fdb,c3baea71-7feb-4834-a121-f727f015d113,10,99.47,2025-11-03 16:48:26.564,tamisage,{},MD-20251103-GAMBAGA-GRANULO,,
1ad91c4f-13a0-4638-ae26-71fea0bf2e5b,c3baea71-7feb-4834-a121-f727f015d113,8,99.4,2025-11-03 16:48:26.564,tamisage,{},MD-20251103-GAMBAGA-GRANULO,,
3fcd2e97-b057-49ab-ad4c-59635ea32e71,c3baea71-7feb-4834-a121-f727f015d113,6.3,99.36,2025-11-03 16:48:26.564,tamisage,{},MD-20251103-GAMBAGA-GRANULO,,
599e8cd0-5f3d-43c8-b72d-c7d9ae112226,c3baea71-7feb-4834-a121-f727f015d113,5,99.34,2025-11-03 16:48:26.564,tamisage,{},MD-20251103-GAMBAGA-GRANULO,,
515f1d04-ffcf-4e70-ab85-0900aae5a0a2,c3baea71-7feb-4834-a121-f727f015d113,4,99.25,2025-11-03 16:48:26.564,tamisage,{},MD-20251103-GAMBAGA-GRANULO,,
24f1c649-bdf0-4c8b-a0fe-e07af2efb0f4,c3baea71-7feb-4834-a121-f727f015d113,3.15,99.05,2025-11-03 16:48:26.564,tamisage,{},MD-20251103-GAMBAGA-GRANULO,,
c79aef83-5119-46d4-907b-758df2a0830e,c3baea71-7feb-4834-a121-f727f015d113,2.5,98.89,2025-11-03 16:48:26.564,tamisage,{},MD-20251103-GAMBAGA-GRANULO,,
2c7c4a06-683f-447f-a87a-e8864e2e1b25,c3baea71-7feb-4834-a121-f727f015d113,2,98.71,2025-11-03 16:48:26.564,tamisage,{},MD-20251103-GAMBAGA-GRANULO,,
d10474aa-4e9b-4e52-82e5-25ca90ea4955,c3baea71-7feb-4834-a121-f727f015d113,1.6,98.54,2025-11-03 16:48:26.564,tamisage,{},MD-20251103-GAMBAGA-GRANULO,,
9fff468d-9be4-4f5e-b320-55f0033076ff,c3baea71-7feb-4834-a121-f727f015d113,1.25,98.28,2025-11-03 16:48:26.564,tamisage,{},MD-20251103-GAMBAGA-GRANULO,,
e04ab2fd-1d30-4083-9820-3fda7a96cad6,c3baea71-7feb-4834-a121-f727f015d113,1,98.03,2025-11-03 16:48:26.564,tamisage,{},MD-20251103-GAMBAGA-GRANULO,,
1814f32f-4ae1-44cb-9178-ffdd9a791f3d,c3baea71-7feb-4834-a121-f727f015d113,0.8,97.75,2025-11-03 16:48:26.564,tamisage,{},MD-20251103-GAMBAGA-GRANULO,,
d30d4208-4dc7-4c85-8166-c263d67b4e35,c3baea71-7feb-4834-a121-f727f015d113,0.63,97.4,2025-11-03 16:48:26.564,tamisage,{},MD-20251103-GAMBAGA-GRANULO,,
ff48f14a-4e79-4c32-a25b-fe1d35c29106,c3baea71-7feb-4834-a121-f727f015d113,0.5,96.67,2025-11-03 16:48:26.564,tamisage,{},MD-20251103-GAMBAGA-GRANULO,,
feb8b30b-4d1c-47b3-bafd-a63ee01f0ee2,c3baea71-7feb-4834-a121-f727f015d113,0.4,95.91,2025-11-03 16:48:26.564,tamisage,{},MD-20251103-GAMBAGA-GRANULO,,
4886dc1a-78ce-4df0-af54-6d2ac4ffe271,c3baea71-7feb-4834-a121-f727f015d113,0.315,94.04,2025-11-03 16:48:26.564,tamisage,{},MD-20251103-GAMBAGA-GRANULO,,
5476b63a-7fca-45db-93a6-26bb1844a9bb,c3baea71-7feb-4834-a121-f727f015d113,0.25,91.73,2025-11-03 16:48:26.564,tamisage,{},MD-20251103-GAMBAGA-GRANULO,,
936c91a7-9b3d-45c7-ad55-eddd9a101e3c,c3baea71-7feb-4834-a121-f727f015d113,0.2,84.86,2025-11-03 16:48:26.564,tamisage,{},MD-20251103-GAMBAGA-GRANULO,,
9898fcac-7967-4439-b89f-ef70d7de813c,c3baea71-7feb-4834-a121-f727f015d113,0.16,80.61,2025-11-03 16:48:26.564,tamisage,{},MD-20251103-GAMBAGA-GRANULO,,
4eb6a989-5805-4505-a425-a434017132fe,c3baea71-7feb-4834-a121-f727f015d113,0.125,73.48,2025-11-03 16:48:26.564,tamisage,{},MD-20251103-GAMBAGA-GRANULO,,
3c8b7b0f-915b-4344-96f7-68a93debc18f,c3baea71-7feb-4834-a121-f727f015d113,0.1,70.87,2025-11-03 16:48:26.564,tamisage,{},MD-20251103-GAMBAGA-GRANULO,,
811ff3b1-8d2a-4360-b00a-a478da6d8821,c3baea71-7feb-4834-a121-f727f015d113,0.08,68.75,2025-11-03 16:48:26.564,tamisage,{},MD-20251103-GAMBAGA-GRANULO,,
ed936778-62b0-43b0-8f74-4105febce80c,c3baea71-7feb-4834-a121-f727f015d113,0.0696,65.88,2025-11-03 16:48:26.569,sedimentometrie,{},MD-20251103-GAMBAGA-GRANULO,,
1fc61e1f-ed7e-407e-8eed-6321a725e090,c3baea71-7feb-4834-a121-f727f015d113,0.0494,62.82,2025-11-03 16:48:26.569,sedimentometrie,{},MD-20251103-GAMBAGA-GRANULO,,
ae09c6af-c09b-4ced-9c64-e4a21bc99c71,c3baea71-7feb-4834-a121-f727f015d113,0.0351,60.02,2025-11-03 16:48:26.569,sedimentometrie,{},MD-20251103-GAMBAGA-GRANULO,,
3a36d81b-4282-41f2-b75a-0194a65e7bf3,c3baea71-7feb-4834-a121-f727f015d113,0.0224,56.21,2025-11-03 16:48:26.569,sedimentometrie,{},MD-20251103-GAMBAGA-GRANULO,,
40ed81d2-02dc-4d14-9bb6-3b9bad6511ed,c3baea71-7feb-4834-a121-f727f015d113,0.013,51.11,2025-11-03 16:48:26.569,sedimentometrie,{},MD-20251103-GAMBAGA-GRANULO,,
4a8ef04b-95e3-4738-bfc1-e797e265d376,c3baea71-7feb-4834-a121-f727f015d113,0.0076,46.03,2025-11-03 16:48:26.569,sedimentometrie,{},MD-20251103-GAMBAGA-GRANULO,,
e2053886-0745-4ac7-970f-7fd03ab5d241,c3baea71-7feb-4834-a121-f727f015d113,0.0047,40.7,2025-11-03 16:48:26.569,sedimentometrie,{},MD-20251103-GAMBAGA-GRANULO,,
3dba8b7f-aa37-4fb6-bf87-5d76e56cd4f6,c3baea71-7feb-4834-a121-f727f015d113,0.0033,37.13,2025-11-03 16:48:26.569,sedimentometrie,{},MD-20251103-GAMBAGA-GRANULO,,
b8293f88-2b5f-40ae-9306-347066085f40,c3baea71-7feb-4834-a121-f727f015d113,0.0027,34.58,2025-11-03 16:48:26.569,sedimentometrie,{},MD-20251103-GAMBAGA-GRANULO,,
897d85a1-305c-45e9-b18a-530a410d2bbc,c3baea71-7feb-4834-a121-f727f015d113,0.0024,33.05,2025-11-03 16:48:26.569,sedimentometrie,{},MD-20251103-GAMBAGA-GRANULO,,
c97dab2b-7ad7-4f7e-ace6-211f079de258,c3baea71-7feb-4834-a121-f727f015d113,0.0019,31.01,2025-11-03 16:48:26.569,sedimentometrie,{},MD-20251103-GAMBAGA-GRANULO,,
dbd3a175-188e-4d61-8a60-6e37e4befea5,c3baea71-7feb-4834-a121-f727f015d113,0.0014,28.97,2025-11-03 16:48:26.569,sedimentometrie,{},MD-20251103-GAMBAGA-GRANULO,,
6e2ff143-ee5a-49e6-bf52-e9a217744d60,78374375-18cb-4e21-abbf-3b1993bd2bc1,40,100,2025-11-03 16:49:23.494,tamisage,{},MD-20251103-NICABOU-GRANULO,,
cc6a3ede-fb1a-4b04-8e9e-bde38806c43c,78374375-18cb-4e21-abbf-3b1993bd2bc1,31.5,100,2025-11-03 16:49:23.494,tamisage,{},MD-20251103-NICABOU-GRANULO,,
56a48286-76a3-4113-951a-c044feb7b951,78374375-18cb-4e21-abbf-3b1993bd2bc1,20,100,2025-11-03 16:49:23.494,tamisage,{},MD-20251103-NICABOU-GRANULO,,
6ebd96cf-fe2a-42cd-a02c-d606c7f42667,78374375-18cb-4e21-abbf-3b1993bd2bc1,10,100,2025-11-03 16:49:23.494,tamisage,{},MD-20251103-NICABOU-GRANULO,,
4e161066-85a6-486b-ac37-6930898285cd,78374375-18cb-4e21-abbf-3b1993bd2bc1,5,100,2025-11-03 16:49:23.494,tamisage,{},MD-20251103-NICABOU-GRANULO,,
4e372fec-f66d-4827-89f3-29ef9d6f4b87,78374375-18cb-4e21-abbf-3b1993bd2bc1,2.5,99.93,2025-11-03 16:49:23.494,tamisage,{},MD-20251103-NICABOU-GRANULO,,
e6c72414-f6eb-4db9-812b-90b6f2562afb,78374375-18cb-4e21-abbf-3b1993bd2bc1,1.25,99.48,2025-11-03 16:49:23.494,tamisage,{},MD-20251103-NICABOU-GRANULO,,
bbdcb801-b19c-4355-801d-421b4833b580,78374375-18cb-4e21-abbf-3b1993bd2bc1,0.63,91.92,2025-11-03 16:49:23.494,tamisage,{},MD-20251103-NICABOU-GRANULO,,
297396c9-d2ad-4c23-9e9b-0a912220e8c1,78374375-18cb-4e21-abbf-3b1993bd2bc1,0.315,71.64,2025-11-03 16:49:23.494,tamisage,{},MD-20251103-NICABOU-GRANULO,,
7ed6fadc-bc88-4523-b5b2-3ab748106e9a,78374375-18cb-4e21-abbf-3b1993bd2bc1,0.16,52.24,2025-11-03 16:49:23.494,tamisage,{},MD-20251103-NICABOU-GRANULO,,
03652f49-2a8a-49d8-9359-29f594089451,78374375-18cb-4e21-abbf-3b1993bd2bc1,0.08,45.89,2025-11-03 16:49:23.494,tamisage,{},MD-20251103-NICABOU-GRANULO,,
e3b6a9cc-855b-463b-97f0-c11853aa125e,78374375-18cb-4e21-abbf-3b1993bd2bc1,0.0555,40.57,2025-11-03 16:49:23.494,tamisage,{},MD-20251103-NICABOU-GRANULO,,
d40bcfdd-4e9f-46f9-b88a-e123f0a4f4fd,78374375-18cb-4e21-abbf-3b1993bd2bc1,0.04,39.47,2025-11-03 16:49:23.494,tamisage,{},MD-20251103-NICABOU-GRANULO,,
46582e55-d06f-4156-a479-ab5683610231,78374375-18cb-4e21-abbf-3b1993bd2bc1,0.0305,37.82,2025-11-03 16:49:23.494,tamisage,{},MD-20251103-NICABOU-GRANULO,,
b8626efc-1d37-4bfa-820b-186787aa1c13,78374375-18cb-4e21-abbf-3b1993bd2bc1,0.0193,35.76,2025-11-03 16:49:23.494,tamisage,{},MD-20251103-NICABOU-GRANULO,,
13b62bce-bdfd-487a-8aee-66d407780576,78374375-18cb-4e21-abbf-3b1993bd2bc1,0.012,33.7,2025-11-03 16:49:23.494,tamisage,{},MD-20251103-NICABOU-GRANULO,,
966b35b6-85bd-4071-9251-618f909a49a0,78374375-18cb-4e21-abbf-3b1993bd2bc1,0.0069,31.91,2025-11-03 16:49:23.494,tamisage,{},MD-20251103-NICABOU-GRANULO,,
cb0db0cf-da01-413f-ad91-1bc39b05d887,78374375-18cb-4e21-abbf-3b1993bd2bc1,0.0043,30.71,2025-11-03 16:49:23.494,tamisage,{},MD-20251103-NICABOU-GRANULO,,
cad26a2c-6002-4d61-bdb1-bda506d8f255,6b3a2d3e-6fbb-4afc-861f-6bc4f1306ca8,40,100,2025-11-03 16:49:23.551,tamisage,{},MD-20251103-NICABOU-GRANULO,,
f5a56a97-c102-473f-b1ab-2c0c1f89374c,6b3a2d3e-6fbb-4afc-861f-6bc4f1306ca8,31.5,100,2025-11-03 16:49:23.551,tamisage,{},MD-20251103-NICABOU-GRANULO,,
9932010f-f322-4543-98ca-c44cf35a882c,6b3a2d3e-6fbb-4afc-861f-6bc4f1306ca8,20,100,2025-11-03 16:49:23.551,tamisage,{},MD-20251103-NICABOU-GRANULO,,
13ad0b65-442b-4dcc-8b64-87befdbac701,6b3a2d3e-6fbb-4afc-861f-6bc4f1306ca8,10,100,2025-11-03 16:49:23.551,tamisage,{},MD-20251103-NICABOU-GRANULO,,
db7610ac-e08b-4920-8c0a-3bb7d7c45b3f,6b3a2d3e-6fbb-4afc-861f-6bc4f1306ca8,5,100,2025-11-03 16:49:23.551,tamisage,{},MD-20251103-NICABOU-GRANULO,,
558887c8-417f-4798-b31e-57a042a15bd8,6b3a2d3e-6fbb-4afc-861f-6bc4f1306ca8,2.5,100,2025-11-03 16:49:23.551,tamisage,{},MD-20251103-NICABOU-GRANULO,,
66885491-8966-4a7c-9539-06f1e3c32a68,6b3a2d3e-6fbb-4afc-861f-6bc4f1306ca8,1.25,99.6,2025-11-03 16:49:23.551,tamisage,{},MD-20251103-NICABOU-GRANULO,,
9a4a2b53-46d2-47b4-a77c-c641657b4733,6b3a2d3e-6fbb-4afc-861f-6bc4f1306ca8,0.63,92.58,2025-11-03 16:49:23.551,tamisage,{},MD-20251103-NICABOU-GRANULO,,
7e28d039-c0a9-4931-8847-b7fe211b034b,6b3a2d3e-6fbb-4afc-861f-6bc4f1306ca8,0.315,71.53,2025-11-03 16:49:23.551,tamisage,{},MD-20251103-NICABOU-GRANULO,,
0ba76144-4976-4800-922e-698cd465e394,6b3a2d3e-6fbb-4afc-861f-6bc4f1306ca8,0.16,51.32,2025-11-03 16:49:23.551,tamisage,{},MD-20251103-NICABOU-GRANULO,,
1d86b23b-2fb4-4598-ac0f-dbb4735051e4,6b3a2d3e-6fbb-4afc-861f-6bc4f1306ca8,0.08,44.68,2025-11-03 16:49:23.551,tamisage,{},MD-20251103-NICABOU-GRANULO,,
f1fda03e-4b38-4e8a-96d0-e4ba56d379ba,6b3a2d3e-6fbb-4afc-861f-6bc4f1306ca8,0.0563,41.27,2025-11-03 16:49:23.551,tamisage,{},MD-20251103-NICABOU-GRANULO,,
92afb9b5-97da-408b-9e04-5d710f763711,6b3a2d3e-6fbb-4afc-861f-6bc4f1306ca8,0.041,38.98,2025-11-03 16:49:23.551,tamisage,{},MD-20251103-NICABOU-GRANULO,,
9e3c48a4-bf18-42b9-a46f-adec8e07ab5a,6b3a2d3e-6fbb-4afc-861f-6bc4f1306ca8,0.0315,36.41,2025-11-03 16:49:23.551,tamisage,{},MD-20251103-NICABOU-GRANULO,,
dc7509f6-02fa-43e7-9bc5-5aa2bc9d2738,6b3a2d3e-6fbb-4afc-861f-6bc4f1306ca8,0.02,33.41,2025-11-03 16:49:23.551,tamisage,{},MD-20251103-NICABOU-GRANULO,,
927551d4-1881-47a1-a7dd-3c9f796187d4,6b3a2d3e-6fbb-4afc-861f-6bc4f1306ca8,0.012,30.41,2025-11-03 16:49:23.551,tamisage,{},MD-20251103-NICABOU-GRANULO,,
8b4c8c4e-e37b-406e-b4bb-f9a2444fe8c1,6b3a2d3e-6fbb-4afc-861f-6bc4f1306ca8,0.0072,27.99,2025-11-03 16:49:23.551,tamisage,{},MD-20251103-NICABOU-GRANULO,,
d56030f8-8a2c-49b9-97a6-7aa62490658b,6b3a2d3e-6fbb-4afc-861f-6bc4f1306ca8,0.0046,26.56,2025-11-03 16:49:23.551,tamisage,{},MD-20251103-NICABOU-GRANULO,,
0ceae9e1-17d2-4ddf-ad2f-4c8a47a03198,bd9d8c2a-189b-4ffa-800d-0e82a56048c7,40,100,2025-11-03 16:49:23.553,tamisage,{},MD-20251103-NICABOU-GRANULO,,
8bea673c-7e3a-4325-af13-8f91a261fde1,bd9d8c2a-189b-4ffa-800d-0e82a56048c7,31.5,100,2025-11-03 16:49:23.553,tamisage,{},MD-20251103-NICABOU-GRANULO,,
9dfc8a6f-18f0-451d-b8c2-af7fb7650a51,bd9d8c2a-189b-4ffa-800d-0e82a56048c7,20,100,2025-11-03 16:49:23.553,tamisage,{},MD-20251103-NICABOU-GRANULO,,
ec1533a2-fd65-4530-81c9-59744e7528d3,bd9d8c2a-189b-4ffa-800d-0e82a56048c7,10,100,2025-11-03 16:49:23.553,tamisage,{},MD-20251103-NICABOU-GRANULO,,
6917e970-9877-45a7-b0e2-4e71b8f506e2,bd9d8c2a-189b-4ffa-800d-0e82a56048c7,5,100,2025-11-03 16:49:23.553,tamisage,{},MD-20251103-NICABOU-GRANULO,,
046d0edf-c1a1-4d0a-8b04-6642d1840442,bd9d8c2a-189b-4ffa-800d-0e82a56048c7,2.5,99.99,2025-11-03 16:49:23.553,tamisage,{},MD-20251103-NICABOU-GRANULO,,
0d83e68b-c33e-48a3-8cc6-cb6641fc36df,bd9d8c2a-189b-4ffa-800d-0e82a56048c7,1.25,99.53,2025-11-03 16:49:23.553,tamisage,{},MD-20251103-NICABOU-GRANULO,,
88981e2d-a363-4bd4-9c80-422fb4a9ab2c,bd9d8c2a-189b-4ffa-800d-0e82a56048c7,0.63,93.1,2025-11-03 16:49:23.553,tamisage,{},MD-20251103-NICABOU-GRANULO,,
1946b6c7-d364-4587-b72f-e671c7422d55,bd9d8c2a-189b-4ffa-800d-0e82a56048c7,0.315,75.19,2025-11-03 16:49:23.553,tamisage,{},MD-20251103-NICABOU-GRANULO,,
2c0cf801-0f5b-48d0-b945-93e2f394400d,bd9d8c2a-189b-4ffa-800d-0e82a56048c7,0.16,58.95,2025-11-03 16:49:23.553,tamisage,{},MD-20251103-NICABOU-GRANULO,,
f914c0e4-8297-452f-85f6-018f8ff1a868,bd9d8c2a-189b-4ffa-800d-0e82a56048c7,0.08,53.1,2025-11-03 16:49:23.553,tamisage,{},MD-20251103-NICABOU-GRANULO,,
40d86689-ad6d-4f64-ab99-2efd3500dd47,bd9d8c2a-189b-4ffa-800d-0e82a56048c7,0.0615,49.54,2025-11-03 16:49:23.553,tamisage,{},MD-20251103-NICABOU-GRANULO,,
d51f0e6d-941f-44da-82bd-d311b24f5c3d,4f9ef790-d346-4e45-bc63-262aa64497e4,0.25,52.57,2025-11-03 17:26:47.771,tamisage,{},MD-20251103-AGTCHESSI,,
9a795d15-19d4-4461-ad9a-ea74e1f1a268,4f9ef790-d346-4e45-bc63-262aa64497e4,0.2,48.57,2025-11-03 17:26:47.771,tamisage,{},MD-20251103-AGTCHESSI,,
bad7b5d6-1164-4133-a811-27b7368c89f9,4f9ef790-d346-4e45-bc63-262aa64497e4,0.16,45.09,2025-11-03 17:26:47.771,tamisage,{},MD-20251103-AGTCHESSI,,
d6471807-f4d2-4f32-be13-ff6c35cd9860,4f9ef790-d346-4e45-bc63-262aa64497e4,0.125,40.59,2025-11-03 17:26:47.771,tamisage,{},MD-20251103-AGTCHESSI,,
2871cfe2-e07c-4d59-bc36-a07c31277373,4f9ef790-d346-4e45-bc63-262aa64497e4,0.1,38.49,2025-11-03 17:26:47.771,tamisage,{},MD-20251103-AGTCHESSI,,
145f57b6-5b9b-4e29-9703-f86ae25990c4,4f9ef790-d346-4e45-bc63-262aa64497e4,0.08,36.99,2025-11-03 17:26:47.771,tamisage,{},MD-20251103-AGTCHESSI,,
d78491dd-27af-4902-9e27-08ef0e12e480,4f9ef790-d346-4e45-bc63-262aa64497e4,0.0613,32.49,2025-11-03 17:26:47.771,sedimentometrie,{},MD-20251103-AGTCHESSI,,
89421f3a-5fc9-4dfb-9b8a-e6dd1f1a0c2d,4f9ef790-d346-4e45-bc63-262aa64497e4,0.0454,27.43,2025-11-03 17:26:47.771,sedimentometrie,{},MD-20251103-AGTCHESSI,,
e08c972c-7a5a-48fd-8c33-7d0d6b08cbae,4f9ef790-d346-4e45-bc63-262aa64497e4,0.0331,24.06,2025-11-03 17:26:47.771,sedimentometrie,{},MD-20251103-AGTCHESSI,,
7b84c3e3-1007-4ea8-bc65-09b82b115fb4,4f9ef790-d346-4e45-bc63-262aa64497e4,0.0209,23.89,2025-11-03 17:26:47.771,sedimentometrie,{},MD-20251103-AGTCHESSI,,
e1e621dc-a038-4a65-9f16-658ca05902f3,4f9ef790-d346-4e45-bc63-262aa64497e4,0.0122,22.37,2025-11-03 17:26:47.771,sedimentometrie,{},MD-20251103-AGTCHESSI,,
72677874-5608-4e22-b3f8-428e6d24e569,4f9ef790-d346-4e45-bc63-262aa64497e4,0.0072,20.27,2025-11-03 17:26:47.771,sedimentometrie,{},MD-20251103-AGTCHESSI,,
ff5353d9-6444-45f0-9cf0-2dcac00307cc,4f9ef790-d346-4e45-bc63-262aa64497e4,0.0045,18.58,2025-11-03 17:26:47.771,sedimentometrie,{},MD-20251103-AGTCHESSI,,
77cb29bd-2a6a-4c46-a5ac-afe01d29ad19,4f9ef790-d346-4e45-bc63-262aa64497e4,0.0032,17.3,2025-11-03 17:26:47.771,sedimentometrie,{},MD-20251103-AGTCHESSI,,
ffd42ce6-2368-453f-abfd-84aceeb9dfce,4f9ef790-d346-4e45-bc63-262aa64497e4,0.0026,16.01,2025-11-03 17:26:47.771,sedimentometrie,{},MD-20251103-AGTCHESSI,,
c66d7e3e-3e73-4596-9a63-49388bc78df4,4f9ef790-d346-4e45-bc63-262aa64497e4,0.0023,16.62,2025-11-03 17:26:47.771,sedimentometrie,{},MD-20251103-AGTCHESSI,,
2150eb07-2c9d-4f21-b894-bcd002899c21,4f9ef790-d346-4e45-bc63-262aa64497e4,0.0019,14.79,2025-11-03 17:26:47.771,sedimentometrie,{},MD-20251103-AGTCHESSI,,
e303e522-1f75-4078-974e-004f0a6588e8,4f9ef790-d346-4e45-bc63-262aa64497e4,0.0013,13.11,2025-11-03 17:26:47.771,sedimentometrie,{},MD-20251103-AGTCHESSI,,
1f9716bd-2e55-42fa-b0bf-656f136da1b7,5441d542-b60a-4920-926e-cecbe26932f5,25,100,2025-11-03 17:26:47.771,tamisage,{},MD-20251103-AGTCHESSI,,
18d9df37-9ff4-47e2-9e4f-6fe8bad88a1f,5441d542-b60a-4920-926e-cecbe26932f5,20,98.26,2025-11-03 17:26:47.771,tamisage,{},MD-20251103-AGTCHESSI,,
a7d1d74b-a4cb-472d-9558-2bac61389ba5,5441d542-b60a-4920-926e-cecbe26932f5,16,96.6,2025-11-03 17:26:47.771,tamisage,{},MD-20251103-AGTCHESSI,,
74b48391-ca17-41d9-92dc-02f3681187e8,5441d542-b60a-4920-926e-cecbe26932f5,12.5,93.88,2025-11-03 17:26:47.771,tamisage,{},MD-20251103-AGTCHESSI,,
be89407c-447c-43d8-9e33-d96a06d9a2a8,5441d542-b60a-4920-926e-cecbe26932f5,10,91.72,2025-11-03 17:26:47.771,tamisage,{},MD-20251103-AGTCHESSI,,
90422cc1-282c-44f4-ab72-8d2eeefc569a,5441d542-b60a-4920-926e-cecbe26932f5,8,89.69,2025-11-03 17:26:47.771,tamisage,{},MD-20251103-AGTCHESSI,,
fbd6df97-4924-4c73-b329-f90ec594af42,5441d542-b60a-4920-926e-cecbe26932f5,6.3,86.95,2025-11-03 17:26:47.771,tamisage,{},MD-20251103-AGTCHESSI,,
6bda6e59-e2b8-4676-b896-9de9273ea45f,5441d542-b60a-4920-926e-cecbe26932f5,5,84.09,2025-11-03 17:26:47.771,tamisage,{},MD-20251103-AGTCHESSI,,
f3e79b85-4fbb-4fbb-970a-a7fb3a10702b,5441d542-b60a-4920-926e-cecbe26932f5,4,81.15,2025-11-03 17:26:47.771,tamisage,{},MD-20251103-AGTCHESSI,,
28d16dc3-9093-4bdb-a15c-7ed91e6dd94e,5441d542-b60a-4920-926e-cecbe26932f5,3.15,77.82,2025-11-03 17:26:47.771,tamisage,{},MD-20251103-AGTCHESSI,,
22fb8744-fafa-43a6-bf8f-ad636049982f,5441d542-b60a-4920-926e-cecbe26932f5,2.5,75.26,2025-11-03 17:26:47.771,tamisage,{},MD-20251103-AGTCHESSI,,
380c25a7-1446-42f4-81b8-35ddb2d78cdf,5441d542-b60a-4920-926e-cecbe26932f5,2,73.04,2025-11-03 17:26:47.771,tamisage,{},MD-20251103-AGTCHESSI,,
80cfc635-bde7-48f1-90bb-9c20a4712be4,5441d542-b60a-4920-926e-cecbe26932f5,1.6,71.15,2025-11-03 17:26:47.771,tamisage,{},MD-20251103-AGTCHESSI,,
f1149a49-6205-4e60-9d8f-7d3e553f0f60,5441d542-b60a-4920-926e-cecbe26932f5,1.25,69.4,2025-11-03 17:26:47.771,tamisage,{},MD-20251103-AGTCHESSI,,
69ba01ae-dbf6-4b7f-a057-b849276af4b6,5441d542-b60a-4920-926e-cecbe26932f5,1,68.14,2025-11-03 17:26:47.771,tamisage,{},MD-20251103-AGTCHESSI,,
de8f8743-9099-49a2-9f39-fbaf9b8d7096,5441d542-b60a-4920-926e-cecbe26932f5,0.8,66.87,2025-11-03 17:26:47.771,tamisage,{},MD-20251103-AGTCHESSI,,
ccba251a-6748-4446-bdac-85780c952589,5441d542-b60a-4920-926e-cecbe26932f5,0.63,65.49,2025-11-03 17:26:47.771,tamisage,{},MD-20251103-AGTCHESSI,,
4f1e4986-5e05-4fb6-8395-277dfaeb5be9,5441d542-b60a-4920-926e-cecbe26932f5,0.5,63.36,2025-11-03 17:26:47.771,tamisage,{},MD-20251103-AGTCHESSI,,
153b2df9-33fe-46b3-98a2-c91ddfd904ba,5441d542-b60a-4920-926e-cecbe26932f5,0.4,60.7,2025-11-03 17:26:47.771,tamisage,{},MD-20251103-AGTCHESSI,,
3953729e-647f-415c-b26f-8b76ae581685,5441d542-b60a-4920-926e-cecbe26932f5,0.315,57.12,2025-11-03 17:26:47.771,tamisage,{},MD-20251103-AGTCHESSI,,
e4d70fb9-1460-439d-95ef-978ba8362fb3,5441d542-b60a-4920-926e-cecbe26932f5,0.25,53.81,2025-11-03 17:26:47.771,tamisage,{},MD-20251103-AGTCHESSI,,
0d1ade1a-280e-4970-b4e6-a7201cec0510,5441d542-b60a-4920-926e-cecbe26932f5,0.2,49.24,2025-11-03 17:26:47.771,tamisage,{},MD-20251103-AGTCHESSI,,
e47763a8-bd0b-465c-8906-03078846fb71,5441d542-b60a-4920-926e-cecbe26932f5,0.16,46.02,2025-11-03 17:26:47.771,tamisage,{},MD-20251103-AGTCHESSI,,
41f67d28-bafd-43f6-8003-42e91e8bf90e,5441d542-b60a-4920-926e-cecbe26932f5,0.125,41.85,2025-11-03 17:26:47.771,tamisage,{},MD-20251103-AGTCHESSI,,
ea040644-bfe5-4f16-b5e9-b7c27b0c7fbc,5441d542-b60a-4920-926e-cecbe26932f5,0.1,39.76,2025-11-03 17:26:47.771,tamisage,{},MD-20251103-AGTCHESSI,,
bec472b1-bcfc-4378-8be6-549ce985f612,5441d542-b60a-4920-926e-cecbe26932f5,0.08,38.48,2025-11-03 17:26:47.771,tamisage,{},MD-20251103-AGTCHESSI,,
0f77219e-e23c-4e6e-91c8-dbc616ee5945,5441d542-b60a-4920-926e-cecbe26932f5,0.0613,32.91,2025-11-03 17:26:47.771,sedimentometrie,{},MD-20251103-AGTCHESSI,,
3fca3188-fbe0-4df2-bfef-50f2789439c7,5441d542-b60a-4920-926e-cecbe26932f5,0.0463,25.08,2025-11-03 17:26:47.771,sedimentometrie,{},MD-20251103-AGTCHESSI,,
70a2c382-5684-4aac-bff1-abd84fb29db9,5441d542-b60a-4920-926e-cecbe26932f5,0.0341,19.82,2025-11-03 17:26:47.771,sedimentometrie,{},MD-20251103-AGTCHESSI,,
884daace-08b9-4753-8d59-6895604be1ca,5441d542-b60a-4920-926e-cecbe26932f5,0.0222,15.43,2025-11-03 17:26:47.771,sedimentometrie,{},MD-20251103-AGTCHESSI,,
1187c3f9-ce85-41d8-8483-c3607786c278,5441d542-b60a-4920-926e-cecbe26932f5,0.0129,14.55,2025-11-03 17:26:47.771,sedimentometrie,{},MD-20251103-AGTCHESSI,,
3278648a-190c-4fec-9cd1-272ff5d307ad,5441d542-b60a-4920-926e-cecbe26932f5,0.0075,13.67,2025-11-03 17:26:47.771,sedimentometrie,{},MD-20251103-AGTCHESSI,,
420bba1d-50e5-4b9e-b0c3-dffbd450d89b,5441d542-b60a-4920-926e-cecbe26932f5,0.0046,12.34,2025-11-03 17:26:47.771,sedimentometrie,{},MD-20251103-AGTCHESSI,,
8a4fabad-5545-474e-a4fe-61847c3efad8,5441d542-b60a-4920-926e-cecbe26932f5,0.0033,11.44,2025-11-03 17:26:47.771,sedimentometrie,{},MD-20251103-AGTCHESSI,,
af90cc5c-2e0d-4913-b3e6-117ed811dd71,5441d542-b60a-4920-926e-cecbe26932f5,0.0027,10.55,2025-11-03 17:26:47.771,sedimentometrie,{},MD-20251103-AGTCHESSI,,
c5d85931-9c98-4497-badd-115010fbf13d,5441d542-b60a-4920-926e-cecbe26932f5,0.0023,10.31,2025-11-03 17:26:47.771,sedimentometrie,{},MD-20251103-AGTCHESSI,,
e34f989e-1e0b-4aee-81d4-5f5ba7c8eca5,5441d542-b60a-4920-926e-cecbe26932f5,0.0019,10.15,2025-11-03 17:26:47.771,sedimentometrie,{},MD-20251103-AGTCHESSI,,
3798581b-0c5a-4884-9f94-5fee8f68819b,5441d542-b60a-4920-926e-cecbe26932f5,0.0014,9.28,2025-11-03 17:26:47.771,sedimentometrie,{},MD-20251103-AGTCHESSI,,
21a67cc8-ecc7-417d-85d0-120613402b4a,66e5a64f-7431-4288-91ea-45dafef6d389,25,100,2025-11-03 17:26:47.771,tamisage,{},MD-20251103-AGTCHESSI,,
1065e132-f43f-47bf-bf24-eb6513101d25,66e5a64f-7431-4288-91ea-45dafef6d389,20,96.57,2025-11-03 17:26:47.771,tamisage,{},MD-20251103-AGTCHESSI,,
0a51b036-2ac6-4308-8f3b-41ab8677a2d5,66e5a64f-7431-4288-91ea-45dafef6d389,16,96.57,2025-11-03 17:26:47.771,tamisage,{},MD-20251103-AGTCHESSI,,
4f7d4307-9815-4d5e-b1c1-64f50813de52,66e5a64f-7431-4288-91ea-45dafef6d389,12.5,95.16,2025-11-03 17:26:47.771,tamisage,{},MD-20251103-AGTCHESSI,,
1182518d-4aed-4d0e-a96f-dc75d1c69904,66e5a64f-7431-4288-91ea-45dafef6d389,10,93.72,2025-11-03 17:26:47.771,tamisage,{},MD-20251103-AGTCHESSI,,
b82d61ea-af7b-4396-9fbe-f3d5bbd05871,66e5a64f-7431-4288-91ea-45dafef6d389,8,90.44,2025-11-03 17:26:47.771,tamisage,{},MD-20251103-AGTCHESSI,,
463de4f6-64a5-4e29-8b42-3aabb51e87f2,66e5a64f-7431-4288-91ea-45dafef6d389,6.3,85.97,2025-11-03 17:26:47.771,tamisage,{},MD-20251103-AGTCHESSI,,
3cb099f3-e2f6-41aa-808b-d495a2f9bca8,66e5a64f-7431-4288-91ea-45dafef6d389,5,82.09,2025-11-03 17:26:47.771,tamisage,{},MD-20251103-AGTCHESSI,,
a0f558fb-8e00-40c4-a1e5-bbf78e90cd1f,66e5a64f-7431-4288-91ea-45dafef6d389,4,79.42,2025-11-03 17:26:47.771,tamisage,{},MD-20251103-AGTCHESSI,,
6a16bcb5-4341-44b5-8848-4b11ff54e6c9,66e5a64f-7431-4288-91ea-45dafef6d389,3.15,75.32,2025-11-03 17:26:47.771,tamisage,{},MD-20251103-AGTCHESSI,,
165cee34-3a9e-48ca-9772-3988b890019d,66e5a64f-7431-4288-91ea-45dafef6d389,2.5,71.25,2025-11-03 17:26:47.771,tamisage,{},MD-20251103-AGTCHESSI,,
b0d15edb-0eed-4197-b9d7-35224e77ce13,66e5a64f-7431-4288-91ea-45dafef6d389,2,67.56,2025-11-03 17:26:47.771,tamisage,{},MD-20251103-AGTCHESSI,,
26ca905f-156a-44da-8f05-e70e25b4a377,66e5a64f-7431-4288-91ea-45dafef6d389,1.6,64.86,2025-11-03 17:26:47.771,tamisage,{},MD-20251103-AGTCHESSI,,
683d2d0c-acb1-4b22-9f0e-b09ce06ebf84,66e5a64f-7431-4288-91ea-45dafef6d389,1.25,63.09,2025-11-03 17:26:47.771,tamisage,{},MD-20251103-AGTCHESSI,,
aefb51fe-a0b9-4dfa-81a5-ca5aa25fb245,66e5a64f-7431-4288-91ea-45dafef6d389,1,62.13,2025-11-03 17:26:47.771,tamisage,{},MD-20251103-AGTCHESSI,,
1b9bfcb6-a34d-4ad7-978d-afdf731c29ba,66e5a64f-7431-4288-91ea-45dafef6d389,0.8,61.26,2025-11-03 17:26:47.771,tamisage,{},MD-20251103-AGTCHESSI,,
3e93e2ec-1f1f-4408-8d6d-e30771ab30e1,66e5a64f-7431-4288-91ea-45dafef6d389,0.63,60.4,2025-11-03 17:26:47.771,tamisage,{},MD-20251103-AGTCHESSI,,
8615b3a0-c54a-4321-a8b1-65a04e4ed941,66e5a64f-7431-4288-91ea-45dafef6d389,0.5,59.13,2025-11-03 17:26:47.771,tamisage,{},MD-20251103-AGTCHESSI,,
e2ed77c4-96e4-461f-aa5d-dc235ba782b4,66e5a64f-7431-4288-91ea-45dafef6d389,0.4,57.9,2025-11-03 17:26:47.771,tamisage,{},MD-20251103-AGTCHESSI,,
c61ee44b-ce68-428f-a21e-cdd22c604b38,66e5a64f-7431-4288-91ea-45dafef6d389,0.315,56.16,2025-11-03 17:26:47.771,tamisage,{},MD-20251103-AGTCHESSI,,
55d2b888-368c-44bd-be66-3bbbe71da186,66e5a64f-7431-4288-91ea-45dafef6d389,0.25,54.48,2025-11-03 17:26:47.771,tamisage,{},MD-20251103-AGTCHESSI,,
87d87960-264c-4c5f-830d-fea38705bc28,66e5a64f-7431-4288-91ea-45dafef6d389,0.2,51.57,2025-11-03 17:26:47.771,tamisage,{},MD-20251103-AGTCHESSI,,
cb6a37ce-d951-4fdf-874e-17029d3eb3de,66e5a64f-7431-4288-91ea-45dafef6d389,0.16,49.52,2025-11-03 17:26:47.771,tamisage,{},MD-20251103-AGTCHESSI,,
7db40ba1-4cbb-43b3-8239-b1d20b514b30,66e5a64f-7431-4288-91ea-45dafef6d389,0.125,46.09,2025-11-03 17:26:47.771,tamisage,{},MD-20251103-AGTCHESSI,,
541da402-ef9d-4717-a53a-0506b10c282d,66e5a64f-7431-4288-91ea-45dafef6d389,0.1,44.25,2025-11-03 17:26:47.771,tamisage,{},MD-20251103-AGTCHESSI,,
7f1c9e51-4b1b-424e-b827-957221990d10,66e5a64f-7431-4288-91ea-45dafef6d389,0.08,43.05,2025-11-03 17:26:47.771,tamisage,{},MD-20251103-AGTCHESSI,,
b3c57fa1-687e-4a5d-be11-b6e9d0041ca0,66e5a64f-7431-4288-91ea-45dafef6d389,0.066,37.83,2025-11-03 17:26:47.771,sedimentometrie,{},MD-20251103-AGTCHESSI,,
237cc160-f6b7-4471-a2a2-4084dc83e802,66e5a64f-7431-4288-91ea-45dafef6d389,0.0485,32.51,2025-11-03 17:26:47.771,sedimentometrie,{},MD-20251103-AGTCHESSI,,
0d519e45-1abd-414d-8b92-0d45eef64555,66e5a64f-7431-4288-91ea-45dafef6d389,0.0352,28.25,2025-11-03 17:26:47.771,sedimentometrie,{},MD-20251103-AGTCHESSI,,
53188f74-6c99-4516-a2cd-4c97a1d7dddf,66e5a64f-7431-4288-91ea-45dafef6d389,0.0227,25.59,2025-11-03 17:26:47.771,sedimentometrie,{},MD-20251103-AGTCHESSI,,
5b6bb59e-2589-45ad-a685-9bc2a4ab26f8,66e5a64f-7431-4288-91ea-45dafef6d389,0.0133,23.46,2025-11-03 17:26:47.771,sedimentometrie,{},MD-20251103-AGTCHESSI,,
a8cefb54-4667-49f3-bec1-9deaab8de902,66e5a64f-7431-4288-91ea-45dafef6d389,0.0077,22.4,2025-11-03 17:26:47.771,sedimentometrie,{},MD-20251103-AGTCHESSI,,
0b231e69-ada3-4d5c-bbfe-52ac8b7e8afe,66e5a64f-7431-4288-91ea-45dafef6d389,0.0048,19.74,2025-11-03 17:26:47.771,sedimentometrie,{},MD-20251103-AGTCHESSI,,
627c4399-fd5d-42ac-afea-c43c5da1dc1b,66e5a64f-7431-4288-91ea-45dafef6d389,0.0034,18.68,2025-11-03 17:26:47.771,sedimentometrie,{},MD-20251103-AGTCHESSI,,
2e3df36a-f278-435b-a097-fb19e1dd2b6e,66e5a64f-7431-4288-91ea-45dafef6d389,0.0028,17.09,2025-11-03 17:26:47.771,sedimentometrie,{},MD-20251103-AGTCHESSI,,
c4d032ab-36b7-4d16-8290-c92b0a04651e,66e5a64f-7431-4288-91ea-45dafef6d389,0.0024,16.55,2025-11-03 17:26:47.771,sedimentometrie,{},MD-20251103-AGTCHESSI,,
a28273f1-ea6f-42f2-8087-7ded7d4d5363,66e5a64f-7431-4288-91ea-45dafef6d389,0.002,15.49,2025-11-03 17:26:47.771,sedimentometrie,{},MD-20251103-AGTCHESSI,,
d291073f-eb08-43aa-98b2-9e11578b518a,66e5a64f-7431-4288-91ea-45dafef6d389,0.0014,13.91,2025-11-03 17:26:47.771,sedimentometrie,{},MD-20251103-AGTCHESSI,,
9cbdd786-3840-46a9-99a2-cb21e9909775,2a014fb1-a1f5-4597-8282-03b30e7ce1e6,10,100,2025-11-03 17:26:47.771,tamisage,{},MD-20251103-AGTCHESSI,,
2b22fee6-dd62-4cd9-8cc1-fcb523ccd51d,2a014fb1-a1f5-4597-8282-03b30e7ce1e6,8,99.73,2025-11-03 17:26:47.771,tamisage,{},MD-20251103-AGTCHESSI,,
35f921e2-2dd9-4457-b137-baa21f2713f3,2a014fb1-a1f5-4597-8282-03b30e7ce1e6,6.3,99.42,2025-11-03 17:26:47.771,tamisage,{},MD-20251103-AGTCHESSI,,
e6b1f3ae-332e-4e89-b7dd-7a9dd2d52862,2a014fb1-a1f5-4597-8282-03b30e7ce1e6,5,99.2,2025-11-03 17:26:47.771,tamisage,{},MD-20251103-AGTCHESSI,,
2d252a25-a3a8-4c31-8c84-1a0331f82396,2a014fb1-a1f5-4597-8282-03b30e7ce1e6,4,98.46,2025-11-03 17:26:47.771,tamisage,{},MD-20251103-AGTCHESSI,,
0e6633b0-ccb0-492a-8eea-5d972ac46d1d,2a014fb1-a1f5-4597-8282-03b30e7ce1e6,3.15,96.67,2025-11-03 17:26:47.771,tamisage,{},MD-20251103-AGTCHESSI,,
8a369c43-ba9d-4655-ab64-b6444c16918f,2a014fb1-a1f5-4597-8282-03b30e7ce1e6,2.5,94.33,2025-11-03 17:26:47.771,tamisage,{},MD-20251103-AGTCHESSI,,
50862a43-00a5-4438-baa8-1a33480ab597,2a014fb1-a1f5-4597-8282-03b30e7ce1e6,2,91.62,2025-11-03 17:26:47.771,tamisage,{},MD-20251103-AGTCHESSI,,
52e09d23-e46b-4577-9dc6-401dd30eba1b,2a014fb1-a1f5-4597-8282-03b30e7ce1e6,1.6,89.2,2025-11-03 17:26:47.771,tamisage,{},MD-20251103-AGTCHESSI,,
8d3aaf08-7be6-4621-bae9-d2df6fe8483a,2a014fb1-a1f5-4597-8282-03b30e7ce1e6,1.25,87.49,2025-11-03 17:26:47.771,tamisage,{},MD-20251103-AGTCHESSI,,
abfb920b-bae7-43b6-9348-032c8394c428,2a014fb1-a1f5-4597-8282-03b30e7ce1e6,1,86.47,2025-11-03 17:26:47.771,tamisage,{},MD-20251103-AGTCHESSI,,
5fddfc90-e0d2-4d3f-bd21-1dbca25c731b,2a014fb1-a1f5-4597-8282-03b30e7ce1e6,0.8,85.68,2025-11-03 17:26:47.771,tamisage,{},MD-20251103-AGTCHESSI,,
eb53eb4c-d8c8-4614-a64b-5becd36112dd,2a014fb1-a1f5-4597-8282-03b30e7ce1e6,0.63,85.08,2025-11-03 17:26:47.771,tamisage,{},MD-20251103-AGTCHESSI,,
9ba586dd-1190-4423-a605-a17b6d061662,2a014fb1-a1f5-4597-8282-03b30e7ce1e6,0.5,84.31,2025-11-03 17:26:47.771,tamisage,{},MD-20251103-AGTCHESSI,,
4c5d9ba1-0afc-46a4-b9ca-dec20a8aa8dd,2a014fb1-a1f5-4597-8282-03b30e7ce1e6,0.4,83.62,2025-11-03 17:26:47.771,tamisage,{},MD-20251103-AGTCHESSI,,
e343ec38-f118-4a08-8f07-0ecb32bd0ab1,2a014fb1-a1f5-4597-8282-03b30e7ce1e6,0.315,82.71,2025-11-03 17:26:47.771,tamisage,{},MD-20251103-AGTCHESSI,,
c562ceee-ec27-414f-ba1a-3e57899c4334,2a014fb1-a1f5-4597-8282-03b30e7ce1e6,0.25,81.75,2025-11-03 17:26:47.771,tamisage,{},MD-20251103-AGTCHESSI,,
f9ae54e6-7325-42d6-bb02-3caea821bb1e,2a014fb1-a1f5-4597-8282-03b30e7ce1e6,0.2,80.33,2025-11-03 17:26:47.771,tamisage,{},MD-20251103-AGTCHESSI,,
032a5ee5-21c4-441e-9a06-828882f311da,2a014fb1-a1f5-4597-8282-03b30e7ce1e6,0.16,78.98,2025-11-03 17:26:47.771,tamisage,{},MD-20251103-AGTCHESSI,,
cecbc55d-e327-447e-ac1f-2ffb962bda67,2a014fb1-a1f5-4597-8282-03b30e7ce1e6,0.125,77.04,2025-11-03 17:26:47.771,tamisage,{},MD-20251103-AGTCHESSI,,
3c8c6a14-91ff-4c63-8bff-bf69f3bd1f92,2a014fb1-a1f5-4597-8282-03b30e7ce1e6,0.1,75.63,2025-11-03 17:26:47.771,tamisage,{},MD-20251103-AGTCHESSI,,
29850d68-2e3b-4327-b142-8eeaa894b908,2a014fb1-a1f5-4597-8282-03b30e7ce1e6,0.08,74.6,2025-11-03 17:26:47.771,tamisage,{},MD-20251103-AGTCHESSI,,
f7200213-8b7d-492a-b144-0ade1fa4ba6c,2a014fb1-a1f5-4597-8282-03b30e7ce1e6,0.0617,66.07,2025-11-03 17:26:47.771,sedimentometrie,{},MD-20251103-AGTCHESSI,,
45b9aeea-d639-4f1d-bfce-88d9bdf434ce,2a014fb1-a1f5-4597-8282-03b30e7ce1e6,0.05,35.2,2025-11-03 17:26:47.771,sedimentometrie,{},MD-20251103-AGTCHESSI,,
e41b47c1-5120-4df3-8813-b116491c3141,2a014fb1-a1f5-4597-8282-03b30e7ce1e6,0.0363,28.67,2025-11-03 17:26:47.771,sedimentometrie,{},MD-20251103-AGTCHESSI,,
7c472c98-1845-4ef3-b204-28c1aafc08ea,2a014fb1-a1f5-4597-8282-03b30e7ce1e6,0.023,27.85,2025-11-03 17:26:47.771,sedimentometrie,{},MD-20251103-AGTCHESSI,,
6b478fa4-da73-45d0-9691-a94821546b45,2a014fb1-a1f5-4597-8282-03b30e7ce1e6,0.0134,26.22,2025-11-03 17:26:47.771,sedimentometrie,{},MD-20251103-AGTCHESSI,,
f3352099-4434-4b79-9c31-ad07a13959ed,2a014fb1-a1f5-4597-8282-03b30e7ce1e6,0.0077,25.4,2025-11-03 17:26:47.771,sedimentometrie,{},MD-20251103-AGTCHESSI,,
b893ae36-afd2-468d-9366-8c5547ce0b0a,2a014fb1-a1f5-4597-8282-03b30e7ce1e6,0.0048,22.14,2025-11-03 17:26:47.771,sedimentometrie,{},MD-20251103-AGTCHESSI,,
01c8629c-711b-411d-bee2-c9042a8e823a,2a014fb1-a1f5-4597-8282-03b30e7ce1e6,0.0034,20.51,2025-11-03 17:26:47.771,sedimentometrie,{},MD-20251103-AGTCHESSI,,
639a9213-947e-44fd-b00f-61ba6a986557,2a014fb1-a1f5-4597-8282-03b30e7ce1e6,0.0028,19.69,2025-11-03 17:26:47.771,sedimentometrie,{},MD-20251103-AGTCHESSI,,
cb8eff9d-9eb1-4051-aeaf-bd5793e01483,2a014fb1-a1f5-4597-8282-03b30e7ce1e6,0.0024,18.87,2025-11-03 17:26:47.771,sedimentometrie,{},MD-20251103-AGTCHESSI,,
b57eb2fc-c761-42ee-91fb-efe1e1dbd8a5,2a014fb1-a1f5-4597-8282-03b30e7ce1e6,0.002,18.06,2025-11-03 17:26:47.771,sedimentometrie,{},MD-20251103-AGTCHESSI,,
672aead2-aaba-4565-9d9a-51cbccd5b184,2a014fb1-a1f5-4597-8282-03b30e7ce1e6,0.0014,15.61,2025-11-03 17:26:47.771,sedimentometrie,{},MD-20251103-AGTCHESSI,,
cb0131c6-3c07-4fc7-b587-f5363d0dd084,2db932c7-6729-4285-8dbe-6df8595b56cc,5,100,2025-11-03 17:26:47.771,tamisage,{},MD-20251103-AGTCHESSI,,
a96efcfe-34dc-4091-b2e0-d5ce4c31d25f,2db932c7-6729-4285-8dbe-6df8595b56cc,4,99.93,2025-11-03 17:26:47.771,tamisage,{},MD-20251103-AGTCHESSI,,
f784c105-c4a2-4eec-9257-4adda8c92126,2db932c7-6729-4285-8dbe-6df8595b56cc,3.15,99.58,2025-11-03 17:26:47.771,tamisage,{},MD-20251103-AGTCHESSI,,
6c348702-b525-4990-a337-a9318247a31a,2db932c7-6729-4285-8dbe-6df8595b56cc,2.5,98.99,2025-11-03 17:26:47.771,tamisage,{},MD-20251103-AGTCHESSI,,
d36ff19d-c567-4700-8329-4c54f08996d3,2db932c7-6729-4285-8dbe-6df8595b56cc,2,98.22,2025-11-03 17:26:47.771,tamisage,{},MD-20251103-AGTCHESSI,,
837a1200-66b5-466c-acbf-b6c116afec88,2db932c7-6729-4285-8dbe-6df8595b56cc,1.6,97.47,2025-11-03 17:26:47.771,tamisage,{},MD-20251103-AGTCHESSI,,
26f28cf3-7cfc-4c2d-b6ff-b5cf3fb20e1b,2db932c7-6729-4285-8dbe-6df8595b56cc,1.25,96.76,2025-11-03 17:26:47.771,tamisage,{},MD-20251103-AGTCHESSI,,
e100129c-2f89-493c-b218-409d3eecb820,2db932c7-6729-4285-8dbe-6df8595b56cc,1,96.28,2025-11-03 17:26:47.771,tamisage,{},MD-20251103-AGTCHESSI,,
75fd5da9-81c2-4096-833c-4e4c44baf9a5,2db932c7-6729-4285-8dbe-6df8595b56cc,0.8,95.88,2025-11-03 17:26:47.771,tamisage,{},MD-20251103-AGTCHESSI,,
edec31e5-6e67-487a-bb6a-4397d75f7f96,2db932c7-6729-4285-8dbe-6df8595b56cc,0.63,95.59,2025-11-03 17:26:47.771,tamisage,{},MD-20251103-AGTCHESSI,,
52e6dce8-a8a7-44d1-a850-bfb91ed1272d,bd1a3048-0aa1-4f1a-adc2-7e5948be1153,20,100,2025-11-03 16:54:15.952,tamisage,{},MD-20251103-ADOTE,,
212060bc-cbcd-417e-af25-6177b4f9c970,bd1a3048-0aa1-4f1a-adc2-7e5948be1153,12.5,100,2025-11-03 16:54:15.952,tamisage,{},MD-20251103-ADOTE,,
ea75b944-0ad9-4bd0-bd08-05b29e9d3e72,bd1a3048-0aa1-4f1a-adc2-7e5948be1153,8,100,2025-11-03 16:54:15.952,tamisage,{},MD-20251103-ADOTE,,
0f329400-bf5e-4628-8e6f-14509691d50d,bd1a3048-0aa1-4f1a-adc2-7e5948be1153,6.3,99.81,2025-11-03 16:54:15.952,tamisage,{},MD-20251103-ADOTE,,
e512c5f0-9692-4c26-b384-f88834101a5c,bd1a3048-0aa1-4f1a-adc2-7e5948be1153,2.5,96.56,2025-11-03 16:54:15.952,tamisage,{},MD-20251103-ADOTE,,
a785ede7-ccf1-408c-85f4-7b8339f7a41c,bd1a3048-0aa1-4f1a-adc2-7e5948be1153,1.25,93.78,2025-11-03 16:54:15.952,tamisage,{},MD-20251103-ADOTE,,
2e85e6e0-a88f-4c2b-ba97-55f5bcc9ef8e,bd1a3048-0aa1-4f1a-adc2-7e5948be1153,1,93.37,2025-11-03 16:54:15.952,tamisage,{},MD-20251103-ADOTE,,
558f2d6e-c806-4284-8d79-88b4baa52693,bd1a3048-0aa1-4f1a-adc2-7e5948be1153,0.8,92.82,2025-11-03 16:54:15.952,tamisage,{},MD-20251103-ADOTE,,
a8fa4e2b-a0dc-4dca-8a09-e42f8040a18d,bd1a3048-0aa1-4f1a-adc2-7e5948be1153,0.63,92.09,2025-11-03 16:54:15.952,tamisage,{},MD-20251103-ADOTE,,
2b6d285b-049e-4e12-8392-ac2fd12e4662,bd1a3048-0aa1-4f1a-adc2-7e5948be1153,0.4,87.64,2025-11-03 16:54:15.952,tamisage,{},MD-20251103-ADOTE,,
8fedbf69-df0c-4635-bf85-c6452b8b54fc,bd1a3048-0aa1-4f1a-adc2-7e5948be1153,0.315,80.13,2025-11-03 16:54:15.952,tamisage,{},MD-20251103-ADOTE,,
a8e9eac9-0df9-47fb-9529-2c7a13634e0e,bd1a3048-0aa1-4f1a-adc2-7e5948be1153,0.25,67.3,2025-11-03 16:54:15.952,tamisage,{},MD-20251103-ADOTE,,
78c2d4fc-1386-4241-bb7e-d1ba0e191d4d,bd1a3048-0aa1-4f1a-adc2-7e5948be1153,0.16,31.24,2025-11-03 16:54:15.952,tamisage,{},MD-20251103-ADOTE,,
e52b3049-1954-4445-a086-49f361ae6a6d,bd1a3048-0aa1-4f1a-adc2-7e5948be1153,0.15,12.49,2025-11-03 16:54:15.952,tamisage,{},MD-20251103-ADOTE,,
81456161-fe1c-4cc8-8bdf-20b52cc98919,bd1a3048-0aa1-4f1a-adc2-7e5948be1153,0.1,4.53,2025-11-03 16:54:15.952,tamisage,{},MD-20251103-ADOTE,,
58b15ff6-d2e2-4666-a260-4aae6e5386d8,bd1a3048-0aa1-4f1a-adc2-7e5948be1153,0.08,0.72,2025-11-03 16:54:15.952,tamisage,{},MD-20251103-ADOTE,,
741b646e-3a42-4ad9-b587-31fef5de4897,396379e3-b502-46f6-a313-d36458b9e244,20,100,2025-11-03 16:54:15.976,tamisage,{},MD-20251103-ADOTE,,
23bc539b-a804-481f-8cd6-2b0af371e13e,396379e3-b502-46f6-a313-d36458b9e244,12.5,100,2025-11-03 16:54:15.976,tamisage,{},MD-20251103-ADOTE,,
dcee3c44-f661-4751-968a-b39436446a30,396379e3-b502-46f6-a313-d36458b9e244,8,96.48,2025-11-03 16:54:15.976,tamisage,{},MD-20251103-ADOTE,,
10050db7-7248-4b57-a7c3-86605692d64b,396379e3-b502-46f6-a313-d36458b9e244,6.3,92.98,2025-11-03 16:54:15.976,tamisage,{},MD-20251103-ADOTE,,
1f3667a5-7351-4ddd-bf48-2ba112298ebf,396379e3-b502-46f6-a313-d36458b9e244,2.5,75.08,2025-11-03 16:54:15.976,tamisage,{},MD-20251103-ADOTE,,
81a97add-9f05-4433-ae14-5607c2af058f,396379e3-b502-46f6-a313-d36458b9e244,1.25,69.52,2025-11-03 16:54:15.976,tamisage,{},MD-20251103-ADOTE,,
b53cc9d5-d508-4630-94ab-9c27407599e2,396379e3-b502-46f6-a313-d36458b9e244,1,68.88,2025-11-03 16:54:15.976,tamisage,{},MD-20251103-ADOTE,,
219b3fe1-b371-4516-b6ec-31230dec2579,396379e3-b502-46f6-a313-d36458b9e244,0.8,68.22,2025-11-03 16:54:15.976,tamisage,{},MD-20251103-ADOTE,,
d84bec85-fd66-405c-bf68-8072e99954b4,396379e3-b502-46f6-a313-d36458b9e244,0.63,67.46,2025-11-03 16:54:15.976,tamisage,{},MD-20251103-ADOTE,,
56bb28a2-01d9-46bd-93d9-8d5a5d83f94f,396379e3-b502-46f6-a313-d36458b9e244,0.4,63.73,2025-11-03 16:54:15.976,tamisage,{},MD-20251103-ADOTE,,
ff6ff229-a2f9-42a4-a428-0106761d43f2,396379e3-b502-46f6-a313-d36458b9e244,0.315,58.04,2025-11-03 16:54:15.976,tamisage,{},MD-20251103-ADOTE,,
6db335ef-e949-4d3c-8be0-55be334fbed4,396379e3-b502-46f6-a313-d36458b9e244,0.25,48.6,2025-11-03 16:54:15.976,tamisage,{},MD-20251103-ADOTE,,
124568e1-9be3-40d8-8058-65a19dd23c46,396379e3-b502-46f6-a313-d36458b9e244,0.16,22.79,2025-11-03 16:54:15.976,tamisage,{},MD-20251103-ADOTE,,
9414fb46-0124-4343-a61d-689e3d752181,396379e3-b502-46f6-a313-d36458b9e244,0.15,11.13,2025-11-03 16:54:15.976,tamisage,{},MD-20251103-ADOTE,,
7be6caf7-bf3c-4bc6-bcb3-f38f6cbccae5,396379e3-b502-46f6-a313-d36458b9e244,0.1,3.73,2025-11-03 16:54:15.976,tamisage,{},MD-20251103-ADOTE,,
7f7440d3-afee-4568-8b66-35b0c7a22ca3,396379e3-b502-46f6-a313-d36458b9e244,0.08,0.74,2025-11-03 16:54:15.976,tamisage,{},MD-20251103-ADOTE,,
797f1341-5d9a-4857-8ce4-b45b8879ccd3,df0de0d4-acfb-4ed0-b391-724428495992,20,100,2025-11-03 16:54:15.979,tamisage,{},MD-20251103-ADOTE,,
b4b50044-d385-49c2-a06c-176b90e6d687,df0de0d4-acfb-4ed0-b391-724428495992,12.5,96.34,2025-11-03 16:54:15.979,tamisage,{},MD-20251103-ADOTE,,
e55343c5-91aa-4eb4-972b-ef4f289ffefd,df0de0d4-acfb-4ed0-b391-724428495992,8,91.38,2025-11-03 16:54:15.979,tamisage,{},MD-20251103-ADOTE,,
714b9112-22df-4074-9e35-8b7552ff9982,df0de0d4-acfb-4ed0-b391-724428495992,6.3,87.75,2025-11-03 16:54:15.979,tamisage,{},MD-20251103-ADOTE,,
42caf2a9-5565-4f20-aef1-2f652736ad63,df0de0d4-acfb-4ed0-b391-724428495992,2.5,59.48,2025-11-03 16:54:15.979,tamisage,{},MD-20251103-ADOTE,,
3e8270ed-9c3d-4610-8907-41ad0a0f39a3,df0de0d4-acfb-4ed0-b391-724428495992,1.25,49.58,2025-11-03 16:54:15.979,tamisage,{},MD-20251103-ADOTE,,
8afc778f-a175-40ac-b2ec-4ac8dd999ac9,df0de0d4-acfb-4ed0-b391-724428495992,1,48.71,2025-11-03 16:54:15.979,tamisage,{},MD-20251103-ADOTE,,
6da4b876-4f7b-4330-805e-46e6973fd639,df0de0d4-acfb-4ed0-b391-724428495992,0.8,47.94,2025-11-03 16:54:15.979,tamisage,{},MD-20251103-ADOTE,,
090c7532-c844-434c-8a80-716982bd2629,df0de0d4-acfb-4ed0-b391-724428495992,0.63,47.17,2025-11-03 16:54:15.979,tamisage,{},MD-20251103-ADOTE,,
0ebd662e-2106-42fc-8ec3-5124d570efe5,df0de0d4-acfb-4ed0-b391-724428495992,0.4,43.95,2025-11-03 16:54:15.979,tamisage,{},MD-20251103-ADOTE,,
c0994332-1ec7-41c4-bc92-d887be9363ae,df0de0d4-acfb-4ed0-b391-724428495992,0.315,39.11,2025-11-03 16:54:15.979,tamisage,{},MD-20251103-ADOTE,,
87aa8481-f1d3-4ba5-8de7-2ced61680e2e,df0de0d4-acfb-4ed0-b391-724428495992,0.25,30.71,2025-11-03 16:54:15.979,tamisage,{},MD-20251103-ADOTE,,
a8f339a4-7d7a-4c76-8db8-bb0a291eae61,df0de0d4-acfb-4ed0-b391-724428495992,0.16,12.96,2025-11-03 16:54:15.979,tamisage,{},MD-20251103-ADOTE,,
3d257e7e-cea9-4296-ae08-089d4776dc01,df0de0d4-acfb-4ed0-b391-724428495992,0.15,5.16,2025-11-03 16:54:15.979,tamisage,{},MD-20251103-ADOTE,,
243d6b1d-0032-44c9-bdf1-46e8436c8a43,df0de0d4-acfb-4ed0-b391-724428495992,0.1,1.82,2025-11-03 16:54:15.979,tamisage,{},MD-20251103-ADOTE,,
2cd00764-5eaf-493e-88c5-737a69909022,df0de0d4-acfb-4ed0-b391-724428495992,0.08,0.24,2025-11-03 16:54:15.979,tamisage,{},MD-20251103-ADOTE,,
a107ecd8-48af-455c-97c0-f5cdb15308aa,172d4ad2-4e80-4560-b830-f04159cb959d,16,100,2025-11-03 16:54:15.984,tamisage,{},MD-20251103-ADOTE,,
aa117878-33d5-43e5-9132-1c34dd9cc61b,172d4ad2-4e80-4560-b830-f04159cb959d,12.5,99.26,2025-11-03 16:54:15.984,tamisage,{},MD-20251103-ADOTE,,
211f0d01-c49a-4c8b-99f4-4ce0f2101389,172d4ad2-4e80-4560-b830-f04159cb959d,8,97.63,2025-11-03 16:54:15.984,tamisage,{},MD-20251103-ADOTE,,
36d1922e-7f46-44bb-b51e-56b3f9de70d1,172d4ad2-4e80-4560-b830-f04159cb959d,6.3,96.15,2025-11-03 16:54:15.984,tamisage,{},MD-20251103-ADOTE,,
a75624b2-8b8c-4ab9-a9fd-217d29fa011b,172d4ad2-4e80-4560-b830-f04159cb959d,5,94.45,2025-11-03 16:54:15.984,tamisage,{},MD-20251103-ADOTE,,
444521c3-cd10-4651-a95d-09616653be13,172d4ad2-4e80-4560-b830-f04159cb959d,3.15,91.54,2025-11-03 16:54:15.984,tamisage,{},MD-20251103-ADOTE,,
7aa4c7b8-fc73-4a53-90f0-50141c18d484,172d4ad2-4e80-4560-b830-f04159cb959d,2.5,90.52,2025-11-03 16:54:15.984,tamisage,{},MD-20251103-ADOTE,,
9217c6d3-510a-4ad0-ab2e-7b8bcd6f6df0,172d4ad2-4e80-4560-b830-f04159cb959d,1,88.88,2025-11-03 16:54:15.984,tamisage,{},MD-20251103-ADOTE,,
16f42478-8211-4b47-a54b-822affff9f07,172d4ad2-4e80-4560-b830-f04159cb959d,0.8,88.67,2025-11-03 16:54:15.984,tamisage,{},MD-20251103-ADOTE,,
cac37d57-4a51-49a0-b3e8-9b9409ad0101,172d4ad2-4e80-4560-b830-f04159cb959d,0.63,88.49,2025-11-03 16:54:15.984,tamisage,{},MD-20251103-ADOTE,,
8bd637cd-f58d-43d2-a796-783ce101eef7,172d4ad2-4e80-4560-b830-f04159cb959d,0.4,87.68,2025-11-03 16:54:15.984,tamisage,{},MD-20251103-ADOTE,,
f49a69ae-943e-453e-843b-0ac952d123b0,172d4ad2-4e80-4560-b830-f04159cb959d,0.315,85.26,2025-11-03 16:54:15.984,tamisage,{},MD-20251103-ADOTE,,
4e74f4cd-ca44-47e2-8df7-d060dc298f83,172d4ad2-4e80-4560-b830-f04159cb959d,0.25,80.02,2025-11-03 16:54:15.984,tamisage,{},MD-20251103-ADOTE,,
e60c6cd7-4dc9-4f73-a893-6c8e27ef1233,172d4ad2-4e80-4560-b830-f04159cb959d,0.16,49.22,2025-11-03 16:54:15.984,tamisage,{},MD-20251103-ADOTE,,
109105a5-e187-4753-a3e3-cd8d3f157f8e,172d4ad2-4e80-4560-b830-f04159cb959d,0.15,16.77,2025-11-03 16:54:15.984,tamisage,{},MD-20251103-ADOTE,,
5ea2bd49-e664-471e-92f6-fab3154bf63d,172d4ad2-4e80-4560-b830-f04159cb959d,0.1,6.87,2025-11-03 16:54:15.984,tamisage,{},MD-20251103-ADOTE,,
5870efdd-a539-4bbf-b2fa-bcda395a2c1d,172d4ad2-4e80-4560-b830-f04159cb959d,0.08,1.73,2025-11-03 16:54:15.984,tamisage,{},MD-20251103-ADOTE,,
3941c483-8877-49da-b2e5-c1d4063bec4e,172d4ad2-4e80-4560-b830-f04159cb959d,0.0591,0.4273,2025-11-03 17:14:21.627,sedimentometrie,{},MD-20251103-ADOTE,,
351dc390-7bed-49c8-bcc0-e4081e81d8ae,172d4ad2-4e80-4560-b830-f04159cb959d,0.0423,0.3465,2025-11-03 17:14:21.627,sedimentometrie,{},MD-20251103-ADOTE,,
dbc1f21c-d688-4c6f-8763-0a7ba8039767,172d4ad2-4e80-4560-b830-f04159cb959d,0.027,0.2658,2025-11-03 17:14:21.627,sedimentometrie,{},MD-20251103-ADOTE,,
1ddf18ef-0c3c-4866-a026-58a303bf9043,172d4ad2-4e80-4560-b830-f04159cb959d,0.0197,0.2254,2025-11-03 17:14:21.627,sedimentometrie,{},MD-20251103-ADOTE,,
02176ab2-993b-43a2-acc5-23dc7818d511,172d4ad2-4e80-4560-b830-f04159cb959d,0.0137,0.1446,2025-11-03 17:14:21.627,sedimentometrie,{},MD-20251103-ADOTE,,
745d819b-2838-429c-a3c6-26fda2898fc3,172d4ad2-4e80-4560-b830-f04159cb959d,0.0098,0.1042,2025-11-03 17:14:21.627,sedimentometrie,{},MD-20251103-ADOTE,,
4a465591-a9ac-4873-a422-b8763148439c,172d4ad2-4e80-4560-b830-f04159cb959d,0.0069,0.1042,2025-11-03 17:14:21.627,sedimentometrie,{},MD-20251103-ADOTE,,
9c6a4a0f-411a-4b84-980f-08edb0eeb12b,172d4ad2-4e80-4560-b830-f04159cb959d,0.0057,0.0643,2025-11-03 17:14:21.627,sedimentometrie,{},MD-20251103-ADOTE,,
fd6043f6-c9fd-48fd-b8b6-b6a4cff92ea7,172d4ad2-4e80-4560-b830-f04159cb959d,0.004,0.0647,2025-11-03 17:14:21.627,sedimentometrie,{},MD-20251103-ADOTE,,
ed6dc6ca-0199-495b-8a3c-9dd06c843ee6,172d4ad2-4e80-4560-b830-f04159cb959d,0.0033,0.0253,2025-11-03 17:14:21.627,sedimentometrie,{},MD-20251103-ADOTE,,
71e3b82b-62cd-488b-b6df-1f81ec38aee2,172d4ad2-4e80-4560-b830-f04159cb959d,0.0028,0.0253,2025-11-03 17:14:21.627,sedimentometrie,{},MD-20251103-ADOTE,,
69eaa49d-401f-4d5a-9320-6b4a206610fc,172d4ad2-4e80-4560-b830-f04159cb959d,0.0023,0.023,2025-11-03 17:14:21.627,sedimentometrie,{},MD-20251103-ADOTE,,
79a8a646-d064-409d-9478-5c6a8a8a34f7,172d4ad2-4e80-4560-b830-f04159cb959d,0.0016,0.0609,2025-11-03 17:14:21.627,sedimentometrie,{},MD-20251103-ADOTE,,
4fbf58f9-c4c0-4ab0-be36-e019be3e6fae,bfe7bd69-f60b-464a-b054-941740869ad0,16,100,2025-11-03 16:54:15.987,tamisage,{},MD-20251103-ADOTE,,
aaa056b4-f15a-4e71-b171-2e0b0e01edd9,bfe7bd69-f60b-464a-b054-941740869ad0,12.5,100,2025-11-03 16:54:15.987,tamisage,{},MD-20251103-ADOTE,,
21e31560-7492-4e2f-a3f5-adb0747dadbd,bfe7bd69-f60b-464a-b054-941740869ad0,8,100,2025-11-03 16:54:15.987,tamisage,{},MD-20251103-ADOTE,,
2cc98b83-e95f-48e2-9fe8-eb37e2c98ba6,bfe7bd69-f60b-464a-b054-941740869ad0,6.3,99.72,2025-11-03 16:54:15.987,tamisage,{},MD-20251103-ADOTE,,
77b711d6-e396-4082-a90d-d52a7464f381,bfe7bd69-f60b-464a-b054-941740869ad0,5,99.52,2025-11-03 16:54:15.987,tamisage,{},MD-20251103-ADOTE,,
9464818f-25a8-4907-8ef0-ac8769dc25c3,bfe7bd69-f60b-464a-b054-941740869ad0,3.15,99.2,2025-11-03 16:54:15.987,tamisage,{},MD-20251103-ADOTE,,
ef0fb96d-e43e-4d9e-ad8c-8f7d4d6f9721,bfe7bd69-f60b-464a-b054-941740869ad0,2.5,98.79,2025-11-03 16:54:15.987,tamisage,{},MD-20251103-ADOTE,,
8801c97b-fb12-4ca4-a29d-dc3f7b51e38e,bfe7bd69-f60b-464a-b054-941740869ad0,1,97.31,2025-11-03 16:54:15.987,tamisage,{},MD-20251103-ADOTE,,
c0bd25a0-8514-49e8-9dea-4ff96737ece8,bfe7bd69-f60b-464a-b054-941740869ad0,0.8,96.95,2025-11-03 16:54:15.987,tamisage,{},MD-20251103-ADOTE,,
5bd4d067-fd07-41ef-adbc-773fc5ae86d8,bfe7bd69-f60b-464a-b054-941740869ad0,0.63,96.61,2025-11-03 16:54:15.987,tamisage,{},MD-20251103-ADOTE,,
32de5b3f-dd60-43fa-bf53-466b04bd0634,bfe7bd69-f60b-464a-b054-941740869ad0,0.4,96.65,2025-11-03 16:54:15.987,tamisage,{},MD-20251103-ADOTE,,
70f3a006-3339-4ee6-87c0-eed5d09b72fe,bfe7bd69-f60b-464a-b054-941740869ad0,0.315,94.2,2025-11-03 16:54:15.987,tamisage,{},MD-20251103-ADOTE,,
a668d43c-55b9-473b-a6d9-98f9da5d39f8,bfe7bd69-f60b-464a-b054-941740869ad0,0.25,90.96,2025-11-03 16:54:15.987,tamisage,{},MD-20251103-ADOTE,,
e583a60a-bdd2-4154-b481-ef993735958f,bfe7bd69-f60b-464a-b054-941740869ad0,0.16,71.38,2025-11-03 16:54:15.987,tamisage,{},MD-20251103-ADOTE,,
580433b2-58a8-4cde-a2d4-bec75fa3ba43,bfe7bd69-f60b-464a-b054-941740869ad0,0.15,34.14,2025-11-03 16:54:15.987,tamisage,{},MD-20251103-ADOTE,,
cde1be98-0deb-4f29-b660-ca970be08c3f,bfe7bd69-f60b-464a-b054-941740869ad0,0.1,13.91,2025-11-03 16:54:15.987,tamisage,{},MD-20251103-ADOTE,,
0070b856-c9a2-449f-9864-5413ff3066ea,bfe7bd69-f60b-464a-b054-941740869ad0,0.08,2.7,2025-11-03 16:54:15.987,tamisage,{},MD-20251103-ADOTE,,
2cfd3f48-d3af-4800-b3ee-615c8afa14f1,bfe7bd69-f60b-464a-b054-941740869ad0,0.0563,1.2392,2025-11-03 17:14:21.627,sedimentometrie,{},MD-20251103-ADOTE,,
005db1af-c28c-4d1e-bc6f-667035363a75,bfe7bd69-f60b-464a-b054-941740869ad0,0.0406,1.0496,2025-11-03 17:14:21.627,sedimentometrie,{},MD-20251103-ADOTE,,
378def88-2182-417a-ae24-a1822c55c4d7,bfe7bd69-f60b-464a-b054-941740869ad0,0.0263,0.7967,2025-11-03 17:14:21.627,sedimentometrie,{},MD-20251103-ADOTE,,
044b382b-42ad-4872-a602-9cc5758d5c38,bfe7bd69-f60b-464a-b054-941740869ad0,0.0188,0.6703,2025-11-03 17:14:21.627,sedimentometrie,{},MD-20251103-ADOTE,,
051b4592-35b6-47a3-82d6-92b45d6ce5d6,bfe7bd69-f60b-464a-b054-941740869ad0,0.0134,0.5438,2025-11-03 17:14:21.627,sedimentometrie,{},MD-20251103-ADOTE,,
7b35ca59-0d77-4acb-92ff-3f8733033285,bfe7bd69-f60b-464a-b054-941740869ad0,0.0093,0.7967,2025-11-03 17:14:21.627,sedimentometrie,{},MD-20251103-ADOTE,,
e5c51e79-7bc8-4053-aaba-6a8c5b2ff25a,bfe7bd69-f60b-464a-b054-941740869ad0,0.0068,0.4174,2025-11-03 17:14:21.627,sedimentometrie,{},MD-20251103-ADOTE,,
0d445f0b-25b3-4539-8d04-b5cb80234430,bfe7bd69-f60b-464a-b054-941740869ad0,0.0056,0.3549,2025-11-03 17:14:21.627,sedimentometrie,{},MD-20251103-ADOTE,,
f16b6a61-aa72-4e1a-980d-cf3bc5254eaa,bfe7bd69-f60b-464a-b054-941740869ad0,0.0039,0.3549,2025-11-03 17:14:21.627,sedimentometrie,{},MD-20251103-ADOTE,,
ed262e79-2dea-41fa-80ab-5913d10048fa,bfe7bd69-f60b-464a-b054-941740869ad0,0.0032,0.3564,2025-11-03 17:14:21.627,sedimentometrie,{},MD-20251103-ADOTE,,
e7878d8f-9316-4501-800f-04cd6d633850,bfe7bd69-f60b-464a-b054-941740869ad0,0.0028,0.294,2025-11-03 17:14:21.627,sedimentometrie,{},MD-20251103-ADOTE,,
c71c8bd6-6a6a-48ca-b7c0-03887ce5e69d,bfe7bd69-f60b-464a-b054-941740869ad0,0.0023,0.291,2025-11-03 17:14:21.627,sedimentometrie,{},MD-20251103-ADOTE,,
20c900fb-8747-46bf-9768-c312423f20c3,bfe7bd69-f60b-464a-b054-941740869ad0,0.0016,0.285,2025-11-03 17:14:21.627,sedimentometrie,{},MD-20251103-ADOTE,,
34810323-261c-4ca9-8e18-b3a86e0b0119,35d2f3d1-ba08-4068-b608-eba66219de2d,16,100,2025-11-03 16:54:15.992,tamisage,,MD-20251103-ADOTE,,
c2392e8c-51e6-44a6-b308-9492a7541141,35d2f3d1-ba08-4068-b608-eba66219de2d,12.5,100,2025-11-03 16:54:15.992,tamisage,,MD-20251103-ADOTE,,
bcc7c605-0562-4082-8d2a-f0d4fe689111,35d2f3d1-ba08-4068-b608-eba66219de2d,8,100,2025-11-03 16:54:15.992,tamisage,,MD-20251103-ADOTE,,
e95033b9-c668-48b9-8000-a0771f7599de,35d2f3d1-ba08-4068-b608-eba66219de2d,6.3,100,2025-11-03 16:54:15.992,tamisage,,MD-20251103-ADOTE,,
cd7b3aeb-4f60-4fec-afd0-4181a1822056,35d2f3d1-ba08-4068-b608-eba66219de2d,5,99.95,2025-11-03 16:54:15.992,tamisage,,MD-20251103-ADOTE,,
16534abe-1672-4dba-9182-3847bbf7be29,35d2f3d1-ba08-4068-b608-eba66219de2d,3.15,99.63,2025-11-03 16:54:15.992,tamisage,,MD-20251103-ADOTE,,
b5c9cfd3-44ce-4fc0-a35d-7d85806ff3cc,35d2f3d1-ba08-4068-b608-eba66219de2d,2.5,99.5,2025-11-03 16:54:15.992,tamisage,,MD-20251103-ADOTE,,
3412aa72-7fb6-495c-8e28-729105821eb9,35d2f3d1-ba08-4068-b608-eba66219de2d,1,98.51,2025-11-03 16:54:15.992,tamisage,,MD-20251103-ADOTE,,
c1fb54c0-ee00-4ac9-867c-1e5cfa875112,35d2f3d1-ba08-4068-b608-eba66219de2d,0.8,97.61,2025-11-03 16:54:15.992,tamisage,,MD-20251103-ADOTE,,
933c280f-d3f7-4f23-bd0e-12ba8e529374,35d2f3d1-ba08-4068-b608-eba66219de2d,0.63,96.59,2025-11-03 16:54:15.992,tamisage,,MD-20251103-ADOTE,,
e094e133-84ce-46d1-af3f-eb5ed4e390f2,35d2f3d1-ba08-4068-b608-eba66219de2d,0.4,94.22,2025-11-03 16:54:15.992,tamisage,,MD-20251103-ADOTE,,
900f1e96-1fd2-4602-9132-8d30703cb194,35d2f3d1-ba08-4068-b608-eba66219de2d,0.315,66.09,2025-11-03 16:54:15.992,tamisage,{'anomaly': 'possible inversion in source data'},MD-20251103-ADOTE,,
01ce1eeb-9d19-4b50-9698-1ec099688fd3,35d2f3d1-ba08-4068-b608-eba66219de2d,0.25,94.22,2025-11-03 16:54:15.992,tamisage,{'anomaly': 'possible inversion in source data'},MD-20251103-ADOTE,,
2c6d7c08-6ad2-42c6-bd75-26d565ac9e0d,35d2f3d1-ba08-4068-b608-eba66219de2d,0.16,66.09,2025-11-03 16:54:15.992,tamisage,{'anomaly': 'possible inversion in source data'},MD-20251103-ADOTE,,
012e91a0-7199-45c7-9b5f-0725b2091ade,35d2f3d1-ba08-4068-b608-eba66219de2d,0.15,20.74,2025-11-03 16:54:15.992,tamisage,,MD-20251103-ADOTE,,
ba35fd14-db92-41da-b979-1bb908f256dd,35d2f3d1-ba08-4068-b608-eba66219de2d,0.1,9.76,2025-11-03 16:54:15.992,tamisage,,MD-20251103-ADOTE,,
ae564bf6-ebfa-4f59-8b80-e11e1d7cbac2,35d2f3d1-ba08-4068-b608-eba66219de2d,0.08,3.41,2025-11-03 16:54:15.992,tamisage,,MD-20251103-ADOTE,,
64cd940e-e0c4-47a2-aad3-9e80ba250b43,35d2f3d1-ba08-4068-b608-eba66219de2d,0.0565,1.8368,2025-11-03 17:14:21.627,sedimentometrie,{},MD-20251103-ADOTE,,
ac81fbbe-1b36-4a78-8974-3910630657d4,35d2f3d1-ba08-4068-b608-eba66219de2d,0.0402,1.7553,2025-11-03 17:14:21.627,sedimentometrie,{},MD-20251103-ADOTE,,
03b2df72-eec9-4237-a630-48346c2416fc,35d2f3d1-ba08-4068-b608-eba66219de2d,0.0256,1.6738,2025-11-03 17:14:21.627,sedimentometrie,{},MD-20251103-ADOTE,,
ce50cc39-3bfc-418a-a5eb-b91dfaa410cd,35d2f3d1-ba08-4068-b608-eba66219de2d,0.0183,1.5108,2025-11-03 17:14:21.627,sedimentometrie,{},MD-20251103-ADOTE,,
cb2d8f36-e2c5-40c6-8a8b-8ba61ca279a3,35d2f3d1-ba08-4068-b608-eba66219de2d,0.0131,1.3478,2025-11-03 17:14:21.627,sedimentometrie,{},MD-20251103-ADOTE,,
9653d5b3-6644-4b02-984a-92a4131d34a6,35d2f3d1-ba08-4068-b608-eba66219de2d,0.0093,1.378,2025-11-03 17:14:21.627,sedimentometrie,{},MD-20251103-ADOTE,,
70a959ee-f417-4ec2-b979-c035c019b566,35d2f3d1-ba08-4068-b608-eba66219de2d,0.0067,1.1033,2025-11-03 17:14:21.627,sedimentometrie,{},MD-20251103-ADOTE,,
0c4c5352-32f8-470f-88e3-c04e0864054e,35d2f3d1-ba08-4068-b608-eba66219de2d,0.0055,1.0218,2025-11-03 17:14:21.627,sedimentometrie,{},MD-20251103-ADOTE,,
589459df-8aa5-4c9b-9819-9e48170df198,35d2f3d1-ba08-4068-b608-eba66219de2d,0.0039,0.9419,2025-11-03 17:14:21.627,sedimentometrie,{},MD-20251103-ADOTE,,
93ef33ff-2acb-459f-936b-a00adbac405f,35d2f3d1-ba08-4068-b608-eba66219de2d,0.0032,0.8613,2025-11-03 17:14:21.627,sedimentometrie,{},MD-20251103-ADOTE,,
5e2ad8e2-c931-4734-8cb5-883cb2834c8e,35d2f3d1-ba08-4068-b608-eba66219de2d,0.0028,0.8613,2025-11-03 17:14:21.627,sedimentometrie,{},MD-20251103-ADOTE,,
3eaa61c9-dd7f-4d96-a693-8460c10912d6,35d2f3d1-ba08-4068-b608-eba66219de2d,0.0023,0.7798,2025-11-03 17:14:21.627,sedimentometrie,{},MD-20251103-ADOTE,,
d524bdc2-4f7b-4194-bd57-aeeed2379e66,35d2f3d1-ba08-4068-b608-eba66219de2d,0.0016,0.7757,2025-11-03 17:14:21.627,sedimentometrie,{},MD-20251103-ADOTE,,
79b9dae5-6897-4bae-8eba-72af6339f5a5,91dd4d37-3fa8-42b5-b1e5-257719582bb5,25,100,2025-11-03 16:54:15.995,tamisage,{},MD-20251103-ADOTE,,
be1ecd31-0599-4749-b9b8-57b724c3038b,91dd4d37-3fa8-42b5-b1e5-257719582bb5,20,98.72,2025-11-03 16:54:15.995,tamisage,{},MD-20251103-ADOTE,,
d482ba91-7b12-4751-8bcb-9efa6e2ecc65,91dd4d37-3fa8-42b5-b1e5-257719582bb5,12.5,89.34,2025-11-03 16:54:15.995,tamisage,{},MD-20251103-ADOTE,,
bf417c0a-f7b6-4bb3-8cb1-abd7644209cc,91dd4d37-3fa8-42b5-b1e5-257719582bb5,8,68.03,2025-11-03 16:54:15.995,tamisage,{},MD-20251103-ADOTE,,
e903bf55-b07a-423e-a199-dd67dfadc496,91dd4d37-3fa8-42b5-b1e5-257719582bb5,6.3,56.01,2025-11-03 16:54:15.995,tamisage,{},MD-20251103-ADOTE,,
2a3437b8-0bcf-4e51-ad0b-2fabf11b08c8,91dd4d37-3fa8-42b5-b1e5-257719582bb5,4,35.99,2025-11-03 16:54:15.995,tamisage,{},MD-20251103-ADOTE,,
c78ce014-e007-479e-a9bb-0bc2fb66ccf6,91dd4d37-3fa8-42b5-b1e5-257719582bb5,3.15,25.44,2025-11-03 16:54:15.995,tamisage,{},MD-20251103-ADOTE,,
892cf687-f9a1-4926-b287-756c2f2d8c0a,91dd4d37-3fa8-42b5-b1e5-257719582bb5,2.5,20.48,2025-11-03 16:54:15.995,tamisage,{},MD-20251103-ADOTE,,
50b8c627-e209-49d2-b071-3204a1ee9e55,91dd4d37-3fa8-42b5-b1e5-257719582bb5,1.25,14.91,2025-11-03 16:54:15.995,tamisage,{},MD-20251103-ADOTE,,
d607dfc8-28c5-4783-9da9-553ced7bf0e3,91dd4d37-3fa8-42b5-b1e5-257719582bb5,1,14.26,2025-11-03 16:54:15.995,tamisage,{},MD-20251103-ADOTE,,
53d887db-38cf-4b49-98e0-b68533ddbc1c,91dd4d37-3fa8-42b5-b1e5-257719582bb5,0.8,13.8,2025-11-03 16:54:15.995,tamisage,{},MD-20251103-ADOTE,,
8a8ed0c7-3e5f-41a3-af5a-54bc5990831c,91dd4d37-3fa8-42b5-b1e5-257719582bb5,0.63,11.98,2025-11-03 16:54:15.995,tamisage,{},MD-20251103-ADOTE,,
2bbea7f5-cae0-477f-8f41-d5495569a099,91dd4d37-3fa8-42b5-b1e5-257719582bb5,0.4,11.43,2025-11-03 16:54:15.995,tamisage,{},MD-20251103-ADOTE,,
2bd44cc8-50c5-4a23-990c-edb305fdec23,91dd4d37-3fa8-42b5-b1e5-257719582bb5,0.25,10.36,2025-11-03 16:54:15.995,tamisage,{},MD-20251103-ADOTE,,
075c4fda-fedf-4865-b794-595ca21a2dd9,91dd4d37-3fa8-42b5-b1e5-257719582bb5,0.1,1.5,2025-11-03 16:54:15.995,tamisage,{},MD-20251103-ADOTE,,
d23cd826-e314-4973-b094-2664b695fdab,91dd4d37-3fa8-42b5-b1e5-257719582bb5,0.08,0.29,2025-11-03 16:54:15.995,tamisage,{},MD-20251103-ADOTE,,
9d546be7-8668-4fbf-a032-f398542787ba,91dd4d37-3fa8-42b5-b1e5-257719582bb5,0.0517,0.1088,2025-11-03 17:14:21.627,sedimentometrie,{},MD-20251103-ADOTE,,
6a0aa4af-704f-4e38-871f-ca79b8fbf6cd,91dd4d37-3fa8-42b5-b1e5-257719582bb5,0.0368,0.1026,2025-11-03 17:14:21.627,sedimentometrie,{},MD-20251103-ADOTE,,
020a1e54-a5fa-4690-823d-4695f7b61f2c,91dd4d37-3fa8-42b5-b1e5-257719582bb5,0.0235,0.0902,2025-11-03 17:14:21.627,sedimentometrie,{},MD-20251103-ADOTE,,
de9bb84e-5125-4240-8faf-9e99788e8780,91dd4d37-3fa8-42b5-b1e5-257719582bb5,0.0167,0.084,2025-11-03 17:14:21.627,sedimentometrie,{},MD-20251103-ADOTE,,
3ba9889a-1b90-4718-b115-141724fb5eec,91dd4d37-3fa8-42b5-b1e5-257719582bb5,0.012,0.0716,2025-11-03 17:14:21.627,sedimentometrie,{},MD-20251103-ADOTE,,
1b64a24d-95b3-4be1-9262-6f8a9266d0f8,91dd4d37-3fa8-42b5-b1e5-257719582bb5,0.0085,0.0654,2025-11-03 17:14:21.627,sedimentometrie,{},MD-20251103-ADOTE,,
589aa0e1-58a2-4c17-8f22-241b5ec324d8,91dd4d37-3fa8-42b5-b1e5-257719582bb5,0.006,0.0654,2025-11-03 17:14:21.627,sedimentometrie,{},MD-20251103-ADOTE,,
fc9690b6-0d3c-4767-affc-7cbdd3f26511,91dd4d37-3fa8-42b5-b1e5-257719582bb5,0.0049,0.0653,2025-11-03 17:14:21.627,sedimentometrie,{},MD-20251103-ADOTE,,
bf205266-3a95-4616-89dc-257d23c1886e,91dd4d37-3fa8-42b5-b1e5-257719582bb5,0.0035,0.0531,2025-11-03 17:14:21.627,sedimentometrie,{},MD-20251103-ADOTE,,
77632cc7-ff54-4124-b69f-6dad72938db1,91dd4d37-3fa8-42b5-b1e5-257719582bb5,0.0029,0.0531,2025-11-03 17:14:21.627,sedimentometrie,{},MD-20251103-ADOTE,,
80fa0717-7384-47f1-87f7-3816ca466b22,91dd4d37-3fa8-42b5-b1e5-257719582bb5,0.0025,0.047,2025-11-03 17:14:21.627,sedimentometrie,{},MD-20251103-ADOTE,,
41f8e13f-b336-4260-91c8-fef7b58a1a79,91dd4d37-3fa8-42b5-b1e5-257719582bb5,0.002,0.0469,2025-11-03 17:14:21.627,sedimentometrie,{},MD-20251103-ADOTE,,
93b5228b-9666-4239-af95-db9b45ccc379,91dd4d37-3fa8-42b5-b1e5-257719582bb5,0.0014,0.0529,2025-11-03 17:14:21.627,sedimentometrie,{},MD-20251103-ADOTE,,
dbb1697d-1735-4a0b-ae2d-0c546e597c47,8bd2c153-ae62-4df1-8cbd-9d1ac1ae13f6,25,100,2025-11-03 16:54:15.998,tamisage,{},MD-20251103-ADOTE,,
5af98500-ce02-4e3e-ab79-955fed8589c9,8bd2c153-ae62-4df1-8cbd-9d1ac1ae13f6,20,100,2025-11-03 16:54:15.998,tamisage,{},MD-20251103-ADOTE,,
3d7ffdda-52b3-4e0f-b4d2-f3f4cfb8651b,8bd2c153-ae62-4df1-8cbd-9d1ac1ae13f6,12.5,93.37,2025-11-03 16:54:15.998,tamisage,{},MD-20251103-ADOTE,,
96d50310-497a-49dc-bbb0-53bace7b0f41,8bd2c153-ae62-4df1-8cbd-9d1ac1ae13f6,8,67.3,2025-11-03 16:54:15.998,tamisage,{},MD-20251103-ADOTE,,
0cd5b613-9566-401e-a170-e273acc0d567,8bd2c153-ae62-4df1-8cbd-9d1ac1ae13f6,6.3,53.42,2025-11-03 16:54:15.998,tamisage,{},MD-20251103-ADOTE,,
8a22d7a8-6650-4e9e-a8a1-1237e4b2fa03,8bd2c153-ae62-4df1-8cbd-9d1ac1ae13f6,4,30.7,2025-11-03 16:54:15.998,tamisage,{},MD-20251103-ADOTE,,
525b8be3-ac42-4cd6-9ad2-7b62900e0568,8bd2c153-ae62-4df1-8cbd-9d1ac1ae13f6,3.15,20.93,2025-11-03 16:54:15.998,tamisage,{},MD-20251103-ADOTE,,
5ee42694-6eaf-4a4d-9d53-ec03f207bf36,8bd2c153-ae62-4df1-8cbd-9d1ac1ae13f6,2.5,15.31,2025-11-03 16:54:15.998,tamisage,{},MD-20251103-ADOTE,,
2e089106-7901-489d-994c-0d021dcee1c0,8bd2c153-ae62-4df1-8cbd-9d1ac1ae13f6,1.25,10.35,2025-11-03 16:54:15.998,tamisage,{},MD-20251103-ADOTE,,
a6faa2a8-f8c5-4b86-b0e2-bb82346a9410,8bd2c153-ae62-4df1-8cbd-9d1ac1ae13f6,1,10.1,2025-11-03 16:54:15.998,tamisage,{},MD-20251103-ADOTE,,
d1615629-5a35-48f1-92d6-ab1047f6e31a,8bd2c153-ae62-4df1-8cbd-9d1ac1ae13f6,0.8,9.81,2025-11-03 16:54:15.998,tamisage,{},MD-20251103-ADOTE,,
089219c3-4193-42b1-9d2c-e500045aab08,8bd2c153-ae62-4df1-8cbd-9d1ac1ae13f6,0.63,9.62,2025-11-03 16:54:15.998,tamisage,{},MD-20251103-ADOTE,,
0fba287a-5ffc-4627-9cc5-c36057576bfa,8bd2c153-ae62-4df1-8cbd-9d1ac1ae13f6,0.4,9.25,2025-11-03 16:54:15.998,tamisage,{},MD-20251103-ADOTE,,
dfcc34f5-0af2-47ab-ae62-592e65356555,8bd2c153-ae62-4df1-8cbd-9d1ac1ae13f6,0.25,8.08,2025-11-03 16:54:15.998,tamisage,{},MD-20251103-ADOTE,,
17b060ec-4c2f-4622-ab6e-f9579f812403,8bd2c153-ae62-4df1-8cbd-9d1ac1ae13f6,0.15,3,2025-11-03 16:54:15.998,tamisage,{},MD-20251103-ADOTE,,
15799336-ec62-4778-ad91-e266a7d8aced,8bd2c153-ae62-4df1-8cbd-9d1ac1ae13f6,0.1,1,2025-11-03 16:54:15.998,tamisage,{},MD-20251103-ADOTE,,
b60e00f7-e117-4f1a-b7f7-eb60ab60a5a5,8bd2c153-ae62-4df1-8cbd-9d1ac1ae13f6,0.08,0.18,2025-11-03 16:54:15.998,tamisage,{},MD-20251103-ADOTE,,
02b2d755-abec-4960-b2d7-2db9ffdd131e,8bd2c153-ae62-4df1-8cbd-9d1ac1ae13f6,0.0484,0.0824,2025-11-03 17:14:21.627,sedimentometrie,{},MD-20251103-ADOTE,,
8263bd5b-a309-4db8-a983-087c6567c233,8bd2c153-ae62-4df1-8cbd-9d1ac1ae13f6,0.0344,0.0788,2025-11-03 17:14:21.627,sedimentometrie,{},MD-20251103-ADOTE,,
994c2827-9873-4885-b04d-794168090688,8bd2c153-ae62-4df1-8cbd-9d1ac1ae13f6,0.0219,0.0751,2025-11-03 17:14:21.627,sedimentometrie,{},MD-20251103-ADOTE,,
c32fb897-cf16-4bfc-aef0-f6e4034f6f86,8bd2c153-ae62-4df1-8cbd-9d1ac1ae13f6,0.0157,0.0678,2025-11-03 17:14:21.627,sedimentometrie,{},MD-20251103-ADOTE,,
e1a29fb5-2be5-4df6-b170-10d0214dc61c,8bd2c153-ae62-4df1-8cbd-9d1ac1ae13f6,0.0112,0.0642,2025-11-03 17:14:21.627,sedimentometrie,{},MD-20251103-ADOTE,,
e5c1dfb5-4650-48ab-a80c-1eeb9ce93bcd,8bd2c153-ae62-4df1-8cbd-9d1ac1ae13f6,0.0079,0.0605,2025-11-03 17:14:21.627,sedimentometrie,{},MD-20251103-ADOTE,,
f9d35b67-b266-4713-a615-ded5a3838fd7,8bd2c153-ae62-4df1-8cbd-9d1ac1ae13f6,0.0056,0.0568,2025-11-03 17:14:21.627,sedimentometrie,{},MD-20251103-ADOTE,,
b578322e-43d3-43ec-a3de-a10da796892a,8bd2c153-ae62-4df1-8cbd-9d1ac1ae13f6,0.0046,0.0569,2025-11-03 17:14:21.627,sedimentometrie,{},MD-20251103-ADOTE,,
e4841500-685d-42ae-88cf-faa46cb96de7,8bd2c153-ae62-4df1-8cbd-9d1ac1ae13f6,0.0033,0.0532,2025-11-03 17:14:21.627,sedimentometrie,{},MD-20251103-ADOTE,,
435b0112-bdf0-4581-b731-ccbfa04a7d1c,8bd2c153-ae62-4df1-8cbd-9d1ac1ae13f6,0.0027,0.0496,2025-11-03 17:14:21.627,sedimentometrie,{},MD-20251103-ADOTE,,
475d1432-71e0-413d-a088-046907f2888c,8bd2c153-ae62-4df1-8cbd-9d1ac1ae13f6,0.0023,0.0497,2025-11-03 17:14:21.627,sedimentometrie,{},MD-20251103-ADOTE,,
74027581-9720-4e4d-945e-e66a65f84822,8bd2c153-ae62-4df1-8cbd-9d1ac1ae13f6,0.0019,0.046,2025-11-03 17:14:21.627,sedimentometrie,{},MD-20251103-ADOTE,,
0be96340-2a0f-44a0-8475-ba1c0c6bfd05,8bd2c153-ae62-4df1-8cbd-9d1ac1ae13f6,0.0014,0.0458,2025-11-03 17:14:21.627,sedimentometrie,{},MD-20251103-ADOTE,,
bddbb85b-79ad-4336-9ec6-d1557fe3a586,079ce9ef-ec22-449f-8300-a36347c0beed,25,100,2025-11-03 16:54:16.001,tamisage,{},MD-20251103-ADOTE,,
43b53a7f-003e-4ea7-b35a-36960bb32e12,079ce9ef-ec22-449f-8300-a36347c0beed,20,100,2025-11-03 16:54:16.001,tamisage,{},MD-20251103-ADOTE,,
464d33c9-9fc4-4fdf-81a7-f08cac09eb47,079ce9ef-ec22-449f-8300-a36347c0beed,12.5,92.7,2025-11-03 16:54:16.001,tamisage,{},MD-20251103-ADOTE,,
5366b274-6177-402b-8701-fe9b92345175,079ce9ef-ec22-449f-8300-a36347c0beed,8,75.91,2025-11-03 16:54:16.001,tamisage,{},MD-20251103-ADOTE,,
43e6e7b7-b91c-4b1c-8e7b-629d16ddf429,079ce9ef-ec22-449f-8300-a36347c0beed,6.3,62.76,2025-11-03 16:54:16.001,tamisage,{},MD-20251103-ADOTE,,
7bd4a1b5-b394-4678-9c07-f4bdf0971a8d,079ce9ef-ec22-449f-8300-a36347c0beed,4,43.17,2025-11-03 16:54:16.001,tamisage,{},MD-20251103-ADOTE,,
d9bcee83-61ce-4153-a56d-dd39614f4ec3,079ce9ef-ec22-449f-8300-a36347c0beed,3.15,33.52,2025-11-03 16:54:16.001,tamisage,{},MD-20251103-ADOTE,,
07844939-63f5-40c3-8444-688209dd9482,079ce9ef-ec22-449f-8300-a36347c0beed,2.5,28.12,2025-11-03 16:54:16.001,tamisage,{},MD-20251103-ADOTE,,
f903952d-5d67-4933-be6a-466173f780d1,079ce9ef-ec22-449f-8300-a36347c0beed,1.25,22.39,2025-11-03 16:54:16.001,tamisage,{},MD-20251103-ADOTE,,
55489c14-6f03-4078-b281-f6e8a598bba3,079ce9ef-ec22-449f-8300-a36347c0beed,1,21.73,2025-11-03 16:54:16.001,tamisage,{},MD-20251103-ADOTE,,
01c2c963-9788-456b-9e63-8925c1b1e229,079ce9ef-ec22-449f-8300-a36347c0beed,0.8,21.23,2025-11-03 16:54:16.001,tamisage,{},MD-20251103-ADOTE,,
eb44a18b-6738-4bf4-abb4-d561a7c657eb,079ce9ef-ec22-449f-8300-a36347c0beed,0.63,20.85,2025-11-03 16:54:16.001,tamisage,{},MD-20251103-ADOTE,,
44392a4c-7832-4d23-a258-3088170755a2,079ce9ef-ec22-449f-8300-a36347c0beed,0.4,20.01,2025-11-03 16:54:16.001,tamisage,{},MD-20251103-ADOTE,,
b1c61c7a-4f9c-40f9-9a40-88c99a1e7380,079ce9ef-ec22-449f-8300-a36347c0beed,0.25,17.94,2025-11-03 16:54:16.001,tamisage,{},MD-20251103-ADOTE,,
b698b4e4-387e-429b-8664-32c307d67e2f,079ce9ef-ec22-449f-8300-a36347c0beed,0.15,4.87,2025-11-03 16:54:16.001,tamisage,{},MD-20251103-ADOTE,,
6ed9f99b-f7ed-4bd2-82e1-3ca56f2dd726,079ce9ef-ec22-449f-8300-a36347c0beed,0.1,1.64,2025-11-03 16:54:16.001,tamisage,{},MD-20251103-ADOTE,,
ec3ea7a1-9e56-435c-ae2f-93dd10921808,079ce9ef-ec22-449f-8300-a36347c0beed,0.08,0.22,2025-11-03 16:54:16.001,tamisage,{},MD-20251103-ADOTE,,
230fd939-adb5-4d53-aac5-7a0bf8cf396c,079ce9ef-ec22-449f-8300-a36347c0beed,0.0523,0.1034,2025-11-03 17:14:21.627,sedimentometrie,{},MD-20251103-ADOTE,,
69f2ba8f-2b5b-4195-b16c-fef708f49dc2,079ce9ef-ec22-449f-8300-a36347c0beed,0.0372,0.0986,2025-11-03 17:14:21.627,sedimentometrie,{},MD-20251103-ADOTE,,
823290d7-9484-4812-8293-07855db3d369,079ce9ef-ec22-449f-8300-a36347c0beed,0.0235,0.0986,2025-11-03 17:14:21.627,sedimentometrie,{},MD-20251103-ADOTE,,
717889af-b779-4732-81af-d30d80b1b392,079ce9ef-ec22-449f-8300-a36347c0beed,0.0169,0.089,2025-11-03 17:14:21.627,sedimentometrie,{},MD-20251103-ADOTE,,
be99fb4b-9ed5-4874-b6d3-6390277811c4,079ce9ef-ec22-449f-8300-a36347c0beed,0.012,0.0842,2025-11-03 17:14:21.627,sedimentometrie,{},MD-20251103-ADOTE,,
d4a89089-7f0f-48c1-9fe3-059acbaa7e56,079ce9ef-ec22-449f-8300-a36347c0beed,0.0085,0.0794,2025-11-03 17:14:21.627,sedimentometrie,{},MD-20251103-ADOTE,,
94ad1810-7c99-4adb-b18a-89bb5bb84a04,079ce9ef-ec22-449f-8300-a36347c0beed,0.0061,0.0796,2025-11-03 17:14:21.627,sedimentometrie,{},MD-20251103-ADOTE,,
f55dd9b9-5a33-450f-b09b-46f4f7b9387e,079ce9ef-ec22-449f-8300-a36347c0beed,0.005,0.0698,2025-11-03 17:14:21.627,sedimentometrie,{},MD-20251103-ADOTE,,
59dadcca-85bd-4ec0-852d-1bb6b48032b3,079ce9ef-ec22-449f-8300-a36347c0beed,0.0035,0.0698,2025-11-03 17:14:21.627,sedimentometrie,{},MD-20251103-ADOTE,,
4ced3e1d-124b-400b-8e04-f8a103265998,079ce9ef-ec22-449f-8300-a36347c0beed,0.0029,0.0699,2025-11-03 17:14:21.627,sedimentometrie,{},MD-20251103-ADOTE,,
cbfa98da-7962-42c2-8451-4e95ec19ebdd,079ce9ef-ec22-449f-8300-a36347c0beed,0.0025,0.0652,2025-11-03 17:14:21.627,sedimentometrie,{},MD-20251103-ADOTE,,
d7bc9772-e1b9-4af4-b32c-9ee4ed09ff23,079ce9ef-ec22-449f-8300-a36347c0beed,0.002,0.065,2025-11-03 17:14:21.627,sedimentometrie,{},MD-20251103-ADOTE,,
8797c99f-42ce-47b1-8cbc-b2f40d77474e,079ce9ef-ec22-449f-8300-a36347c0beed,0.0014,0.0649,2025-11-03 17:14:21.627,sedimentometrie,{},MD-20251103-ADOTE,,
5c08779f-24a8-4a35-bb91-2ddc42b5cc30,2db932c7-6729-4285-8dbe-6df8595b56cc,0.5,95.22,2025-11-03 17:26:47.771,tamisage,{},MD-20251103-AGTCHESSI,,
a2d395ac-e7ac-462e-8830-b29de8495c9f,2db932c7-6729-4285-8dbe-6df8595b56cc,0.4,94.9,2025-11-03 17:26:47.771,tamisage,{},MD-20251103-AGTCHESSI,,
989e45ad-ed62-4d01-bb75-44aa4368468e,2db932c7-6729-4285-8dbe-6df8595b56cc,0.315,94.49,2025-11-03 17:26:47.771,tamisage,{},MD-20251103-AGTCHESSI,,
f9acdae9-fdb4-4991-9add-ea53c0966d57,2db932c7-6729-4285-8dbe-6df8595b56cc,0.25,93.98,2025-11-03 17:26:47.771,tamisage,{},MD-20251103-AGTCHESSI,,
6cd3f4d1-7c49-4843-9e65-b6848ffd06bb,2db932c7-6729-4285-8dbe-6df8595b56cc,0.2,93.15,2025-11-03 17:26:47.771,tamisage,{},MD-20251103-AGTCHESSI,,
d5e88311-9f8a-4b8e-bb93-ac1145f793a7,2db932c7-6729-4285-8dbe-6df8595b56cc,0.16,92.39,2025-11-03 17:26:47.771,tamisage,{},MD-20251103-AGTCHESSI,,
528363b5-0873-427f-ae96-05e072dfaa9b,2db932c7-6729-4285-8dbe-6df8595b56cc,0.125,89.76,2025-11-03 17:26:47.771,tamisage,{},MD-20251103-AGTCHESSI,,
d8254200-4960-4539-92ce-02df4357490a,2db932c7-6729-4285-8dbe-6df8595b56cc,0.1,87.75,2025-11-03 17:26:47.771,tamisage,{},MD-20251103-AGTCHESSI,,
7adfec66-1c3b-4287-8f93-f5a802b905a3,2db932c7-6729-4285-8dbe-6df8595b56cc,0.08,86.36,2025-11-03 17:26:47.771,tamisage,{},MD-20251103-AGTCHESSI,,
90111f4d-3ee7-4550-b326-571a40f93e89,2db932c7-6729-4285-8dbe-6df8595b56cc,0.0702,82.61,2025-11-03 17:26:47.771,sedimentometrie,{},MD-20251103-AGTCHESSI,,
bd41b223-c0ea-4e34-9e75-e17459ed7faa,2db932c7-6729-4285-8dbe-6df8595b56cc,0.0513,74.14,2025-11-03 17:26:47.771,sedimentometrie,{},MD-20251103-AGTCHESSI,,
9c914011-4e29-45bc-a716-fe3081883ae5,2db932c7-6729-4285-8dbe-6df8595b56cc,0.0394,48.95,2025-11-03 17:26:47.771,sedimentometrie,{},MD-20251103-AGTCHESSI,,
537f22dd-76cb-46d2-b0d6-11427b77d1f3,2db932c7-6729-4285-8dbe-6df8595b56cc,0.0258,37.12,2025-11-03 17:26:47.771,sedimentometrie,{},MD-20251103-AGTCHESSI,,
42d0c170-8650-4a23-91d6-9fa225711d6f,2db932c7-6729-4285-8dbe-6df8595b56cc,0.0151,32.9,2025-11-03 17:26:47.771,sedimentometrie,{},MD-20251103-AGTCHESSI,,
40cbe565-e613-4de1-87c3-aea85bd1a3db,2db932c7-6729-4285-8dbe-6df8595b56cc,0.0088,28.67,2025-11-03 17:26:47.771,sedimentometrie,{},MD-20251103-AGTCHESSI,,
109179a3-e312-492e-a9e6-64dba9449b99,2db932c7-6729-4285-8dbe-6df8595b56cc,0.0054,25.52,2025-11-03 17:26:47.771,sedimentometrie,{},MD-20251103-AGTCHESSI,,
67e33aa2-1651-48e3-880a-0f5e81d248b9,2db932c7-6729-4285-8dbe-6df8595b56cc,0.0039,24.46,2025-11-03 17:26:47.771,sedimentometrie,{},MD-20251103-AGTCHESSI,,
551a0068-72bf-4f78-a92a-3ddc4bee3122,2db932c7-6729-4285-8dbe-6df8595b56cc,0.0032,22.34,2025-11-03 17:26:47.771,sedimentometrie,{},MD-20251103-AGTCHESSI,,
548a2ce4-5ff5-4c2c-847a-dd3cd0586fe3,2db932c7-6729-4285-8dbe-6df8595b56cc,0.0027,22.34,2025-11-03 17:26:47.771,sedimentometrie,{},MD-20251103-AGTCHESSI,,
2000153a-ff1e-4715-babc-42485cc56118,2db932c7-6729-4285-8dbe-6df8595b56cc,0.0022,21.29,2025-11-03 17:26:47.771,sedimentometrie,{},MD-20251103-AGTCHESSI,,
9910cd9c-4006-444d-97b6-639acdd54922,2db932c7-6729-4285-8dbe-6df8595b56cc,0.0016,19.17,2025-11-03 17:26:47.771,sedimentometrie,{},MD-20251103-AGTCHESSI,,
1158e297-2414-4d4b-91ff-108e3773e3a8,e92030ab-4c81-4558-a3fe-48efdd5c1aeb,10,100,2025-11-03 17:26:47.771,tamisage,{},MD-20251103-AGTCHESSI,,
531eb22b-1d36-4ca9-a4e3-dded48a0a140,e92030ab-4c81-4558-a3fe-48efdd5c1aeb,8,100,2025-11-03 17:26:47.771,tamisage,{},MD-20251103-AGTCHESSI,,
96b7b3c3-edf5-4aee-9f36-03232c0a06cc,e92030ab-4c81-4558-a3fe-48efdd5c1aeb,6.3,100,2025-11-03 17:26:47.771,tamisage,{},MD-20251103-AGTCHESSI,,
a050f02f-54a5-46d7-b99a-617ebbb923ce,e92030ab-4c81-4558-a3fe-48efdd5c1aeb,5,99.94,2025-11-03 17:26:47.771,tamisage,{},MD-20251103-AGTCHESSI,,
08e17b56-14ac-4e39-a292-1496a560da8d,e92030ab-4c81-4558-a3fe-48efdd5c1aeb,4,99.86,2025-11-03 17:26:47.771,tamisage,{},MD-20251103-AGTCHESSI,,
bc1805be-1f80-4857-a6b0-d6eedd5eda93,e92030ab-4c81-4558-a3fe-48efdd5c1aeb,3.15,99.75,2025-11-03 17:26:47.771,tamisage,{},MD-20251103-AGTCHESSI,,
7f0b84ba-8dea-45f5-8b67-83c996bc4bd7,e92030ab-4c81-4558-a3fe-48efdd5c1aeb,2.5,99.56,2025-11-03 17:26:47.771,tamisage,{},MD-20251103-AGTCHESSI,,
a4340063-39dc-4d90-8207-b17e16a922ae,e92030ab-4c81-4558-a3fe-48efdd5c1aeb,2,99.34,2025-11-03 17:26:47.771,tamisage,{},MD-20251103-AGTCHESSI,,
f47ca5b9-6d78-463f-82a0-c69ed5308340,e92030ab-4c81-4558-a3fe-48efdd5c1aeb,1.6,99.12,2025-11-03 17:26:47.771,tamisage,{},MD-20251103-AGTCHESSI,,
4513ff36-8b29-4e78-88af-16010c75dae7,e92030ab-4c81-4558-a3fe-48efdd5c1aeb,1.25,98.88,2025-11-03 17:26:47.771,tamisage,{},MD-20251103-AGTCHESSI,,
e818f270-3755-420a-b898-44c972f4478c,e92030ab-4c81-4558-a3fe-48efdd5c1aeb,1,98.7,2025-11-03 17:26:47.771,tamisage,{},MD-20251103-AGTCHESSI,,
2e9bc24f-d38b-441b-a151-b233eef3e325,e92030ab-4c81-4558-a3fe-48efdd5c1aeb,0.8,98.51,2025-11-03 17:26:47.771,tamisage,{},MD-20251103-AGTCHESSI,,
7008482e-b034-4b65-8d7b-b77c71546c65,e92030ab-4c81-4558-a3fe-48efdd5c1aeb,0.63,98.37,2025-11-03 17:26:47.771,tamisage,{},MD-20251103-AGTCHESSI,,
bcc3bc94-c783-470b-9f57-11424bdb3113,e92030ab-4c81-4558-a3fe-48efdd5c1aeb,0.5,98.15,2025-11-03 17:26:47.771,tamisage,{},MD-20251103-AGTCHESSI,,
fb9e9a36-1f4f-498f-af08-0be1877a1b22,e92030ab-4c81-4558-a3fe-48efdd5c1aeb,0.4,97.98,2025-11-03 17:26:47.771,tamisage,{},MD-20251103-AGTCHESSI,,
6632ece2-fb86-48c2-9ce9-d5084a5092c4,e92030ab-4c81-4558-a3fe-48efdd5c1aeb,0.315,97.76,2025-11-03 17:26:47.771,tamisage,{},MD-20251103-AGTCHESSI,,
adc942c1-2894-41f2-b0c7-d78853282bff,e92030ab-4c81-4558-a3fe-48efdd5c1aeb,0.25,97.53,2025-11-03 17:26:47.771,tamisage,{},MD-20251103-AGTCHESSI,,
84fe6620-1c25-46c6-90ce-895c8013a906,e92030ab-4c81-4558-a3fe-48efdd5c1aeb,0.2,97.18,2025-11-03 17:26:47.771,tamisage,{},MD-20251103-AGTCHESSI,,
ccae81f3-71e3-46b4-a3bb-60349de41519,e92030ab-4c81-4558-a3fe-48efdd5c1aeb,0.16,96.81,2025-11-03 17:26:47.771,tamisage,{},MD-20251103-AGTCHESSI,,
8927368d-774e-4ced-93b0-93810be4241b,e92030ab-4c81-4558-a3fe-48efdd5c1aeb,0.125,96.19,2025-11-03 17:26:47.771,tamisage,{},MD-20251103-AGTCHESSI,,
38924973-e1d7-42a6-a328-963dce97b19f,e92030ab-4c81-4558-a3fe-48efdd5c1aeb,0.1,95.67,2025-11-03 17:26:47.771,tamisage,{},MD-20251103-AGTCHESSI,,
8c179aae-1bc0-4685-a4ba-ac85c9ccd496,e92030ab-4c81-4558-a3fe-48efdd5c1aeb,0.08,95.25,2025-11-03 17:26:47.771,tamisage,{},MD-20251103-AGTCHESSI,,
50416284-e160-4804-9714-647110c77499,e92030ab-4c81-4558-a3fe-48efdd5c1aeb,0.0729,94.44,2025-11-03 17:26:47.771,sedimentometrie,{},MD-20251103-AGTCHESSI,,
aea76de4-1709-4ade-aeed-69c0037800fb,e92030ab-4c81-4558-a3fe-48efdd5c1aeb,0.0522,90.57,2025-11-03 17:26:47.771,sedimentometrie,{},MD-20251103-AGTCHESSI,,
2649751e-1fe7-4108-9034-9b93693298be,e92030ab-4c81-4558-a3fe-48efdd5c1aeb,0.0379,82.35,2025-11-03 17:26:47.771,sedimentometrie,{},MD-20251103-AGTCHESSI,,
3ccf80ea-803a-4887-a795-1ebf1a0e049f,e92030ab-4c81-4558-a3fe-48efdd5c1aeb,0.0262,50.92,2025-11-03 17:26:47.771,sedimentometrie,{},MD-20251103-AGTCHESSI,,
1c151701-3cb2-4544-81b3-1166caa539ca,e92030ab-4c81-4558-a3fe-48efdd5c1aeb,0.0156,40.04,2025-11-03 17:26:47.771,sedimentometrie,{},MD-20251103-AGTCHESSI,,
4f112959-f90b-4b75-80da-a5c1d57fe5ba,e92030ab-4c81-4558-a3fe-48efdd5c1aeb,0.009,37.61,2025-11-03 17:26:47.771,sedimentometrie,{},MD-20251103-AGTCHESSI,,
92219b50-a80e-48a5-8f79-5197f7896581,e92030ab-4c81-4558-a3fe-48efdd5c1aeb,0.0056,32.77,2025-11-03 17:26:47.771,sedimentometrie,{},MD-20251103-AGTCHESSI,,
966c0c78-df53-4b1d-9392-69a609eb9488,e92030ab-4c81-4558-a3fe-48efdd5c1aeb,0.004,30.36,2025-11-03 17:26:47.771,sedimentometrie,{},MD-20251103-AGTCHESSI,,
1cb662d2-9343-43af-a8ad-00dc8828b4ed,e92030ab-4c81-4558-a3fe-48efdd5c1aeb,0.0033,27.94,2025-11-03 17:26:47.771,sedimentometrie,{},MD-20251103-AGTCHESSI,,
c3644176-17bf-4ad9-a34a-32165a7cadee,e92030ab-4c81-4558-a3fe-48efdd5c1aeb,0.0029,25.52,2025-11-03 17:26:47.771,sedimentometrie,{},MD-20251103-AGTCHESSI,,
b242b737-b201-4815-9794-21c3185a7784,e92030ab-4c81-4558-a3fe-48efdd5c1aeb,0.0023,21.89,2025-11-03 17:26:47.771,sedimentometrie,{},MD-20251103-AGTCHESSI,,
79b08825-19d4-44bb-b1b9-83a73b578287,e92030ab-4c81-4558-a3fe-48efdd5c1aeb,0.0014,19.48,2025-11-03 17:26:47.771,sedimentometrie,{},MD-20251103-AGTCHESSI,,
be8c233d-cb13-4693-bc94-38873028209c,e0543f77-4c26-4822-ac8e-2fd93e709545,25,100,2025-11-03 17:26:47.771,tamisage,{},MD-20251103-AGTCHESSI,,
c73ef3a2-8393-4e58-8d5b-cf3713612665,e0543f77-4c26-4822-ac8e-2fd93e709545,20,100,2025-11-03 17:26:47.771,tamisage,{},MD-20251103-AGTCHESSI,,
81d1fa76-65a4-4842-8006-815f976a5b3e,e0543f77-4c26-4822-ac8e-2fd93e709545,16,100,2025-11-03 17:26:47.771,tamisage,{},MD-20251103-AGTCHESSI,,
65b9f90c-050b-44fc-b568-ed10953bf5fd,e0543f77-4c26-4822-ac8e-2fd93e709545,12.5,99.77,2025-11-03 17:26:47.771,tamisage,{},MD-20251103-AGTCHESSI,,
d62e59e3-fe9b-4856-96f4-3c1a8dff5c1d,e0543f77-4c26-4822-ac8e-2fd93e709545,10,99.63,2025-11-03 17:26:47.771,tamisage,{},MD-20251103-AGTCHESSI,,
0714d43b-2017-4e9f-b82f-bfb2203116a2,e0543f77-4c26-4822-ac8e-2fd93e709545,8,99.63,2025-11-03 17:26:47.771,tamisage,{},MD-20251103-AGTCHESSI,,
e180cff8-a644-4729-8313-6b974ca3647e,e0543f77-4c26-4822-ac8e-2fd93e709545,6.3,99.5,2025-11-03 17:26:47.771,tamisage,{},MD-20251103-AGTCHESSI,,
9ebd5c2d-9fc1-4d2e-912a-3885797aace3,e0543f77-4c26-4822-ac8e-2fd93e709545,5,99.32,2025-11-03 17:26:47.771,tamisage,{},MD-20251103-AGTCHESSI,,
1b9b5ac5-0e9a-42b8-a743-774442d8e68b,e0543f77-4c26-4822-ac8e-2fd93e709545,4,99.04,2025-11-03 17:26:47.771,tamisage,{},MD-20251103-AGTCHESSI,,
61cfd24b-1997-449e-9317-eabaad34c521,e0543f77-4c26-4822-ac8e-2fd93e709545,3.15,98.7,2025-11-03 17:26:47.771,tamisage,{},MD-20251103-AGTCHESSI,,
d2e46fef-a804-4636-97b9-63e333b0228e,e0543f77-4c26-4822-ac8e-2fd93e709545,2.5,98.41,2025-11-03 17:26:47.771,tamisage,{},MD-20251103-AGTCHESSI,,
ce436a66-bfa6-4d6d-bb19-ac6269cacc0a,e0543f77-4c26-4822-ac8e-2fd93e709545,2,98.11,2025-11-03 17:26:47.771,tamisage,{},MD-20251103-AGTCHESSI,,
bf9c55bf-3fed-4839-b805-457182536d71,e0543f77-4c26-4822-ac8e-2fd93e709545,1.6,97.77,2025-11-03 17:26:47.771,tamisage,{},MD-20251103-AGTCHESSI,,
0c40acb8-594e-4978-b8f1-bdda590b07bb,e0543f77-4c26-4822-ac8e-2fd93e709545,1.25,97.56,2025-11-03 17:26:47.771,tamisage,{},MD-20251103-AGTCHESSI,,
9e8dd913-7709-4c5c-849f-882c776d10d0,e0543f77-4c26-4822-ac8e-2fd93e709545,1,97.34,2025-11-03 17:26:47.771,tamisage,{},MD-20251103-AGTCHESSI,,
114b1309-8131-422c-a2c7-7cfbd810583c,e0543f77-4c26-4822-ac8e-2fd93e709545,0.8,97.09,2025-11-03 17:26:47.771,tamisage,{},MD-20251103-AGTCHESSI,,
37dea9c0-bd99-44f4-8364-4b384f2f8d50,e0543f77-4c26-4822-ac8e-2fd93e709545,0.63,96.56,2025-11-03 17:26:47.771,tamisage,{},MD-20251103-AGTCHESSI,,
c57bf5ed-3625-4ad2-8c2f-5e8ecbc24e13,e0543f77-4c26-4822-ac8e-2fd93e709545,0.5,95.66,2025-11-03 17:26:47.771,tamisage,{},MD-20251103-AGTCHESSI,,
20f18cdb-3751-4aa5-8c5c-a8860e06440c,e0543f77-4c26-4822-ac8e-2fd93e709545,0.4,93.92,2025-11-03 17:26:47.771,tamisage,{},MD-20251103-AGTCHESSI,,
de410850-5c4d-4635-8335-e6b04285a6c6,e0543f77-4c26-4822-ac8e-2fd93e709545,0.315,90.86,2025-11-03 17:26:47.771,tamisage,{},MD-20251103-AGTCHESSI,,
152de33a-8807-4e19-90d8-b5b1e388d09d,e0543f77-4c26-4822-ac8e-2fd93e709545,0.25,80.33,2025-11-03 17:26:47.771,tamisage,{},MD-20251103-AGTCHESSI,,
e8726ff3-0cbb-4d4b-a272-5c849956f636,e0543f77-4c26-4822-ac8e-2fd93e709545,0.2,73.23,2025-11-03 17:26:47.771,tamisage,{},MD-20251103-AGTCHESSI,,
716984ee-b3a5-463d-9cd5-b7ef90d9fe68,e0543f77-4c26-4822-ac8e-2fd93e709545,0.16,65.64,2025-11-03 17:26:47.771,tamisage,{},MD-20251103-AGTCHESSI,,
0f354e0e-df54-4664-8e3a-af01425b153f,e0543f77-4c26-4822-ac8e-2fd93e709545,0.125,61.08,2025-11-03 17:26:47.771,tamisage,{},MD-20251103-AGTCHESSI,,
68b399df-278f-4bb2-ae74-f1b162e143ad,e0543f77-4c26-4822-ac8e-2fd93e709545,0.1,58.4,2025-11-03 17:26:47.771,tamisage,{},MD-20251103-AGTCHESSI,,
bc5088e1-589f-4336-a2c7-52d3d84710e5,e0543f77-4c26-4822-ac8e-2fd93e709545,0.08,55.72,2025-11-03 17:26:47.771,tamisage,{},MD-20251103-AGTCHESSI,,
93f1dd4c-a878-4341-bcb3-96f2f927c658,e0543f77-4c26-4822-ac8e-2fd93e709545,0.0645,46.6,2025-11-03 17:26:47.771,sedimentometrie,{},MD-20251103-AGTCHESSI,,
ca73ad51-f0e2-4442-8a1d-efcac2a563c5,e0543f77-4c26-4822-ac8e-2fd93e709545,0.051,30.88,2025-11-03 17:26:47.771,sedimentometrie,{},MD-20251103-AGTCHESSI,,
00a9786e-17ef-4dd5-9119-66a03d9f94a6,e0543f77-4c26-4822-ac8e-2fd93e709545,0.0373,22.42,2025-11-03 17:26:47.771,sedimentometrie,{},MD-20251103-AGTCHESSI,,
eaa63d6f-4196-49ff-b6a6-97678b0a4c42,e0543f77-4c26-4822-ac8e-2fd93e709545,0.0238,21.21,2025-11-03 17:26:47.771,sedimentometrie,{},MD-20251103-AGTCHESSI,,
2602467e-fa89-4158-b43f-7d3add1713d9,e0543f77-4c26-4822-ac8e-2fd93e709545,0.0139,21.83,2025-11-03 17:26:47.771,sedimentometrie,{},MD-20251103-AGTCHESSI,,
57532824-7840-4f00-96dd-e8e36eceb9c7,e0543f77-4c26-4822-ac8e-2fd93e709545,0.0081,20.01,2025-11-03 17:26:47.771,sedimentometrie,{},MD-20251103-AGTCHESSI,,
bd0323e2-7cd6-43e6-a7bc-88cfe387db7d,e0543f77-4c26-4822-ac8e-2fd93e709545,0.005,19.41,2025-11-03 17:26:47.771,sedimentometrie,{},MD-20251103-AGTCHESSI,,
8b777838-7a9d-493f-b6e9-4b9507015678,e0543f77-4c26-4822-ac8e-2fd93e709545,0.0035,19.17,2025-11-03 17:26:47.771,sedimentometrie,{},MD-20251103-AGTCHESSI,,
31fd778f-e883-42e4-8827-330316d89f00,e0543f77-4c26-4822-ac8e-2fd93e709545,0.0029,16.99,2025-11-03 17:26:47.771,sedimentometrie,{},MD-20251103-AGTCHESSI,,
061d8cc7-67fe-49f4-ae2e-d83f4b5424f1,e0543f77-4c26-4822-ac8e-2fd93e709545,0.0025,16.39,2025-11-03 17:26:47.771,sedimentometrie,{},MD-20251103-AGTCHESSI,,
26264287-b7d5-4daa-9443-d6fb668d74a5,e0543f77-4c26-4822-ac8e-2fd93e709545,0.0021,14.57,2025-11-03 17:26:47.771,sedimentometrie,{},MD-20251103-AGTCHESSI,,
43e9121f-f2b4-4dab-97b2-501ac54c2c40,e0543f77-4c26-4822-ac8e-2fd93e709545,0.0014,12.76,2025-11-03 17:26:47.771,sedimentometrie,{},MD-20251103-AGTCHESSI,,
887cc973-eb05-4d71-ba24-12ddbd61221c,eeb59894-6655-4eee-9b0b-2379b7fe4bb5,25,100,2025-11-03 17:26:47.771,tamisage,{},MD-20251103-AGTCHESSI,,
f9919ddc-5895-4675-9f2d-d453354f91ac,eeb59894-6655-4eee-9b0b-2379b7fe4bb5,20,98.19,2025-11-03 17:26:47.771,tamisage,{},MD-20251103-AGTCHESSI,,
e005ce81-06d1-4826-91bc-5dcab165d1ea,eeb59894-6655-4eee-9b0b-2379b7fe4bb5,16,97.69,2025-11-03 17:26:47.771,tamisage,{},MD-20251103-AGTCHESSI,,
1c398e74-70b2-4f42-a8fa-b70471c94115,eeb59894-6655-4eee-9b0b-2379b7fe4bb5,12.5,94.91,2025-11-03 17:26:47.771,tamisage,{},MD-20251103-AGTCHESSI,,
ab7c48a4-9a4b-4ed4-97fe-6bc35c215202,eeb59894-6655-4eee-9b0b-2379b7fe4bb5,10,91.12,2025-11-03 17:26:47.771,tamisage,{},MD-20251103-AGTCHESSI,,
e776c1bb-5c4c-47f9-b0b9-faf3140da099,eeb59894-6655-4eee-9b0b-2379b7fe4bb5,8,89.26,2025-11-03 17:26:47.771,tamisage,{},MD-20251103-AGTCHESSI,,
47dc8245-781b-423a-98eb-992161634791,eeb59894-6655-4eee-9b0b-2379b7fe4bb5,6.3,87.25,2025-11-03 17:26:47.771,tamisage,{},MD-20251103-AGTCHESSI,,
0e728aae-4452-4612-be2d-358ce6866b73,eeb59894-6655-4eee-9b0b-2379b7fe4bb5,5,84.96,2025-11-03 17:26:47.771,tamisage,{},MD-20251103-AGTCHESSI,,
ce67fda5-f86f-44d2-949e-c020774c4782,eeb59894-6655-4eee-9b0b-2379b7fe4bb5,4,82.57,2025-11-03 17:26:47.771,tamisage,{},MD-20251103-AGTCHESSI,,
ae914e8a-ef82-463b-b6ae-1563c03317f3,eeb59894-6655-4eee-9b0b-2379b7fe4bb5,3.15,78.64,2025-11-03 17:26:47.771,tamisage,{},MD-20251103-AGTCHESSI,,
15b1cef7-10d9-47db-a753-ebd804a04421,eeb59894-6655-4eee-9b0b-2379b7fe4bb5,2.5,74.93,2025-11-03 17:26:47.771,tamisage,{},MD-20251103-AGTCHESSI,,
07e4d12a-3152-4536-bf93-b697774975c5,eeb59894-6655-4eee-9b0b-2379b7fe4bb5,2,71.83,2025-11-03 17:26:47.771,tamisage,{},MD-20251103-AGTCHESSI,,
585b1101-2cba-4be1-a4c3-04beedfbe63c,eeb59894-6655-4eee-9b0b-2379b7fe4bb5,1.6,69.11,2025-11-03 17:26:47.771,tamisage,{},MD-20251103-AGTCHESSI,,
55cf25d4-0572-4946-b30f-6fbc64aa84a8,eeb59894-6655-4eee-9b0b-2379b7fe4bb5,1.25,66.68,2025-11-03 17:26:47.771,tamisage,{},MD-20251103-AGTCHESSI,,
cecffb55-6170-426d-b08b-f823cc93bbec,eeb59894-6655-4eee-9b0b-2379b7fe4bb5,1,64.94,2025-11-03 17:26:47.771,tamisage,{},MD-20251103-AGTCHESSI,,
32896838-c74a-4a35-857b-3070e303ed89,eeb59894-6655-4eee-9b0b-2379b7fe4bb5,0.8,63.2,2025-11-03 17:26:47.771,tamisage,{},MD-20251103-AGTCHESSI,,
2843fda6-dedd-45ec-b339-1adf24e4406a,eeb59894-6655-4eee-9b0b-2379b7fe4bb5,0.63,61.24,2025-11-03 17:26:47.771,tamisage,{},MD-20251103-AGTCHESSI,,
dd71802c-6cd4-4a4a-885f-8880fc7d5639,eeb59894-6655-4eee-9b0b-2379b7fe4bb5,0.5,58.17,2025-11-03 17:26:47.771,tamisage,{},MD-20251103-AGTCHESSI,,
389c6fea-b1c2-4f75-8fca-d26ea8e684be,eeb59894-6655-4eee-9b0b-2379b7fe4bb5,0.4,55.26,2025-11-03 17:26:47.771,tamisage,{},MD-20251103-AGTCHESSI,,
c34eb388-3848-429d-bd27-05a739cfe2b9,eeb59894-6655-4eee-9b0b-2379b7fe4bb5,0.315,51.02,2025-11-03 17:26:47.771,tamisage,{},MD-20251103-AGTCHESSI,,
d32d0919-1472-40d4-be32-15eb4ffe48f4,eeb59894-6655-4eee-9b0b-2379b7fe4bb5,0.25,46.15,2025-11-03 17:26:47.771,tamisage,{},MD-20251103-AGTCHESSI,,
256148fd-40b8-4b8b-90bf-00455abdbde9,eeb59894-6655-4eee-9b0b-2379b7fe4bb5,0.2,39.77,2025-11-03 17:26:47.771,tamisage,{},MD-20251103-AGTCHESSI,,
754b356a-e74e-466a-b63c-8f204ea1af76,eeb59894-6655-4eee-9b0b-2379b7fe4bb5,0.16,39.66,2025-11-03 17:26:47.771,tamisage,{},MD-20251103-AGTCHESSI,,
9740091a-1693-4e58-9671-78ef5ce2195c,eeb59894-6655-4eee-9b0b-2379b7fe4bb5,0.125,34.75,2025-11-03 17:26:47.771,tamisage,{},MD-20251103-AGTCHESSI,,
651b5688-096e-4566-953c-4fb593370005,eeb59894-6655-4eee-9b0b-2379b7fe4bb5,0.1,32.37,2025-11-03 17:26:47.771,tamisage,{},MD-20251103-AGTCHESSI,,
05e39905-6ce9-47ed-9cc2-28f866be95d1,eeb59894-6655-4eee-9b0b-2379b7fe4bb5,0.08,31.16,2025-11-03 17:26:47.771,tamisage,{},MD-20251103-AGTCHESSI,,
168cd6c2-6736-4e2f-99a4-eca5714c7a19,eeb59894-6655-4eee-9b0b-2379b7fe4bb5,0.0645,25.95,2025-11-03 17:26:47.771,sedimentometrie,{},MD-20251103-AGTCHESSI,,
81023e2c-d534-4052-a665-8ed0fbf276d7,eeb59894-6655-4eee-9b0b-2379b7fe4bb5,0.051,21.52,2025-11-03 17:26:47.771,sedimentometrie,{},MD-20251103-AGTCHESSI,,
687bda29-b0fe-4f21-b7cc-f2244bd9e6f7,eeb59894-6655-4eee-9b0b-2379b7fe4bb5,0.0373,17.55,2025-11-03 17:26:47.771,sedimentometrie,{},MD-20251103-AGTCHESSI,,
bd755b8a-bc87-4e2a-a762-34be01305d76,eeb59894-6655-4eee-9b0b-2379b7fe4bb5,0.0238,13.26,2025-11-03 17:26:47.771,sedimentometrie,{},MD-20251103-AGTCHESSI,,
5dda2356-6cb5-4d99-a0de-16c352c560dc,eeb59894-6655-4eee-9b0b-2379b7fe4bb5,0.0139,11.94,2025-11-03 17:26:47.771,sedimentometrie,{},MD-20251103-AGTCHESSI,,
bcf6e3f2-3090-4af4-b95c-5cbcd601ee2b,eeb59894-6655-4eee-9b0b-2379b7fe4bb5,0.0081,10.94,2025-11-03 17:26:47.771,sedimentometrie,{},MD-20251103-AGTCHESSI,,
06bb36af-355b-4d08-a414-a652359c358e,eeb59894-6655-4eee-9b0b-2379b7fe4bb5,0.005,10.28,2025-11-03 17:26:47.771,sedimentometrie,{},MD-20251103-AGTCHESSI,,
d962eb50-6e0c-4019-8df3-a6881454e125,eeb59894-6655-4eee-9b0b-2379b7fe4bb5,0.0035,9.62,2025-11-03 17:26:47.771,sedimentometrie,{},MD-20251103-AGTCHESSI,,
746e5171-70b3-40f3-83a7-0cc5871cd3e8,eeb59894-6655-4eee-9b0b-2379b7fe4bb5,0.0029,8.96,2025-11-03 17:26:47.771,sedimentometrie,{},MD-20251103-AGTCHESSI,,
bca59132-a058-4d41-97d1-fd6b66283a48,eeb59894-6655-4eee-9b0b-2379b7fe4bb5,0.0025,8.63,2025-11-03 17:26:47.771,sedimentometrie,{},MD-20251103-AGTCHESSI,,
d011d6d3-4372-4162-92ce-ba7b8af6573d,eeb59894-6655-4eee-9b0b-2379b7fe4bb5,0.0021,7.64,2025-11-03 17:26:47.771,sedimentometrie,{},MD-20251103-AGTCHESSI,,
d69d1d4f-8508-40f6-b61b-ffd015666663,eeb59894-6655-4eee-9b0b-2379b7fe4bb5,0.0014,6.98,2025-11-03 17:26:47.771,sedimentometrie,{},MD-20251103-AGTCHESSI,,
f754df51-f705-47f9-983e-d3811ca33552,23aa5ba7-f918-48a8-a1f7-2856865cd3b8,25,100,2025-11-03 17:26:47.771,tamisage,{},MD-20251103-AGTCHESSI,,
3c50f914-ff86-4ce9-9334-348fc8092b79,23aa5ba7-f918-48a8-a1f7-2856865cd3b8,20,93.26,2025-11-03 17:26:47.771,tamisage,{},MD-20251103-AGTCHESSI,,
4f5db586-216b-44ab-b894-997cc4228380,23aa5ba7-f918-48a8-a1f7-2856865cd3b8,16,92.17,2025-11-03 17:26:47.771,tamisage,{},MD-20251103-AGTCHESSI,,
44d49880-84f5-4de4-821e-00886b8bbc1a,23aa5ba7-f918-48a8-a1f7-2856865cd3b8,12.5,91.79,2025-11-03 17:26:47.771,tamisage,{},MD-20251103-AGTCHESSI,,
512548df-52fa-4ee5-85fd-1e015128cdcd,23aa5ba7-f918-48a8-a1f7-2856865cd3b8,10,90.95,2025-11-03 17:26:47.771,tamisage,{},MD-20251103-AGTCHESSI,,
3b0112f4-f2c5-4cd1-a27d-af98352b2204,23aa5ba7-f918-48a8-a1f7-2856865cd3b8,8,90.45,2025-11-03 17:26:47.771,tamisage,{},MD-20251103-AGTCHESSI,,
389c48d0-86ff-45b9-8045-5d640241f7ae,23aa5ba7-f918-48a8-a1f7-2856865cd3b8,6.3,89.68,2025-11-03 17:26:47.771,tamisage,{},MD-20251103-AGTCHESSI,,
7310fd7e-e138-4a19-9f4a-e2e43cd0147c,23aa5ba7-f918-48a8-a1f7-2856865cd3b8,5,89.15,2025-11-03 17:26:47.771,tamisage,{},MD-20251103-AGTCHESSI,,
10808a32-2225-483d-bec2-097577c48dff,23aa5ba7-f918-48a8-a1f7-2856865cd3b8,4,88.48,2025-11-03 17:26:47.771,tamisage,{},MD-20251103-AGTCHESSI,,
d68a2337-e9dd-4f24-9e53-bcd3f6651d1c,23aa5ba7-f918-48a8-a1f7-2856865cd3b8,3.15,87.32,2025-11-03 17:26:47.771,tamisage,{},MD-20251103-AGTCHESSI,,
be52670d-decd-46ae-b4f1-dfde2123e93a,23aa5ba7-f918-48a8-a1f7-2856865cd3b8,2.5,86.47,2025-11-03 17:26:47.771,tamisage,{},MD-20251103-AGTCHESSI,,
b17bfcd1-bee6-4939-8fd8-8116d62c7d6e,23aa5ba7-f918-48a8-a1f7-2856865cd3b8,2,85.81,2025-11-03 17:26:47.771,tamisage,{},MD-20251103-AGTCHESSI,,
5073730c-3f26-470a-b8ec-f36bc1eb3155,23aa5ba7-f918-48a8-a1f7-2856865cd3b8,1.6,85.25,2025-11-03 17:26:47.771,tamisage,{},MD-20251103-AGTCHESSI,,
0fd14c2c-800b-45af-8314-81ba23400a67,23aa5ba7-f918-48a8-a1f7-2856865cd3b8,1.25,84.78,2025-11-03 17:26:47.771,tamisage,{},MD-20251103-AGTCHESSI,,
4a0f7649-5e83-4b05-a591-507ae8906956,23aa5ba7-f918-48a8-a1f7-2856865cd3b8,1,84.46,2025-11-03 17:26:47.771,tamisage,{},MD-20251103-AGTCHESSI,,
af0f8de0-5cc1-456d-94f4-bdae4cbbb71b,23aa5ba7-f918-48a8-a1f7-2856865cd3b8,0.8,84.13,2025-11-03 17:26:47.771,tamisage,{},MD-20251103-AGTCHESSI,,
06b01a67-e878-4a21-8356-59b3d56fc8c1,23aa5ba7-f918-48a8-a1f7-2856865cd3b8,0.63,83.8,2025-11-03 17:26:47.771,tamisage,{},MD-20251103-AGTCHESSI,,
8b9a8da4-23d7-481e-b36e-544fdcc14517,23aa5ba7-f918-48a8-a1f7-2856865cd3b8,0.5,83.24,2025-11-03 17:26:47.771,tamisage,{},MD-20251103-AGTCHESSI,,
38a90d52-a9c4-4e54-b11d-77c885bdb0fb,23aa5ba7-f918-48a8-a1f7-2856865cd3b8,0.4,82.55,2025-11-03 17:26:47.771,tamisage,{},MD-20251103-AGTCHESSI,,
aa23bbc2-402e-4edd-b642-aac00f055376,23aa5ba7-f918-48a8-a1f7-2856865cd3b8,0.315,81.41,2025-11-03 17:26:47.771,tamisage,{},MD-20251103-AGTCHESSI,,
de7645d1-60a4-41b6-9d02-f38062ce3412,23aa5ba7-f918-48a8-a1f7-2856865cd3b8,0.25,79.76,2025-11-03 17:26:47.771,tamisage,{},MD-20251103-AGTCHESSI,,
d06e16fb-259d-4908-aa60-8d3283f1f819,23aa5ba7-f918-48a8-a1f7-2856865cd3b8,0.2,76.58,2025-11-03 17:26:47.771,tamisage,{},MD-20251103-AGTCHESSI,,
f25c9f0d-ad81-4e78-a581-a1b86854c50a,23aa5ba7-f918-48a8-a1f7-2856865cd3b8,0.16,72.9,2025-11-03 17:26:47.771,tamisage,{},MD-20251103-AGTCHESSI,,
d9714702-d7fe-48c0-a389-e3ab6c3ccce7,23aa5ba7-f918-48a8-a1f7-2856865cd3b8,0.125,66.89,2025-11-03 17:26:47.771,tamisage,{},MD-20251103-AGTCHESSI,,
a2b9c9cc-0480-4932-8d8f-d0dc3cbaa467,23aa5ba7-f918-48a8-a1f7-2856865cd3b8,0.1,63.93,2025-11-03 17:26:47.771,tamisage,{},MD-20251103-AGTCHESSI,,
afc78612-74e5-4371-8f1e-1533b185cd16,23aa5ba7-f918-48a8-a1f7-2856865cd3b8,0.08,62.34,2025-11-03 17:26:47.771,tamisage,{},MD-20251103-AGTCHESSI,,
eb431ead-ef6f-4883-af66-0ff55a178cf1,23aa5ba7-f918-48a8-a1f7-2856865cd3b8,0.0645,55.12,2025-11-03 17:26:47.771,sedimentometrie,{},MD-20251103-AGTCHESSI,,
353ff610-ed31-4cab-8871-74c52bca078d,23aa5ba7-f918-48a8-a1f7-2856865cd3b8,0.051,32.97,2025-11-03 17:26:47.771,sedimentometrie,{},MD-20251103-AGTCHESSI,,
74ff01bc-ea35-4285-8429-92acabf1dfec,23aa5ba7-f918-48a8-a1f7-2856865cd3b8,0.0373,25.1,2025-11-03 17:26:47.771,sedimentometrie,{},MD-20251103-AGTCHESSI,,
8d4572f8-2941-48c5-83e7-bda5dc6148af,23aa5ba7-f918-48a8-a1f7-2856865cd3b8,0.0238,23.67,2025-11-03 17:26:47.771,sedimentometrie,{},MD-20251103-AGTCHESSI,,
c71665ea-bfe8-43e0-9e27-2b5ebb707d48,23aa5ba7-f918-48a8-a1f7-2856865cd3b8,0.0139,20.1,2025-11-03 17:26:47.771,sedimentometrie,{},MD-20251103-AGTCHESSI,,
3bb83428-6a91-4697-8fff-682616e3cf59,23aa5ba7-f918-48a8-a1f7-2856865cd3b8,0.0081,17.96,2025-11-03 17:26:47.771,sedimentometrie,{},MD-20251103-AGTCHESSI,,
a9614b72-38d7-4e9f-a076-aac86456ff25,23aa5ba7-f918-48a8-a1f7-2856865cd3b8,0.005,15.81,2025-11-03 17:26:47.771,sedimentometrie,{},MD-20251103-AGTCHESSI,,
c938e4ef-5743-40c3-9615-97437dc5d62c,23aa5ba7-f918-48a8-a1f7-2856865cd3b8,0.0035,15.53,2025-11-03 17:26:47.771,sedimentometrie,{},MD-20251103-AGTCHESSI,,
bd7f5e3e-feb5-4b99-b47b-91b291bed2fc,23aa5ba7-f918-48a8-a1f7-2856865cd3b8,0.0029,15.1,2025-11-03 17:26:47.771,sedimentometrie,{},MD-20251103-AGTCHESSI,,
630c3101-e6cb-4546-a32e-63c1f6aa95c7,23aa5ba7-f918-48a8-a1f7-2856865cd3b8,0.0025,14.38,2025-11-03 17:26:47.771,sedimentometrie,{},MD-20251103-AGTCHESSI,,
e9734c36-7d8b-4496-8a81-771a0c0d5f6f,23aa5ba7-f918-48a8-a1f7-2856865cd3b8,0.0021,13.67,2025-11-03 17:26:47.771,sedimentometrie,{},MD-20251103-AGTCHESSI,,
cbc2badf-e00a-4b19-829d-130d4d0c75d1,23aa5ba7-f918-48a8-a1f7-2856865cd3b8,0.0014,12.24,2025-11-03 17:26:47.771,sedimentometrie,{},MD-20251103-AGTCHESSI,,
46489a28-70f3-48a1-9c2a-99dd9f1bbf53,c2f0f07b-8ba6-4008-95d8-d726e52785f1,31.5,100,2025-11-03 17:34:01.223,tamisage,{},MD-20251103-AKONDOR,,
1d0c9121-194c-4407-baa7-3ee199950b32,c2f0f07b-8ba6-4008-95d8-d726e52785f1,20,0,2025-11-03 17:34:01.223,tamisage,{},MD-20251103-AKONDOR,,
19151d4c-9c6f-4c6e-86ae-c52193b5e817,c2f0f07b-8ba6-4008-95d8-d726e52785f1,10,100,2025-11-03 17:34:01.223,tamisage,{},MD-20251103-AKONDOR,,
215f9a98-86ec-4783-be16-cd321642c001,c2f0f07b-8ba6-4008-95d8-d726e52785f1,5,96.74,2025-11-03 17:34:01.223,tamisage,{},MD-20251103-AKONDOR,,
dafe7530-1986-40e6-8764-4da509b5f82f,c2f0f07b-8ba6-4008-95d8-d726e52785f1,2.5,88.61,2025-11-03 17:34:01.223,tamisage,{},MD-20251103-AKONDOR,,
2f306b48-a8cb-4fad-975b-3d87261ed933,c2f0f07b-8ba6-4008-95d8-d726e52785f1,1.25,81.78,2025-11-03 17:34:01.223,tamisage,{},MD-20251103-AKONDOR,,
f80831ac-dd01-4f1d-b7c9-d242a846970f,c2f0f07b-8ba6-4008-95d8-d726e52785f1,0.63,78.81,2025-11-03 17:34:01.223,tamisage,{},MD-20251103-AKONDOR,,
7e296f6f-2ac1-45f5-a90e-9f952826af0b,c2f0f07b-8ba6-4008-95d8-d726e52785f1,0.315,75.9,2025-11-03 17:34:01.223,tamisage,{},MD-20251103-AKONDOR,,
5e71505c-4b88-4b81-85ae-b722b02574ad,c2f0f07b-8ba6-4008-95d8-d726e52785f1,0.16,71.54,2025-11-03 17:34:01.223,tamisage,{},MD-20251103-AKONDOR,,
aead2b5c-97cb-4b9f-a45f-420108e33a71,25cf9134-0a30-48a7-a56d-2fa2eaa6d5d9,0.08,50.94,2025-11-04 10:25:42.991,tamisage,{},MD-20251103-GRANULO,,
b5d9d698-3542-4772-afbc-705c4bc89ab0,c2f0f07b-8ba6-4008-95d8-d726e52785f1,0.076,59.97,2025-11-03 17:34:01.223,sedimentometrie,{},MD-20251103-AKONDOR,,
380f4976-f238-48a6-8198-8d4ffc6e7e2d,c2f0f07b-8ba6-4008-95d8-d726e52785f1,0.0543,44.16,2025-11-03 17:34:01.223,sedimentometrie,{},MD-20251103-AKONDOR,,
a5a6ce49-4005-46b8-871b-b36cc4db27b0,c2f0f07b-8ba6-4008-95d8-d726e52785f1,0.0385,41.9,2025-11-03 17:34:01.223,sedimentometrie,{},MD-20251103-AKONDOR,,
b6ac8155-a020-4789-b816-a2d40e8ec2f4,c2f0f07b-8ba6-4008-95d8-d726e52785f1,0.0145,32.87,2025-11-03 17:34:01.223,sedimentometrie,{},MD-20251103-AKONDOR,,
c204ccf1-2992-4ce7-ab4d-f5ae868600c3,c2f0f07b-8ba6-4008-95d8-d726e52785f1,0.0084,24.74,2025-11-03 17:34:01.223,sedimentometrie,{},MD-20251103-AKONDOR,,
3f69d7d6-fe28-4b69-b8ff-7b37818f30ca,c2f0f07b-8ba6-4008-95d8-d726e52785f1,0.0052,19.32,2025-11-03 17:34:01.223,sedimentometrie,{},MD-20251103-AKONDOR,,
e6268201-cfb7-4baa-b880-f93f3eebdebd,c2f0f07b-8ba6-4008-95d8-d726e52785f1,0.0046,14.95,2025-11-03 17:34:01.223,sedimentometrie,{},MD-20251103-AKONDOR,,
72420078-0044-481d-91f4-0a94744b6ee6,c2f0f07b-8ba6-4008-95d8-d726e52785f1,0.0016,5.89,2025-11-03 17:34:01.223,sedimentometrie,{},MD-20251103-AKONDOR,,
97cba6ba-b2cc-4385-89c1-cce98170ed79,f0973bd4-00cc-45b8-a236-af34c060b894,31.5,100,2025-11-03 17:34:01.223,tamisage,{},MD-20251103-AKONDOR,,
b4f394ed-6263-476c-873f-af3092c820aa,f0973bd4-00cc-45b8-a236-af34c060b894,20,90.55,2025-11-03 17:34:01.223,tamisage,{},MD-20251103-AKONDOR,,
8b3c3fe4-1f06-490e-9f91-55e222705146,f0973bd4-00cc-45b8-a236-af34c060b894,10,73.35,2025-11-03 17:34:01.223,tamisage,{},MD-20251103-AKONDOR,,
14b20dd9-5750-4ff3-9e32-147a9665b1b3,f0973bd4-00cc-45b8-a236-af34c060b894,5,69.66,2025-11-03 17:34:01.223,tamisage,{},MD-20251103-AKONDOR,,
a34e039a-7f43-43fd-b328-d6026531c2cb,f0973bd4-00cc-45b8-a236-af34c060b894,2.5,65.15,2025-11-03 17:34:01.223,tamisage,{},MD-20251103-AKONDOR,,
7fbccf48-3835-40ab-8295-195ea8e73b3b,f0973bd4-00cc-45b8-a236-af34c060b894,1.25,60.09,2025-11-03 17:34:01.223,tamisage,{},MD-20251103-AKONDOR,,
259ab76e-16a5-4a72-b212-7a25b5d4811b,f0973bd4-00cc-45b8-a236-af34c060b894,0.63,57.09,2025-11-03 17:34:01.223,tamisage,{},MD-20251103-AKONDOR,,
3c2e3a5c-dc16-4609-ab28-dfcc764b99fa,f0973bd4-00cc-45b8-a236-af34c060b894,0.315,54.02,2025-11-03 17:34:01.223,tamisage,{},MD-20251103-AKONDOR,,
1f43224e-3490-4f20-af4e-9d01d17db2e7,f0973bd4-00cc-45b8-a236-af34c060b894,0.16,46.97,2025-11-03 17:34:01.223,tamisage,{},MD-20251103-AKONDOR,,
e7311cb9-9902-4275-9306-5b44efa89d85,f0973bd4-00cc-45b8-a236-af34c060b894,0.076,38.43,2025-11-03 17:34:01.223,sedimentometrie,{},MD-20251103-AKONDOR,,
33dc81a7-1d56-4453-8208-fe29cb897698,f0973bd4-00cc-45b8-a236-af34c060b894,0.0543,32.16,2025-11-03 17:34:01.223,sedimentometrie,{},MD-20251103-AKONDOR,,
e591b59a-9877-445a-96e6-f8ab6cf0c081,f0973bd4-00cc-45b8-a236-af34c060b894,0.0385,30.6,2025-11-03 17:34:01.223,sedimentometrie,{},MD-20251103-AKONDOR,,
eefd70d8-cdf4-49fc-b20f-e394cd4ee96f,f0973bd4-00cc-45b8-a236-af34c060b894,0.0145,22.76,2025-11-03 17:34:01.223,sedimentometrie,{},MD-20251103-AKONDOR,,
41dd02e8-4b85-4496-b3eb-c28690d6c418,f0973bd4-00cc-45b8-a236-af34c060b894,0.0084,16.81,2025-11-03 17:34:01.223,sedimentometrie,{},MD-20251103-AKONDOR,,
dbeb964e-8d17-43e4-8aa4-0ddf0795d40a,f0973bd4-00cc-45b8-a236-af34c060b894,0.0052,13.37,2025-11-03 17:34:01.223,sedimentometrie,{},MD-20251103-AKONDOR,,
e85d12b5-2fc1-4c84-b20e-6448e4f26125,f0973bd4-00cc-45b8-a236-af34c060b894,0.0046,10.43,2025-11-03 17:34:01.223,sedimentometrie,{},MD-20251103-AKONDOR,,
f1734f69-2bcc-4d5b-804d-79709c64d18d,f0973bd4-00cc-45b8-a236-af34c060b894,0.0016,4.15,2025-11-03 17:34:01.223,sedimentometrie,{},MD-20251103-AKONDOR,,
e497d39d-ce74-47ca-80d4-6534fbe9c7f9,5af45af6-abce-4b28-a978-9c7a5590cdb4,31.5,100,2025-11-03 17:34:01.223,tamisage,,MD-20251103-AKONDOR,,
ccb9428a-9eb6-4d27-92c5-cfad9dee43f4,5af45af6-abce-4b28-a978-9c7a5590cdb4,20,100,2025-11-03 17:34:01.223,tamisage,,MD-20251103-AKONDOR,,
6be4e544-10de-4550-a8f9-9815ce45ef5f,5af45af6-abce-4b28-a978-9c7a5590cdb4,10,100,2025-11-03 17:34:01.223,tamisage,,MD-20251103-AKONDOR,,
13d8eb02-898f-46d6-bfe6-987f5e6c5b04,5af45af6-abce-4b28-a978-9c7a5590cdb4,5,91.59,2025-11-03 17:34:01.223,tamisage,,MD-20251103-AKONDOR,,
378720a0-aec7-4114-b06f-67a0028dd9ec,5af45af6-abce-4b28-a978-9c7a5590cdb4,2.5,82.98,2025-11-03 17:34:01.223,tamisage,,MD-20251103-AKONDOR,,
6d9cb47c-5a1e-4174-a862-22b402cb9cda,5af45af6-abce-4b28-a978-9c7a5590cdb4,1.25,66.45,2025-11-03 17:34:01.223,tamisage,,MD-20251103-AKONDOR,,
d2737dad-50a7-4557-820e-cf4a82112e2c,5af45af6-abce-4b28-a978-9c7a5590cdb4,0.63,53.07,2025-11-03 17:34:01.223,tamisage,,MD-20251103-AKONDOR,,
60ce8344-2d63-44ef-b714-380dbe3ab73b,5af45af6-abce-4b28-a978-9c7a5590cdb4,0.315,43.1,2025-11-03 17:34:01.223,tamisage,,MD-20251103-AKONDOR,,
d7872acd-4a7b-4902-9a14-6001553055f2,5af45af6-abce-4b28-a978-9c7a5590cdb4,0.16,34.05,2025-11-03 17:34:01.223,tamisage,,MD-20251103-AKONDOR,,
c8fd7ee7-e1d9-4cb0-81f6-6a491db30177,5af45af6-abce-4b28-a978-9c7a5590cdb4,0.076,26.14,2025-11-03 17:34:01.223,sedimentometrie,{},MD-20251103-AKONDOR,,
9d27ced9-086d-4c98-8c67-64639a7b1f17,5af45af6-abce-4b28-a978-9c7a5590cdb4,0.0543,24.87,2025-11-03 17:34:01.223,sedimentometrie,{},MD-20251103-AKONDOR,,
696462a2-50e5-41df-9286-d2e70236fc0a,5af45af6-abce-4b28-a978-9c7a5590cdb4,0.0385,23.6,2025-11-03 17:34:01.223,sedimentometrie,{},MD-20251103-AKONDOR,,
d60330b4-cf75-4d59-afe3-07118c0a9d37,5af45af6-abce-4b28-a978-9c7a5590cdb4,0.0145,18.45,2025-11-03 17:34:01.223,sedimentometrie,{},MD-20251103-AKONDOR,,
fe704c59-9290-414d-95b9-a5f119dc3e64,5af45af6-abce-4b28-a978-9c7a5590cdb4,0.0084,13.89,2025-11-03 17:34:01.223,sedimentometrie,{},MD-20251103-AKONDOR,,
8a9de41f-0ba4-4af1-9165-98c8e4baa0bf,5af45af6-abce-4b28-a978-9c7a5590cdb4,0.0052,10.85,2025-11-03 17:34:01.223,sedimentometrie,{},MD-20251103-AKONDOR,,
4f51df8e-fe7e-43f3-a8d2-322319ad8089,5af45af6-abce-4b28-a978-9c7a5590cdb4,0.0046,8.23,2025-11-03 17:34:01.223,sedimentometrie,{},MD-20251103-AKONDOR,,
267d09de-2827-4d8d-bcd5-33d95c652a3c,5af45af6-abce-4b28-a978-9c7a5590cdb4,0.0016,3.28,2025-11-03 17:34:01.223,sedimentometrie,{},MD-20251103-AKONDOR,,
f6e58ce3-467f-4644-bfa0-0417ad9a2102,b7d25783-10e7-4e9f-a1c9-57b12c2f65cc,31.15,100,2025-11-03 17:34:01.223,tamisage,{},MD-20251103-AKONDOR,,
4c98f31c-3608-4127-b2e7-9aba8dcac40b,b7d25783-10e7-4e9f-a1c9-57b12c2f65cc,20,97.66,2025-11-03 17:34:01.223,tamisage,{},MD-20251103-AKONDOR,,
a2b5a9b3-f1c2-4584-b970-70a0e30d5b92,b7d25783-10e7-4e9f-a1c9-57b12c2f65cc,10,95.45,2025-11-03 17:34:01.223,tamisage,{},MD-20251103-AKONDOR,,
e77209ae-1485-4aef-a4e4-e21c490f3363,b7d25783-10e7-4e9f-a1c9-57b12c2f65cc,5,87.44,2025-11-03 17:34:01.223,tamisage,{},MD-20251103-AKONDOR,,
9eb042f3-298d-4c79-978b-4a20c73c8ca7,b7d25783-10e7-4e9f-a1c9-57b12c2f65cc,2.5,73.21,2025-11-03 17:34:01.223,tamisage,{},MD-20251103-AKONDOR,,
cecb0a57-5dcc-4a63-9559-f832c829789e,b7d25783-10e7-4e9f-a1c9-57b12c2f65cc,1.25,60.17,2025-11-03 17:34:01.223,tamisage,{},MD-20251103-AKONDOR,,
bcaafd34-8984-4df4-af98-946160b231b0,b7d25783-10e7-4e9f-a1c9-57b12c2f65cc,0.63,54.62,2025-11-03 17:34:01.223,tamisage,{},MD-20251103-AKONDOR,,
7bc8aa21-e05d-4dba-b9c4-1fbdc8603ab0,b7d25783-10e7-4e9f-a1c9-57b12c2f65cc,0.315,47.81,2025-11-03 17:34:01.223,tamisage,{},MD-20251103-AKONDOR,,
eb38604b-bad5-4fd4-91db-0efd83bcb133,b7d25783-10e7-4e9f-a1c9-57b12c2f65cc,0.16,40.45,2025-11-03 17:34:01.223,tamisage,{},MD-20251103-AKONDOR,,
7f3c0037-d78e-46e2-bd02-fd4f5aa915c3,ab358a48-5bf1-4183-903f-0c11abd7d5e7,0.08,52.3,2025-11-04 10:25:42.991,tamisage,{},MD-20251103-GRANULO,,
260e2e65-b5e8-4569-bb2e-ad762b2281db,b7d25783-10e7-4e9f-a1c9-57b12c2f65cc,0.078,29.38,2025-11-03 17:34:01.223,sedimentometrie,{},MD-20251103-AKONDOR,,
4411ea31-c669-4abd-b957-1b81c8104758,b7d25783-10e7-4e9f-a1c9-57b12c2f65cc,0.0563,24.63,2025-11-03 17:34:01.223,sedimentometrie,{},MD-20251103-AKONDOR,,
0b71be0f-f8ee-472e-b807-d25023596b79,b7d25783-10e7-4e9f-a1c9-57b12c2f65cc,0.0403,17.98,2025-11-03 17:34:01.223,sedimentometrie,{},MD-20251103-AKONDOR,,
c3e127f3-05c8-40cb-8bb6-c49816b0b642,f0973bd4-00cc-45b8-a236-af34c060b894,0.08,44.92,2025-11-03 17:34:01.223,tamisage,{},MD-20251103-AKONDOR,,
2ecf47f1-d6c9-4455-b89c-3d6cdd6d6a2f,5af45af6-abce-4b28-a978-9c7a5590cdb4,0.08,32.25,2025-11-03 17:34:01.223,tamisage,"{'anomaly': 'MD source: 32025, corrigé en 32.025'}",MD-20251103-AKONDOR,,
927be716-7700-42f7-ac9e-3abdcb0dfdbb,b7d25783-10e7-4e9f-a1c9-57b12c2f65cc,0.0255,17.35,2025-11-03 17:34:01.223,sedimentometrie,{},MD-20251103-AKONDOR,,
1d24aa76-5b53-44b1-b7bd-fbea1039e9d0,b7d25783-10e7-4e9f-a1c9-57b12c2f65cc,0.015,14.18,2025-11-03 17:34:01.223,sedimentometrie,{},MD-20251103-AKONDOR,,
f4d60cb6-61d0-42b7-84d5-761a08d7ae97,b7d25783-10e7-4e9f-a1c9-57b12c2f65cc,0.0086,10.38,2025-11-03 17:34:01.223,sedimentometrie,{},MD-20251103-AKONDOR,,
3d72c0b2-5a80-46ed-be9a-d9c7c3ac73ee,b7d25783-10e7-4e9f-a1c9-57b12c2f65cc,0.0053,7.21,2025-11-03 17:34:01.223,sedimentometrie,{},MD-20251103-AKONDOR,,
4dd80e7f-20c2-4eca-bcd1-0739d329f36c,b7d25783-10e7-4e9f-a1c9-57b12c2f65cc,0.0049,4.15,2025-11-03 17:34:01.223,sedimentometrie,{},MD-20251103-AKONDOR,,
2a2ca48d-d2fa-4098-9428-94ffed88aaf6,b7d25783-10e7-4e9f-a1c9-57b12c2f65cc,0.0016,4.08,2025-11-03 17:34:01.223,sedimentometrie,{},MD-20251103-AKONDOR,,
c1e972ac-d091-4d69-b160-f6625df4adb4,b7d25783-10e7-4e9f-a1c9-57b12c2f65cc,0.001,1.01,2025-11-03 17:34:01.223,sedimentometrie,{},MD-20251103-AKONDOR,,
5e999335-cb83-411a-a80f-c1008bd9b95b,97b44f87-0582-412e-9874-b0d5601de1a8,31.15,100,2025-11-03 17:34:01.223,tamisage,{},MD-20251103-AKONDOR,,
d08b39ce-01f2-4b02-9085-ce95930a9a42,97b44f87-0582-412e-9874-b0d5601de1a8,20,100,2025-11-03 17:34:01.223,tamisage,{},MD-20251103-AKONDOR,,
0ee8c880-51de-4f3a-90dc-a83d15a4b24b,97b44f87-0582-412e-9874-b0d5601de1a8,10,100,2025-11-03 17:34:01.223,tamisage,{},MD-20251103-AKONDOR,,
2f7c096d-efe9-48ca-b8d1-a40d22b0949b,97b44f87-0582-412e-9874-b0d5601de1a8,5,99.19,2025-11-03 17:34:01.223,tamisage,{},MD-20251103-AKONDOR,,
852ee0a2-996f-44bb-a573-1f460e7de016,97b44f87-0582-412e-9874-b0d5601de1a8,2.5,95.94,2025-11-03 17:34:01.223,tamisage,{},MD-20251103-AKONDOR,,
c9a2b249-e2a2-4d0e-82c9-8f22f34432bf,97b44f87-0582-412e-9874-b0d5601de1a8,1.25,91.5,2025-11-03 17:34:01.223,tamisage,{},MD-20251103-AKONDOR,,
825d15db-c0dc-4853-892a-99b149f6dd6d,97b44f87-0582-412e-9874-b0d5601de1a8,0.63,86.49,2025-11-03 17:34:01.223,tamisage,{},MD-20251103-AKONDOR,,
8a6f82f0-2e31-4ec5-a51f-dd1ac8120465,97b44f87-0582-412e-9874-b0d5601de1a8,0.315,77.87,2025-11-03 17:34:01.223,tamisage,{},MD-20251103-AKONDOR,,
2db70eab-b6fc-4019-aeae-0f7e6aa9f6d1,97b44f87-0582-412e-9874-b0d5601de1a8,0.16,66.76,2025-11-03 17:34:01.223,tamisage,{},MD-20251103-AKONDOR,,
3bb073af-52d3-4bff-9a77-9cf7c62232f2,746c3440-c901-4329-9bbb-c062f3d724cb,0.08,57.81,2025-11-04 10:25:42.991,tamisage,{},MD-20251103-GRANULO,,
74e3ad80-9c9a-46f2-b0e7-ce29f628e4df,97b44f87-0582-412e-9874-b0d5601de1a8,0.078,48.68,2025-11-03 17:34:01.223,sedimentometrie,{},MD-20251103-AKONDOR,,
e6e10fbc-07c7-4629-81cd-3a0253728c6a,97b44f87-0582-412e-9874-b0d5601de1a8,0.0563,44,2025-11-03 17:34:01.223,sedimentometrie,{},MD-20251103-AKONDOR,,
64e33f5c-3709-45ec-b2d6-1803b7af968e,97b44f87-0582-412e-9874-b0d5601de1a8,0.0403,38.38,2025-11-03 17:34:01.223,sedimentometrie,{},MD-20251103-AKONDOR,,
759c5f15-9aff-46d6-a2c6-37c5e327c263,97b44f87-0582-412e-9874-b0d5601de1a8,0.0255,27.14,2025-11-03 17:34:01.223,sedimentometrie,{},MD-20251103-AKONDOR,,
fbd9c93c-69a6-4b08-a82a-e141bb9c76a3,97b44f87-0582-412e-9874-b0d5601de1a8,0.015,26.21,2025-11-03 17:34:01.223,sedimentometrie,{},MD-20251103-AKONDOR,,
bbe69925-60ee-4782-9f30-1d678ba12c11,97b44f87-0582-412e-9874-b0d5601de1a8,0.0086,25.27,2025-11-03 17:34:01.223,sedimentometrie,{},MD-20251103-AKONDOR,,
d4e5f866-fc27-435a-a4c6-c8a2eba4ae4a,97b44f87-0582-412e-9874-b0d5601de1a8,0.0053,20.05,2025-11-03 17:34:01.223,sedimentometrie,{},MD-20251103-AKONDOR,,
0d2989dd-b23e-4c53-bd84-89506da9452a,97b44f87-0582-412e-9874-b0d5601de1a8,0.0049,15.21,2025-11-03 17:34:01.223,sedimentometrie,{},MD-20251103-AKONDOR,,
41720be4-4d3c-4be8-87db-b94adeb66b75,97b44f87-0582-412e-9874-b0d5601de1a8,0.0016,14.99,2025-11-03 17:34:01.223,sedimentometrie,{},MD-20251103-AKONDOR,,
1181096f-5506-41e8-bad5-7b70f4e0019f,97b44f87-0582-412e-9874-b0d5601de1a8,0.001,10.77,2025-11-03 17:34:01.223,sedimentometrie,{},MD-20251103-AKONDOR,,
ab9498fd-95ef-4b17-83ac-5d47e5f0a025,2824ddf6-b1d4-4948-bce1-9c09535b3872,31.15,100,2025-11-03 17:34:01.223,tamisage,{},MD-20251103-AKONDOR,,
846315e7-0cef-48bc-8bfa-2130c0fc1baa,2824ddf6-b1d4-4948-bce1-9c09535b3872,20,100,2025-11-03 17:34:01.223,tamisage,{},MD-20251103-AKONDOR,,
8ef0617c-c8ea-41ce-82c5-a71c3e5b02b2,2824ddf6-b1d4-4948-bce1-9c09535b3872,10,100,2025-11-03 17:34:01.223,tamisage,{},MD-20251103-AKONDOR,,
105921e1-10ac-4cc2-8270-183b294f94b8,2824ddf6-b1d4-4948-bce1-9c09535b3872,5,98.6,2025-11-03 17:34:01.223,tamisage,{},MD-20251103-AKONDOR,,
d967a650-e56d-47d3-8538-587eb0a35bfd,2824ddf6-b1d4-4948-bce1-9c09535b3872,2.5,96.04,2025-11-03 17:34:01.223,tamisage,{},MD-20251103-AKONDOR,,
75324132-e9fe-43cd-9531-6c81124726bb,2824ddf6-b1d4-4948-bce1-9c09535b3872,1.25,92.72,2025-11-03 17:34:01.223,tamisage,{},MD-20251103-AKONDOR,,
3dabc978-4e85-40ca-ac06-4f9c20fdf635,2824ddf6-b1d4-4948-bce1-9c09535b3872,0.63,88.89,2025-11-03 17:34:01.223,tamisage,{},MD-20251103-AKONDOR,,
1007edfa-1bd1-4eb5-b73c-56e97d404871,2824ddf6-b1d4-4948-bce1-9c09535b3872,0.315,80.49,2025-11-03 17:34:01.223,tamisage,{},MD-20251103-AKONDOR,,
5dcb6257-f054-49fd-8ad3-49e49b624dc3,2824ddf6-b1d4-4948-bce1-9c09535b3872,0.16,68.15,2025-11-03 17:34:01.223,tamisage,{},MD-20251103-AKONDOR,,
dc162145-432a-4c7c-bb5a-baf81cbb0f41,8f2e1a0d-9b6c-4a72-b00d-f40d28cbaec5,0.08,58.98,2025-11-04 10:25:42.991,tamisage,{},MD-20251103-GRANULO,,
d4e3698e-3941-475f-8a91-2b1607a6e122,2824ddf6-b1d4-4948-bce1-9c09535b3872,0.078,48.9,2025-11-03 17:34:01.223,sedimentometrie,{},MD-20251103-AKONDOR,,
db21dc28-028a-48be-8fae-ad56c6f80e35,2824ddf6-b1d4-4948-bce1-9c09535b3872,0.0563,38.92,2025-11-03 17:34:01.223,sedimentometrie,{},MD-20251103-AKONDOR,,
3af542b6-5b3b-4afd-a3b4-ce906187f08f,2824ddf6-b1d4-4948-bce1-9c09535b3872,0.0403,32.27,2025-11-03 17:34:01.223,sedimentometrie,{},MD-20251103-AKONDOR,,
51ccba6e-cc0d-4696-9b9c-2e0470f5f057,2824ddf6-b1d4-4948-bce1-9c09535b3872,0.0255,30.37,2025-11-03 17:34:01.223,sedimentometrie,{},MD-20251103-AKONDOR,,
2bc68679-7ce3-4ae8-a949-d8e17fd37898,2824ddf6-b1d4-4948-bce1-9c09535b3872,0.015,28,2025-11-03 17:34:01.223,sedimentometrie,{},MD-20251103-AKONDOR,,
e905e6ca-ef1c-4625-b599-2c1b9f85158d,2824ddf6-b1d4-4948-bce1-9c09535b3872,0.0086,25.15,2025-11-03 17:34:01.223,sedimentometrie,{},MD-20251103-AKONDOR,,
3e02f7a1-9f56-4c76-bd08-45654b438fc8,2824ddf6-b1d4-4948-bce1-9c09535b3872,0.0053,20.82,2025-11-03 17:34:01.223,sedimentometrie,{},MD-20251103-AKONDOR,,
5c779439-fdd7-49b9-90a7-3a059b7781ab,2824ddf6-b1d4-4948-bce1-9c09535b3872,0.0049,15.43,2025-11-03 17:34:01.223,sedimentometrie,{},MD-20251103-AKONDOR,,
aeb960ed-d457-4550-8b2b-0e41b81ea7da,2824ddf6-b1d4-4948-bce1-9c09535b3872,0.0016,10.95,2025-11-03 17:34:01.223,sedimentometrie,{},MD-20251103-AKONDOR,,
9bf07795-ac2d-4dde-9bd8-cb2a2b366ee2,2824ddf6-b1d4-4948-bce1-9c09535b3872,0.001,6.2,2025-11-03 17:34:01.223,sedimentometrie,{},MD-20251103-AKONDOR,,
b1f68c2f-0625-493c-8863-201d1afd97e2,5bc20f01-c05c-4a72-aac0-c28bd28bb816,8,100,2025-11-03 17:38:42.274,tamisage,{},MD-20251103-ANYO,,
5b984833-864e-42a1-9b48-545e2f17d1f7,5bc20f01-c05c-4a72-aac0-c28bd28bb816,6.3,100,2025-11-03 17:38:42.274,tamisage,{},MD-20251103-ANYO,,
7e1df85f-4d66-4730-9050-b92991494539,5bc20f01-c05c-4a72-aac0-c28bd28bb816,5,99.98,2025-11-03 17:38:42.274,tamisage,{},MD-20251103-ANYO,,
0e061d24-a1db-42e0-b627-1242bdc65baf,5bc20f01-c05c-4a72-aac0-c28bd28bb816,4,99.98,2025-11-03 17:38:42.274,tamisage,{},MD-20251103-ANYO,,
201e4c83-8b71-436f-8fc9-fb4a60014f83,5bc20f01-c05c-4a72-aac0-c28bd28bb816,3.15,99.97,2025-11-03 17:38:42.274,tamisage,{},MD-20251103-ANYO,,
4e90b537-049f-4640-aeed-b2a9b2524806,5bc20f01-c05c-4a72-aac0-c28bd28bb816,2.5,99.87,2025-11-03 17:38:42.274,tamisage,{},MD-20251103-ANYO,,
0cf808b7-d771-4bc1-aa87-32fe1945f381,5bc20f01-c05c-4a72-aac0-c28bd28bb816,2,99.48,2025-11-03 17:38:42.274,tamisage,{},MD-20251103-ANYO,,
9ed52b77-964c-4c78-9587-62c254f528b3,5bc20f01-c05c-4a72-aac0-c28bd28bb816,1.6,98.63,2025-11-03 17:38:42.274,tamisage,{},MD-20251103-ANYO,,
5f541d62-a2d8-40ff-a968-7de0af9c2bae,5bc20f01-c05c-4a72-aac0-c28bd28bb816,1.25,97.07,2025-11-03 17:38:42.274,tamisage,{},MD-20251103-ANYO,,
56e82d56-a658-400c-97e1-9064cf9ed143,5bc20f01-c05c-4a72-aac0-c28bd28bb816,1,95.53,2025-11-03 17:38:42.274,tamisage,{},MD-20251103-ANYO,,
c8305bc4-8f69-4847-835d-912ffa328ec0,5bc20f01-c05c-4a72-aac0-c28bd28bb816,0.8,93.59,2025-11-03 17:38:42.274,tamisage,{},MD-20251103-ANYO,,
7f525183-97d2-4385-98a1-ab3767d083eb,5bc20f01-c05c-4a72-aac0-c28bd28bb816,0.63,91.49,2025-11-03 17:38:42.274,tamisage,{},MD-20251103-ANYO,,
161330f7-78f9-429b-8e85-ba46e3d39832,5bc20f01-c05c-4a72-aac0-c28bd28bb816,0.5,88.13,2025-11-03 17:38:42.274,tamisage,{},MD-20251103-ANYO,,
ef7f1c6d-87c9-4f2c-b6a7-79a14437ec6d,5bc20f01-c05c-4a72-aac0-c28bd28bb816,0.4,84.94,2025-11-03 17:38:42.274,tamisage,{},MD-20251103-ANYO,,
4eade4ec-5ecf-426a-9dc9-aabf4d104854,5bc20f01-c05c-4a72-aac0-c28bd28bb816,0.315,81.1,2025-11-03 17:38:42.274,tamisage,{},MD-20251103-ANYO,,
3179c1a2-da17-4237-b59b-d3cbc1fe90bc,5bc20f01-c05c-4a72-aac0-c28bd28bb816,0.25,77.35,2025-11-03 17:38:42.274,tamisage,{},MD-20251103-ANYO,,
6d8d419a-7fda-4ccf-81b4-7a9a3d6e4eba,5bc20f01-c05c-4a72-aac0-c28bd28bb816,0.2,72.97,2025-11-03 17:38:42.274,tamisage,{},MD-20251103-ANYO,,
151c1713-ca40-4a08-a3af-c153465b9861,5bc20f01-c05c-4a72-aac0-c28bd28bb816,0.16,69.42,2025-11-03 17:38:42.274,tamisage,{},MD-20251103-ANYO,,
93931f5f-b31e-4cef-8dcd-2514070daf92,5bc20f01-c05c-4a72-aac0-c28bd28bb816,0.125,65.76,2025-11-03 17:38:42.274,tamisage,{},MD-20251103-ANYO,,
054fe1b5-2dbe-47a9-aa12-209d83a7ca97,5bc20f01-c05c-4a72-aac0-c28bd28bb816,0.1,60.54,2025-11-03 17:38:42.274,tamisage,{},MD-20251103-ANYO,,
dac89efc-1813-4562-aaca-b4152d001f67,5bc20f01-c05c-4a72-aac0-c28bd28bb816,0.08,58.23,2025-11-03 17:38:42.274,tamisage,{},MD-20251103-ANYO,,
7dcda1c5-46f0-4241-9988-b412e15a7415,5bc20f01-c05c-4a72-aac0-c28bd28bb816,0.0728,56,2025-11-03 17:38:42.274,sedimentometrie,{},MD-20251103-ANYO,,
5d5febf9-e5df-4415-8130-fdf71df7ef2e,5bc20f01-c05c-4a72-aac0-c28bd28bb816,0.0515,46.05,2025-11-03 17:38:42.274,sedimentometrie,{},MD-20251103-ANYO,,
00a6d1b4-ff59-4bcb-9d05-ccbc31f96cdc,5bc20f01-c05c-4a72-aac0-c28bd28bb816,0.0372,41.67,2025-11-03 17:38:42.274,sedimentometrie,{},MD-20251103-ANYO,,
06eac8d2-feee-499c-ae09-b3c808f3ab4d,5bc20f01-c05c-4a72-aac0-c28bd28bb816,0.0239,38.75,2025-11-03 17:38:42.274,sedimentometrie,{},MD-20251103-ANYO,,
dee78d98-c557-4ace-9bfa-1746ce40775e,5bc20f01-c05c-4a72-aac0-c28bd28bb816,0.0141,33.65,2025-11-03 17:38:42.274,sedimentometrie,{},MD-20251103-ANYO,,
d0c569ce-89a8-4651-8482-bd2092802b9e,5bc20f01-c05c-4a72-aac0-c28bd28bb816,0.0083,28.53,2025-11-03 17:38:42.274,sedimentometrie,{},MD-20251103-ANYO,,
90b6218a-7ed1-42d6-97bb-8254f243258d,5bc20f01-c05c-4a72-aac0-c28bd28bb816,0.0052,25.61,2025-11-03 17:38:42.274,sedimentometrie,{},MD-20251103-ANYO,,
dacaaca4-b815-4b5e-8e21-d5a4256682dd,5bc20f01-c05c-4a72-aac0-c28bd28bb816,0.0037,22.97,2025-11-03 17:38:42.274,sedimentometrie,{},MD-20251103-ANYO,,
4d6a13c8-0f8c-4168-8ffa-46d191fbf840,5bc20f01-c05c-4a72-aac0-c28bd28bb816,0.003,22.68,2025-11-03 17:38:42.274,sedimentometrie,{},MD-20251103-ANYO,,
557ebd12-12fb-4226-ac1f-3c8dce7aed07,5bc20f01-c05c-4a72-aac0-c28bd28bb816,0.0026,21.96,2025-11-03 17:38:42.274,sedimentometrie,{},MD-20251103-ANYO,,
0ae1daee-e93c-43d1-84e2-0034e918cedc,5bc20f01-c05c-4a72-aac0-c28bd28bb816,0.0021,21.25,2025-11-03 17:38:42.274,sedimentometrie,{},MD-20251103-ANYO,,
a67f5d1a-4eba-4988-90a6-6497f029fdbf,5bc20f01-c05c-4a72-aac0-c28bd28bb816,0.0015,20.06,2025-11-03 17:38:42.274,sedimentometrie,{},MD-20251103-ANYO,,
476407d7-3623-4887-9de1-b9ab76751f00,e1a5bb6b-ec3e-476a-b53c-9f0db4384460,8,100,2025-11-03 17:38:42.274,tamisage,{},MD-20251103-ANYO,,
984b4f88-3c17-4ce4-a2e2-3872703471c6,e1a5bb6b-ec3e-476a-b53c-9f0db4384460,6.3,100,2025-11-03 17:38:42.274,tamisage,{},MD-20251103-ANYO,,
9971f039-8853-4763-bcf3-2562b3808a75,e1a5bb6b-ec3e-476a-b53c-9f0db4384460,5,100,2025-11-03 17:38:42.274,tamisage,{},MD-20251103-ANYO,,
4193201a-fdb7-4174-a8a6-704989c7daf0,e1a5bb6b-ec3e-476a-b53c-9f0db4384460,4,100,2025-11-03 17:38:42.274,tamisage,{},MD-20251103-ANYO,,
73e854e5-e7ad-494b-be48-9e87582042e7,e1a5bb6b-ec3e-476a-b53c-9f0db4384460,3.15,99.99,2025-11-03 17:38:42.274,tamisage,{},MD-20251103-ANYO,,
682d666c-08a7-4a79-a711-26a4b6e0c2c6,e1a5bb6b-ec3e-476a-b53c-9f0db4384460,2.5,99.93,2025-11-03 17:38:42.274,tamisage,{},MD-20251103-ANYO,,
69029177-7dee-46a7-9b0b-86872bd3b94d,e1a5bb6b-ec3e-476a-b53c-9f0db4384460,2,99.62,2025-11-03 17:38:42.274,tamisage,{},MD-20251103-ANYO,,
885f306d-3922-40e1-ad52-89fd13e95499,e1a5bb6b-ec3e-476a-b53c-9f0db4384460,1.6,98.8,2025-11-03 17:38:42.274,tamisage,{},MD-20251103-ANYO,,
82df2bee-75cd-4d62-a15c-1d70810ae1fb,e1a5bb6b-ec3e-476a-b53c-9f0db4384460,1.25,97.35,2025-11-03 17:38:42.274,tamisage,{},MD-20251103-ANYO,,
1645903d-b124-422c-a039-5069b49ba1a4,e1a5bb6b-ec3e-476a-b53c-9f0db4384460,1,95.85,2025-11-03 17:38:42.274,tamisage,{},MD-20251103-ANYO,,
9797c406-ecf8-4fad-b70a-6d6a1c1771d5,e1a5bb6b-ec3e-476a-b53c-9f0db4384460,0.8,93.95,2025-11-03 17:38:42.274,tamisage,{},MD-20251103-ANYO,,
87907561-7a32-4643-9bb0-17b909f559bb,e1a5bb6b-ec3e-476a-b53c-9f0db4384460,0.63,91.86,2025-11-03 17:38:42.274,tamisage,{},MD-20251103-ANYO,,
970f44c2-67da-4edb-afb9-c7b50d0959bf,e1a5bb6b-ec3e-476a-b53c-9f0db4384460,0.5,88.33,2025-11-03 17:38:42.274,tamisage,{},MD-20251103-ANYO,,
05bcc4c1-892d-48a2-9bf4-b11201037ec0,e1a5bb6b-ec3e-476a-b53c-9f0db4384460,0.4,84.84,2025-11-03 17:38:42.274,tamisage,{},MD-20251103-ANYO,,
92435823-7fb9-4b23-ab1f-ddcbcd18de78,e1a5bb6b-ec3e-476a-b53c-9f0db4384460,0.315,78.56,2025-11-03 17:38:42.274,tamisage,{},MD-20251103-ANYO,,
9ef16acb-a7e4-40d9-8a97-ab08d16d20cb,e1a5bb6b-ec3e-476a-b53c-9f0db4384460,0.25,74.92,2025-11-03 17:38:42.274,tamisage,{},MD-20251103-ANYO,,
74bd8d73-b897-4370-b215-05d6d1052d8e,e1a5bb6b-ec3e-476a-b53c-9f0db4384460,0.2,70.81,2025-11-03 17:38:42.274,tamisage,{},MD-20251103-ANYO,,
fb64df93-a1b7-4571-a18e-f73c6ae81cae,e1a5bb6b-ec3e-476a-b53c-9f0db4384460,0.16,68.07,2025-11-03 17:38:42.274,tamisage,{},MD-20251103-ANYO,,
98c628c1-4d7f-407a-92cc-4982f364cb98,e1a5bb6b-ec3e-476a-b53c-9f0db4384460,0.125,64.94,2025-11-03 17:38:42.274,tamisage,{},MD-20251103-ANYO,,
8af9a5f9-45a2-4fa6-b8d2-74b3a08e0194,e1a5bb6b-ec3e-476a-b53c-9f0db4384460,0.1,59.97,2025-11-03 17:38:42.274,tamisage,{},MD-20251103-ANYO,,
0a64d8e1-306e-4af9-841d-bb3e049083ef,e1a5bb6b-ec3e-476a-b53c-9f0db4384460,0.08,55.71,2025-11-03 17:38:42.274,tamisage,{},MD-20251103-ANYO,,
746bc8b5-7e84-47c4-a22d-05d5d4f0dbe4,e1a5bb6b-ec3e-476a-b53c-9f0db4384460,0.0728,49,2025-11-03 17:38:42.274,sedimentometrie,,MD-20251103-ANYO,,
0bc42e5b-d109-431d-b471-d00482d91d73,e1a5bb6b-ec3e-476a-b53c-9f0db4384460,0.0515,35,2025-11-03 17:38:42.274,sedimentometrie,,MD-20251103-ANYO,,
bb81a008-8146-4127-a9da-76c81c9a05b0,e1a5bb6b-ec3e-476a-b53c-9f0db4384460,0.0372,28.94,2025-11-03 17:38:42.274,sedimentometrie,,MD-20251103-ANYO,,
2289beca-b272-4c8f-852c-ef94d9cdf99b,e1a5bb6b-ec3e-476a-b53c-9f0db4384460,0.0239,27.6,2025-11-03 17:38:42.274,sedimentometrie,,MD-20251103-ANYO,,
eb999d4f-bb97-4c9b-a947-f2513f35e485,e1a5bb6b-ec3e-476a-b53c-9f0db4384460,0.0141,23.57,2025-11-03 17:38:42.274,sedimentometrie,,MD-20251103-ANYO,,
0d04ddd5-eb1d-4b3c-b391-24164a70d1d1,e1a5bb6b-ec3e-476a-b53c-9f0db4384460,0.0083,19.54,2025-11-03 17:38:42.274,sedimentometrie,,MD-20251103-ANYO,,
9c118ce7-1461-440a-b691-01a766f131f7,e1a5bb6b-ec3e-476a-b53c-9f0db4384460,0.0052,15,2025-11-03 17:38:42.274,sedimentometrie,,MD-20251103-ANYO,,
2531d156-170c-4e50-912b-e131c6182afc,e1a5bb6b-ec3e-476a-b53c-9f0db4384460,0.0037,15,2025-11-03 17:38:42.274,sedimentometrie,,MD-20251103-ANYO,,
9a95ffb8-fbb9-4a5c-a8a8-6b2794e31df3,e1a5bb6b-ec3e-476a-b53c-9f0db4384460,0.003,14.15,2025-11-03 17:38:42.274,sedimentometrie,,MD-20251103-ANYO,,
0b7592ca-7f6e-44b4-8a4e-51b086394938,e1a5bb6b-ec3e-476a-b53c-9f0db4384460,0.0026,13.48,2025-11-03 17:38:42.274,sedimentometrie,,MD-20251103-ANYO,,
fa2be8b7-faf9-4ede-b54b-a2e51b0510f1,e1a5bb6b-ec3e-476a-b53c-9f0db4384460,0.0021,13.51,2025-11-03 17:38:42.274,sedimentometrie,,MD-20251103-ANYO,,
1d2dfc7d-87dc-4a48-8d3d-45b52309d00f,e1a5bb6b-ec3e-476a-b53c-9f0db4384460,0.0015,28.84,2025-11-03 17:38:42.274,sedimentometrie,"{'anomaly': 'MD source: 28.84, possible inversion'}",MD-20251103-ANYO,,
e4a2ec39-c06d-4873-a64d-a03b5bce6b34,247510ce-a956-4d0f-b9da-bebfa80fd224,8,100,2025-11-03 17:38:42.274,tamisage,{},MD-20251103-ANYO,,
2791386f-8aa9-4687-ac2d-0d56c3d24743,247510ce-a956-4d0f-b9da-bebfa80fd224,6.3,100,2025-11-03 17:38:42.274,tamisage,{},MD-20251103-ANYO,,
32879a9b-0c91-4015-8ba8-a7f0497f8394,247510ce-a956-4d0f-b9da-bebfa80fd224,5,100,2025-11-03 17:38:42.274,tamisage,{},MD-20251103-ANYO,,
fb94c560-891e-4086-b5ea-8faaa5dc7fcb,247510ce-a956-4d0f-b9da-bebfa80fd224,4,100,2025-11-03 17:38:42.274,tamisage,{},MD-20251103-ANYO,,
6312f528-2ea3-4956-867e-4626e3241197,247510ce-a956-4d0f-b9da-bebfa80fd224,3.15,99.99,2025-11-03 17:38:42.274,tamisage,{},MD-20251103-ANYO,,
cdce756c-eb21-428d-bd40-cfa8f8166341,247510ce-a956-4d0f-b9da-bebfa80fd224,2.5,99.86,2025-11-03 17:38:42.274,tamisage,{},MD-20251103-ANYO,,
8833e62b-301a-46a0-b071-41468673dfbd,247510ce-a956-4d0f-b9da-bebfa80fd224,2,99.5,2025-11-03 17:38:42.274,tamisage,{},MD-20251103-ANYO,,
23e96ab2-648d-475e-96f5-e3d8228d7295,247510ce-a956-4d0f-b9da-bebfa80fd224,1.6,98.64,2025-11-03 17:38:42.274,tamisage,{},MD-20251103-ANYO,,
83173203-5bbd-4b43-b621-33fd164ab185,247510ce-a956-4d0f-b9da-bebfa80fd224,1.25,97.45,2025-11-03 17:38:42.274,tamisage,{},MD-20251103-ANYO,,
b4df9dec-20ce-4aa4-a819-354fcbc232b0,247510ce-a956-4d0f-b9da-bebfa80fd224,1,95.94,2025-11-03 17:38:42.274,tamisage,{},MD-20251103-ANYO,,
c7dc83a1-3831-4518-a746-ea8cf38c7289,247510ce-a956-4d0f-b9da-bebfa80fd224,0.8,94.02,2025-11-03 17:38:42.274,tamisage,{},MD-20251103-ANYO,,
f95601d7-050a-4602-bedf-9d758ccc3480,247510ce-a956-4d0f-b9da-bebfa80fd224,0.63,92.09,2025-11-03 17:38:42.274,tamisage,{},MD-20251103-ANYO,,
072e7661-f5ec-46c4-91d3-e59719e9e350,247510ce-a956-4d0f-b9da-bebfa80fd224,0.5,88.89,2025-11-03 17:38:42.274,tamisage,{},MD-20251103-ANYO,,
883662ca-0878-42e9-baf7-7ae3a9d144ce,247510ce-a956-4d0f-b9da-bebfa80fd224,0.4,85.36,2025-11-03 17:38:42.274,tamisage,{},MD-20251103-ANYO,,
e7fc7fa8-6dd1-4202-b89a-594f1e82fff5,247510ce-a956-4d0f-b9da-bebfa80fd224,0.315,81.27,2025-11-03 17:38:42.274,tamisage,{},MD-20251103-ANYO,,
85262815-3973-4c4a-bb04-589829f9d112,247510ce-a956-4d0f-b9da-bebfa80fd224,0.25,77.88,2025-11-03 17:38:42.274,tamisage,{},MD-20251103-ANYO,,
0eb20613-8139-4241-8dbc-f1e36275ab2c,247510ce-a956-4d0f-b9da-bebfa80fd224,0.2,74,2025-11-03 17:38:42.274,tamisage,{},MD-20251103-ANYO,,
cee03193-8f02-4f3a-8b3a-4fdb4358ff25,247510ce-a956-4d0f-b9da-bebfa80fd224,0.16,70.54,2025-11-03 17:38:42.274,tamisage,{},MD-20251103-ANYO,,
78aa078b-7df7-4ee2-9060-2c9c87635f55,247510ce-a956-4d0f-b9da-bebfa80fd224,0.125,67.03,2025-11-03 17:38:42.274,tamisage,{},MD-20251103-ANYO,,
5d1b1a25-80f3-4ab5-abae-de99522b6196,247510ce-a956-4d0f-b9da-bebfa80fd224,0.1,63.38,2025-11-03 17:38:42.274,tamisage,{},MD-20251103-ANYO,,
be51c35c-44e3-4953-bfae-785b8bbe5910,247510ce-a956-4d0f-b9da-bebfa80fd224,0.08,56.32,2025-11-03 17:38:42.274,tamisage,{},MD-20251103-ANYO,,
20b841b0-57b8-4410-8c04-9c961227f98d,247510ce-a956-4d0f-b9da-bebfa80fd224,0.0728,50.34,2025-11-03 17:38:42.274,sedimentometrie,{},MD-20251103-ANYO,,
6e23963b-740b-400a-83e5-045ad24035d6,247510ce-a956-4d0f-b9da-bebfa80fd224,0.0515,41,2025-11-03 17:38:42.274,sedimentometrie,{},MD-20251103-ANYO,,
bdc62a21-1ac6-4c16-81b7-8dc7707a9581,247510ce-a956-4d0f-b9da-bebfa80fd224,0.0372,35.59,2025-11-03 17:38:42.274,sedimentometrie,{},MD-20251103-ANYO,,
b5f91083-df15-4fc7-a445-c88aea92b216,247510ce-a956-4d0f-b9da-bebfa80fd224,0.0239,32.81,2025-11-03 17:38:42.274,sedimentometrie,{},MD-20251103-ANYO,,
04a61db1-b870-42c5-b9b3-0c03f53569ea,247510ce-a956-4d0f-b9da-bebfa80fd224,0.0141,28.63,2025-11-03 17:38:42.274,sedimentometrie,{},MD-20251103-ANYO,,
0a50f16f-7516-4fb1-b94f-91b58933233c,247510ce-a956-4d0f-b9da-bebfa80fd224,0.0083,24.45,2025-11-03 17:38:42.274,sedimentometrie,{},MD-20251103-ANYO,,
0a117b3f-3e7b-4242-b4e3-e3a9336928f9,247510ce-a956-4d0f-b9da-bebfa80fd224,0.0052,21.68,2025-11-03 17:38:42.274,sedimentometrie,{},MD-20251103-ANYO,,
847525cb-6354-4714-bc10-69144d19e84a,247510ce-a956-4d0f-b9da-bebfa80fd224,0.0037,20.29,2025-11-03 17:38:42.274,sedimentometrie,{},MD-20251103-ANYO,,
c00ef76f-caff-4b11-b54c-d3655f22c851,247510ce-a956-4d0f-b9da-bebfa80fd224,0.003,19.18,2025-11-03 17:38:42.274,sedimentometrie,{},MD-20251103-ANYO,,
2ee137bb-11e1-4535-9561-107e19c2df55,247510ce-a956-4d0f-b9da-bebfa80fd224,0.0026,18.9,2025-11-03 17:38:42.274,sedimentometrie,{},MD-20251103-ANYO,,
917be2a2-85bc-4f6a-8f3a-fdde7acc8645,247510ce-a956-4d0f-b9da-bebfa80fd224,0.0021,17.78,2025-11-03 17:38:42.274,sedimentometrie,{},MD-20251103-ANYO,,
db8cb625-5dbe-4304-9be9-632301267a10,247510ce-a956-4d0f-b9da-bebfa80fd224,0.0015,16.8,2025-11-03 17:38:42.274,sedimentometrie,{},MD-20251103-ANYO,,
220ecf8a-14d4-4430-addc-d28b64643b7f,5e8be3d3-ff64-4338-b937-c1d85c14aa53,8,100,2025-11-03 17:50:31.394,tamisage,{},MD-20251103-ANYO,,
f127c2e2-cf8c-471d-8975-9109bdd4abb9,5e8be3d3-ff64-4338-b937-c1d85c14aa53,6.3,100,2025-11-03 17:50:31.394,tamisage,{},MD-20251103-ANYO,,
bd711dc7-4d1d-40a5-8180-378026d37cef,5e8be3d3-ff64-4338-b937-c1d85c14aa53,5,99.98,2025-11-03 17:50:31.394,tamisage,{},MD-20251103-ANYO,,
5f269235-b932-4ff4-80e2-be2f26a548a0,5e8be3d3-ff64-4338-b937-c1d85c14aa53,4,99.98,2025-11-03 17:50:31.394,tamisage,{},MD-20251103-ANYO,,
b83e67d2-a8b5-4392-a036-0f9eb95d4a8d,5e8be3d3-ff64-4338-b937-c1d85c14aa53,3.15,99.97,2025-11-03 17:50:31.394,tamisage,{},MD-20251103-ANYO,,
63491d5f-5087-4887-a2b5-87e5c8d9f613,5e8be3d3-ff64-4338-b937-c1d85c14aa53,2.5,99.87,2025-11-03 17:50:31.394,tamisage,{},MD-20251103-ANYO,,
97f8a30f-0779-4dbc-8477-db788a6a5f51,5e8be3d3-ff64-4338-b937-c1d85c14aa53,2,99.48,2025-11-03 17:50:31.394,tamisage,{},MD-20251103-ANYO,,
90feb968-9bf0-4022-85e4-db200506fb97,5e8be3d3-ff64-4338-b937-c1d85c14aa53,1.6,98.63,2025-11-03 17:50:31.394,tamisage,{},MD-20251103-ANYO,,
217dc184-735e-4e88-b89a-21752122b9a2,5e8be3d3-ff64-4338-b937-c1d85c14aa53,1.25,97.07,2025-11-03 17:50:31.394,tamisage,{},MD-20251103-ANYO,,
2cb8f35d-4ee9-44ee-aad6-05988756af87,5e8be3d3-ff64-4338-b937-c1d85c14aa53,1,95.53,2025-11-03 17:50:31.394,tamisage,{},MD-20251103-ANYO,,
5d4fa0c2-f595-485a-ae70-1e8129fdc264,5e8be3d3-ff64-4338-b937-c1d85c14aa53,0.8,93.59,2025-11-03 17:50:31.394,tamisage,{},MD-20251103-ANYO,,
b8f6467c-386a-465e-a15b-8902624d84c8,5e8be3d3-ff64-4338-b937-c1d85c14aa53,0.63,91.49,2025-11-03 17:50:31.394,tamisage,{},MD-20251103-ANYO,,
9c63a5f4-50be-4a80-821d-3cfaa1a6fed4,5e8be3d3-ff64-4338-b937-c1d85c14aa53,0.5,88.13,2025-11-03 17:50:31.394,tamisage,{},MD-20251103-ANYO,,
01b3f7e4-989e-47bf-8b35-13a292584b71,5e8be3d3-ff64-4338-b937-c1d85c14aa53,0.4,84.94,2025-11-03 17:50:31.394,tamisage,{},MD-20251103-ANYO,,
3fd6a1ce-70f9-4426-b166-f6e995d12642,5e8be3d3-ff64-4338-b937-c1d85c14aa53,0.315,81.1,2025-11-03 17:50:31.394,tamisage,{},MD-20251103-ANYO,,
b9e2c652-f225-4c83-94e5-8482292f693c,5e8be3d3-ff64-4338-b937-c1d85c14aa53,0.25,77.35,2025-11-03 17:50:31.394,tamisage,{},MD-20251103-ANYO,,
7cdad3c4-99e7-4237-b6d5-806c1a43b989,5e8be3d3-ff64-4338-b937-c1d85c14aa53,0.2,72.97,2025-11-03 17:50:31.394,tamisage,{},MD-20251103-ANYO,,
f77ff61d-4a18-45a9-9bbd-8adb56a5abbd,5e8be3d3-ff64-4338-b937-c1d85c14aa53,0.16,70.14,2025-11-03 17:50:31.394,tamisage,{},MD-20251103-ANYO,,
eeab148f-a51b-4af4-a55b-f9a66ada2b3b,5e8be3d3-ff64-4338-b937-c1d85c14aa53,0.125,67.2,2025-11-03 17:50:31.394,tamisage,{},MD-20251103-ANYO,,
b361c063-08eb-4f3f-906a-895fbbfcbf78,5e8be3d3-ff64-4338-b937-c1d85c14aa53,0.1,64.86,2025-11-03 17:50:31.394,tamisage,{},MD-20251103-ANYO,,
c83c855d-9a87-416e-b5f0-3b2ec75322e9,5e8be3d3-ff64-4338-b937-c1d85c14aa53,0.08,60.61,2025-11-03 17:50:31.394,tamisage,{},MD-20251103-ANYO,,
494b0ee2-9be5-4536-9400-46aa6caed4e8,5e8be3d3-ff64-4338-b937-c1d85c14aa53,0.0728,55,2025-11-03 17:50:31.394,sedimentometrie,{},MD-20251103-ANYO,,
9cc252dc-3375-4b7b-a6b1-62b722ac5ff4,5e8be3d3-ff64-4338-b937-c1d85c14aa53,0.0515,47.93,2025-11-03 17:50:31.394,sedimentometrie,{},MD-20251103-ANYO,,
d40367f7-44cd-41af-aad9-37bb0539e822,5e8be3d3-ff64-4338-b937-c1d85c14aa53,0.0372,43.37,2025-11-03 17:50:31.394,sedimentometrie,{},MD-20251103-ANYO,,
2ec50a54-d72c-4d3c-bac7-19fda6723fac,5e8be3d3-ff64-4338-b937-c1d85c14aa53,0.0239,40.34,2025-11-03 17:50:31.394,sedimentometrie,{},MD-20251103-ANYO,,
9a99fc34-0053-47d0-bbc7-a09b0267c025,5e8be3d3-ff64-4338-b937-c1d85c14aa53,0.0141,35.02,2025-11-03 17:50:31.394,sedimentometrie,{},MD-20251103-ANYO,,
4954276d-4471-4893-a4a1-d849654fb7b6,5e8be3d3-ff64-4338-b937-c1d85c14aa53,0.0083,29.69,2025-11-03 17:50:31.394,sedimentometrie,{},MD-20251103-ANYO,,
0d2ed58a-2dd4-411c-800a-41ffece462ee,5e8be3d3-ff64-4338-b937-c1d85c14aa53,0.0052,26.66,2025-11-03 17:50:31.394,sedimentometrie,{},MD-20251103-ANYO,,
e7b0a439-aa8a-48ec-b6fd-506b22913526,5e8be3d3-ff64-4338-b937-c1d85c14aa53,0.0037,23.91,2025-11-03 17:50:31.394,sedimentometrie,{},MD-20251103-ANYO,,
afdd0d87-7685-4460-99af-43e66df6282a,5e8be3d3-ff64-4338-b937-c1d85c14aa53,0.003,23.61,2025-11-03 17:50:31.394,sedimentometrie,{},MD-20251103-ANYO,,
5f3b7a4e-0dd4-4f95-b27b-018a08468092,5e8be3d3-ff64-4338-b937-c1d85c14aa53,0.0026,22.86,2025-11-03 17:50:31.394,sedimentometrie,{},MD-20251103-ANYO,,
1a516185-096b-4db6-b5c5-ee17d71888f7,5e8be3d3-ff64-4338-b937-c1d85c14aa53,0.0021,22.12,2025-11-03 17:50:31.394,sedimentometrie,{},MD-20251103-ANYO,,
c9c4e436-3750-4553-8dd6-46e43acbba19,5e8be3d3-ff64-4338-b937-c1d85c14aa53,0.0015,20.88,2025-11-03 17:50:31.394,sedimentometrie,{},MD-20251103-ANYO,,
f71228e2-463f-4c7f-ab8d-d045ddd64024,727872cf-2143-4801-940c-8024c3ad148a,8,100,2025-11-03 17:50:31.394,tamisage,{},MD-20251103-ANYO,,
77ff53ff-8d5c-4699-9b09-2665063c4df9,727872cf-2143-4801-940c-8024c3ad148a,6.3,100,2025-11-03 17:50:31.394,tamisage,{},MD-20251103-ANYO,,
8456b254-6517-4fff-9dfe-2defce94a381,727872cf-2143-4801-940c-8024c3ad148a,5,100,2025-11-03 17:50:31.394,tamisage,{},MD-20251103-ANYO,,
e03639d1-beb6-491e-b35d-46331eb67f03,727872cf-2143-4801-940c-8024c3ad148a,4,100,2025-11-03 17:50:31.394,tamisage,{},MD-20251103-ANYO,,
5ef4a1f7-fae8-4ea7-84e6-b9825dca7d79,727872cf-2143-4801-940c-8024c3ad148a,3.15,99.99,2025-11-03 17:50:31.394,tamisage,{},MD-20251103-ANYO,,
5c82b7ff-6969-4dc6-9c22-43e01ce35b42,727872cf-2143-4801-940c-8024c3ad148a,2.5,99.93,2025-11-03 17:50:31.394,tamisage,{},MD-20251103-ANYO,,
ccda1ada-41e8-46da-bc54-433bcf04ba49,727872cf-2143-4801-940c-8024c3ad148a,2,99.62,2025-11-03 17:50:31.394,tamisage,{},MD-20251103-ANYO,,
df1e1673-b6be-4f4e-98f0-7b2ed9efbba9,727872cf-2143-4801-940c-8024c3ad148a,1.6,98.8,2025-11-03 17:50:31.394,tamisage,{},MD-20251103-ANYO,,
c2babe36-6ce5-461a-a231-d0625bfac228,727872cf-2143-4801-940c-8024c3ad148a,1.25,97.35,2025-11-03 17:50:31.394,tamisage,{},MD-20251103-ANYO,,
e424351a-af91-4ebd-9446-58863147fcd7,727872cf-2143-4801-940c-8024c3ad148a,1,95.85,2025-11-03 17:50:31.394,tamisage,{},MD-20251103-ANYO,,
c6529109-da27-4567-9a89-69b7aaff725c,727872cf-2143-4801-940c-8024c3ad148a,0.8,93.95,2025-11-03 17:50:31.394,tamisage,{},MD-20251103-ANYO,,
c01216df-0c2e-40af-94b4-de89f1700a9c,727872cf-2143-4801-940c-8024c3ad148a,0.63,91.86,2025-11-03 17:50:31.394,tamisage,{},MD-20251103-ANYO,,
1e236311-140e-4896-8804-e25fa8e5a4be,727872cf-2143-4801-940c-8024c3ad148a,0.5,88.33,2025-11-03 17:50:31.394,tamisage,{},MD-20251103-ANYO,,
28e9001e-498e-43e9-9448-edbd1231521e,727872cf-2143-4801-940c-8024c3ad148a,0.4,84.84,2025-11-03 17:50:31.394,tamisage,{},MD-20251103-ANYO,,
accf533a-6ab1-4af0-b55d-199fbb88bf32,727872cf-2143-4801-940c-8024c3ad148a,0.315,80.09,2025-11-03 17:50:31.394,tamisage,{},MD-20251103-ANYO,,
292eb6cf-9f29-4294-bca4-3744782bcb63,727872cf-2143-4801-940c-8024c3ad148a,0.25,75.73,2025-11-03 17:50:31.394,tamisage,{},MD-20251103-ANYO,,
309afd3f-401b-4b7d-8db6-3d1bce4dd1ce,727872cf-2143-4801-940c-8024c3ad148a,0.2,71.62,2025-11-03 17:50:31.394,tamisage,{},MD-20251103-ANYO,,
7eaf9537-70b0-432d-8635-5d12cd4e0c81,727872cf-2143-4801-940c-8024c3ad148a,0.16,68.88,2025-11-03 17:50:31.394,tamisage,{},MD-20251103-ANYO,,
264f37b0-aa7b-4ea7-bcfb-e1199c9c057a,727872cf-2143-4801-940c-8024c3ad148a,0.125,65.75,2025-11-03 17:50:31.394,tamisage,{},MD-20251103-ANYO,,
431b080d-8e97-49a9-89fe-7032962f7529,727872cf-2143-4801-940c-8024c3ad148a,0.1,59.35,2025-11-03 17:50:31.394,tamisage,{},MD-20251103-ANYO,,
e7d42608-6ede-4fcc-a932-af7c2b6a264c,727872cf-2143-4801-940c-8024c3ad148a,0.08,52.23,2025-11-03 17:50:31.394,tamisage,{},MD-20251103-ANYO,,
bf2ddffb-3086-4ead-babe-2a62bc6d731f,727872cf-2143-4801-940c-8024c3ad148a,0.0728,45,2025-11-03 17:50:31.394,sedimentometrie,{},MD-20251103-ANYO,,
8f6639c1-f41c-4b6d-b860-f1821fe4d7c9,727872cf-2143-4801-940c-8024c3ad148a,0.0515,32,2025-11-03 17:50:31.394,sedimentometrie,{},MD-20251103-ANYO,,
c6646ef4-7b6d-47ee-a5b2-03e95936ceaa,727872cf-2143-4801-940c-8024c3ad148a,0.0372,30,2025-11-03 17:50:31.394,sedimentometrie,{},MD-20251103-ANYO,,
4479e127-4786-4c7f-8b33-014f4833c00a,727872cf-2143-4801-940c-8024c3ad148a,0.0239,25.88,2025-11-03 17:50:31.394,sedimentometrie,{},MD-20251103-ANYO,,
4edfb909-aca3-4327-ae8e-e495ad831f5e,727872cf-2143-4801-940c-8024c3ad148a,0.0141,22.1,2025-11-03 17:50:31.394,sedimentometrie,{},MD-20251103-ANYO,,
cd24a632-3eda-49db-be1d-6e56fe8db4b6,727872cf-2143-4801-940c-8024c3ad148a,0.0083,18.32,2025-11-03 17:50:31.394,sedimentometrie,{},MD-20251103-ANYO,,
aa6ef64c-bdea-40a1-827b-4b1981b45b2d,727872cf-2143-4801-940c-8024c3ad148a,0.0052,15,2025-11-03 17:50:31.394,sedimentometrie,{},MD-20251103-ANYO,,
85dbd6e6-2409-4fb7-9d5f-b5ae61ef205e,727872cf-2143-4801-940c-8024c3ad148a,0.0037,14,2025-11-03 17:50:31.394,sedimentometrie,{},MD-20251103-ANYO,,
098d05c0-4c8c-49fd-8612-e37ff6147379,727872cf-2143-4801-940c-8024c3ad148a,0.003,13.27,2025-11-03 17:50:31.394,sedimentometrie,{},MD-20251103-ANYO,,
d0232367-50a3-4832-8a18-fc3903349ad8,727872cf-2143-4801-940c-8024c3ad148a,0.0026,12.64,2025-11-03 17:50:31.394,sedimentometrie,{},MD-20251103-ANYO,,
1f987ff0-09cc-4e0f-bd59-5b59a90ad45f,727872cf-2143-4801-940c-8024c3ad148a,0.0021,12.67,2025-11-03 17:50:31.394,sedimentometrie,{},MD-20251103-ANYO,,
66f76ce2-6f5b-48ea-a516-133a806a7c34,727872cf-2143-4801-940c-8024c3ad148a,0.0015,12.04,2025-11-03 17:50:31.394,sedimentometrie,{},MD-20251103-ANYO,,
51854982-64d5-4148-8dd1-50386f30c699,a2806b4d-b7bb-4e7e-91e8-862c49b68835,8,100,2025-11-03 17:50:31.394,tamisage,{},MD-20251103-ANYO,,
e3725820-8159-460d-bef8-a2ee9c501955,a2806b4d-b7bb-4e7e-91e8-862c49b68835,6.3,100,2025-11-03 17:50:31.394,tamisage,{},MD-20251103-ANYO,,
2ee6d5c0-a0ae-420e-b4bc-c4bb9fc8d91d,a2806b4d-b7bb-4e7e-91e8-862c49b68835,5,100,2025-11-03 17:50:31.394,tamisage,{},MD-20251103-ANYO,,
7354bb28-69ff-4007-8a7b-95e64046202b,a2806b4d-b7bb-4e7e-91e8-862c49b68835,4,100,2025-11-03 17:50:31.394,tamisage,{},MD-20251103-ANYO,,
40bebb90-e113-45da-832d-dc62baaaf6c6,a2806b4d-b7bb-4e7e-91e8-862c49b68835,3.15,99.99,2025-11-03 17:50:31.394,tamisage,{},MD-20251103-ANYO,,
85255d05-76aa-4782-861c-df4b64e98dc0,a2806b4d-b7bb-4e7e-91e8-862c49b68835,2.5,99.86,2025-11-03 17:50:31.394,tamisage,{},MD-20251103-ANYO,,
4ca6b24d-d01e-487b-a16a-a37656b7ace6,a2806b4d-b7bb-4e7e-91e8-862c49b68835,2,99.5,2025-11-03 17:50:31.394,tamisage,{},MD-20251103-ANYO,,
ad2091af-b8ea-4a16-ab0a-4bd0f3656e9c,a2806b4d-b7bb-4e7e-91e8-862c49b68835,1.6,98.64,2025-11-03 17:50:31.394,tamisage,{},MD-20251103-ANYO,,
73be770f-ba2c-49b8-a265-60f38b4ff79f,a2806b4d-b7bb-4e7e-91e8-862c49b68835,1.25,97.45,2025-11-03 17:50:31.394,tamisage,{},MD-20251103-ANYO,,
280733b3-ba34-4e02-97f1-218349181bed,a2806b4d-b7bb-4e7e-91e8-862c49b68835,1,95.94,2025-11-03 17:50:31.394,tamisage,{},MD-20251103-ANYO,,
3ee67630-bc6b-48f0-bdc6-ef99175cbb87,a2806b4d-b7bb-4e7e-91e8-862c49b68835,0.8,94.02,2025-11-03 17:50:31.394,tamisage,{},MD-20251103-ANYO,,
189c2fd4-5727-4ec1-adf4-552e3ae11ee9,a2806b4d-b7bb-4e7e-91e8-862c49b68835,0.63,92.09,2025-11-03 17:50:31.394,tamisage,{},MD-20251103-ANYO,,
e820bc2f-ec69-4d70-adc0-e8e1c4379aa6,a2806b4d-b7bb-4e7e-91e8-862c49b68835,0.5,88.89,2025-11-03 17:50:31.394,tamisage,{},MD-20251103-ANYO,,
bf3a2941-60dd-4aed-9af3-6dc768023112,a2806b4d-b7bb-4e7e-91e8-862c49b68835,0.4,85.36,2025-11-03 17:50:31.394,tamisage,{},MD-20251103-ANYO,,
e29a6614-f4be-4161-a085-9ce12aa350bc,a2806b4d-b7bb-4e7e-91e8-862c49b68835,0.315,80.56,2025-11-03 17:50:31.394,tamisage,{},MD-20251103-ANYO,,
70f8f592-d471-4f96-b758-dd2cda15a37f,a2806b4d-b7bb-4e7e-91e8-862c49b68835,0.25,77.17,2025-11-03 17:50:31.394,tamisage,{},MD-20251103-ANYO,,
2a5506f8-a63d-4f79-b9d1-23996ba52491,a2806b4d-b7bb-4e7e-91e8-862c49b68835,0.2,73.29,2025-11-03 17:50:31.394,tamisage,{},MD-20251103-ANYO,,
318d81ba-8918-4283-9102-9de3e5f28e77,a2806b4d-b7bb-4e7e-91e8-862c49b68835,0.16,69.83,2025-11-03 17:50:31.394,tamisage,{},MD-20251103-ANYO,,
a98ef805-5090-4363-bae3-0f146c7473ab,a2806b4d-b7bb-4e7e-91e8-862c49b68835,0.125,66.31,2025-11-03 17:50:31.394,tamisage,{},MD-20251103-ANYO,,
a46a8b8d-1dd1-422c-94c6-9d34479d50d9,a2806b4d-b7bb-4e7e-91e8-862c49b68835,0.1,56.44,2025-11-03 17:50:31.394,tamisage,{},MD-20251103-ANYO,,
e2324a1d-73ca-4721-a7a0-2cf311e59b0e,a2806b4d-b7bb-4e7e-91e8-862c49b68835,0.08,47.15,2025-11-03 17:50:31.394,tamisage,{},MD-20251103-ANYO,,
4a721fbb-5216-4baf-8d59-785f378458cd,a2806b4d-b7bb-4e7e-91e8-862c49b68835,0.0728,46,2025-11-03 17:50:31.394,sedimentometrie,{},MD-20251103-ANYO,,
a3870917-f219-40b1-988b-e3afcd089602,a2806b4d-b7bb-4e7e-91e8-862c49b68835,0.0515,33,2025-11-03 17:50:31.394,sedimentometrie,{},MD-20251103-ANYO,,
7ffe2803-97a0-4aa7-907e-38ef3e3ca2db,a2806b4d-b7bb-4e7e-91e8-862c49b68835,0.0372,29.84,2025-11-03 17:50:31.394,sedimentometrie,{},MD-20251103-ANYO,,
0576a9dc-a7d0-4fea-8ef9-e808333aa74d,a2806b4d-b7bb-4e7e-91e8-862c49b68835,0.0239,27.51,2025-11-03 17:50:31.394,sedimentometrie,{},MD-20251103-ANYO,,
db73a1b9-1a3c-4a5a-89d6-4d9b92f35671,a2806b4d-b7bb-4e7e-91e8-862c49b68835,0.0141,24,2025-11-03 17:50:31.394,sedimentometrie,{},MD-20251103-ANYO,,
9be4abf0-74f0-46be-9648-2eda50e9c25e,a2806b4d-b7bb-4e7e-91e8-862c49b68835,0.0083,20.5,2025-11-03 17:50:31.394,sedimentometrie,{},MD-20251103-ANYO,,
fec088d4-a156-4a52-8b61-26b14da37d10,a2806b4d-b7bb-4e7e-91e8-862c49b68835,0.0052,18.18,2025-11-03 17:50:31.394,sedimentometrie,{},MD-20251103-ANYO,,
ed283322-98b0-4357-9fd0-7ae31349cf69,a2806b4d-b7bb-4e7e-91e8-862c49b68835,0.0037,17.01,2025-11-03 17:50:31.394,sedimentometrie,{},MD-20251103-ANYO,,
fbda8fa4-0287-46a3-8763-00653b79f785,a2806b4d-b7bb-4e7e-91e8-862c49b68835,0.003,16.08,2025-11-03 17:50:31.394,sedimentometrie,{},MD-20251103-ANYO,,
dc55b219-11c0-4e4c-8b4c-08f0e93754e9,a2806b4d-b7bb-4e7e-91e8-862c49b68835,0.0026,15.85,2025-11-03 17:50:31.394,sedimentometrie,{},MD-20251103-ANYO,,
dd37685f-1215-4f69-ba7c-f9d2bf005378,a2806b4d-b7bb-4e7e-91e8-862c49b68835,0.0021,14.91,2025-11-03 17:50:31.394,sedimentometrie,{},MD-20251103-ANYO,,
179f4eb8-eee5-4269-ae02-0b9f5a1168b5,a2806b4d-b7bb-4e7e-91e8-862c49b68835,0.0015,14.09,2025-11-03 17:50:31.394,sedimentometrie,{},MD-20251103-ANYO,,
c64c2c76-d85a-45ad-9ed8-a272d1f16720,5c0c14d1-ed7b-4249-ab1a-d49e66ee2ce6,8,100,2025-11-03 17:50:31.394,tamisage,{},MD-20251103-ANYO,,
cd4d7884-3aed-417d-91e2-a11e075304ff,5c0c14d1-ed7b-4249-ab1a-d49e66ee2ce6,6.3,99.7,2025-11-03 17:50:31.394,tamisage,{},MD-20251103-ANYO,,
5df57062-ecf7-4aa0-9c73-f50ad04ad366,5c0c14d1-ed7b-4249-ab1a-d49e66ee2ce6,5,99.67,2025-11-03 17:50:31.394,tamisage,{},MD-20251103-ANYO,,
6e5ba142-6813-4d22-a3b5-1583acc68028,5c0c14d1-ed7b-4249-ab1a-d49e66ee2ce6,4,99.4,2025-11-03 17:50:31.394,tamisage,{},MD-20251103-ANYO,,
4f1d5e41-a2be-4c8d-b855-6722eaca2286,5c0c14d1-ed7b-4249-ab1a-d49e66ee2ce6,3.15,99.02,2025-11-03 17:50:31.394,tamisage,{},MD-20251103-ANYO,,
3097c45f-e126-4905-8b5a-2e09d2c30037,5c0c14d1-ed7b-4249-ab1a-d49e66ee2ce6,2.5,98.68,2025-11-03 17:50:31.394,tamisage,{},MD-20251103-ANYO,,
10881099-676e-4627-8cde-004ca48ef030,5c0c14d1-ed7b-4249-ab1a-d49e66ee2ce6,2,98.25,2025-11-03 17:50:31.394,tamisage,{},MD-20251103-ANYO,,
9c3485b4-31bd-4486-bda9-ad00e72abd34,5c0c14d1-ed7b-4249-ab1a-d49e66ee2ce6,1.6,97.52,2025-11-03 17:50:31.394,tamisage,{},MD-20251103-ANYO,,
ca5ccda2-ad78-45ef-8137-530e4d761138,5c0c14d1-ed7b-4249-ab1a-d49e66ee2ce6,1.25,96.47,2025-11-03 17:50:31.394,tamisage,{},MD-20251103-ANYO,,
63079e23-221e-4e1c-92fa-b4ac7f4de745,5c0c14d1-ed7b-4249-ab1a-d49e66ee2ce6,1,95.62,2025-11-03 17:50:31.394,tamisage,{},MD-20251103-ANYO,,
4c7e5e26-d677-40d9-928c-d5c926f73cf1,5c0c14d1-ed7b-4249-ab1a-d49e66ee2ce6,0.8,94.72,2025-11-03 17:50:31.394,tamisage,{},MD-20251103-ANYO,,
b768c0c7-d344-4493-8eac-0f183f9c36f3,5c0c14d1-ed7b-4249-ab1a-d49e66ee2ce6,0.63,93.82,2025-11-03 17:50:31.394,tamisage,{},MD-20251103-ANYO,,
93db9494-c128-49d0-b59a-542af285910f,5c0c14d1-ed7b-4249-ab1a-d49e66ee2ce6,0.5,91.3,2025-11-03 17:50:31.394,tamisage,{},MD-20251103-ANYO,,
2ae1c513-fcab-4cb7-9a66-d1da99d66a58,5c0c14d1-ed7b-4249-ab1a-d49e66ee2ce6,0.4,92.51,2025-11-03 17:50:31.394,tamisage,{},MD-20251103-ANYO,,
2d0929a1-5ffd-4d2a-ab7a-a85327e58e20,5c0c14d1-ed7b-4249-ab1a-d49e66ee2ce6,0.315,89.74,2025-11-03 17:50:31.394,tamisage,{},MD-20251103-ANYO,,
e11b90ab-ec68-4440-965f-953af51d33f2,5c0c14d1-ed7b-4249-ab1a-d49e66ee2ce6,0.25,88.24,2025-11-03 17:50:31.394,tamisage,{},MD-20251103-ANYO,,
63f7afee-9670-4c31-b4dc-3d3c5d1441ea,5c0c14d1-ed7b-4249-ab1a-d49e66ee2ce6,0.2,86.43,2025-11-03 17:50:31.394,tamisage,{},MD-20251103-ANYO,,
af8a6326-8611-4e64-a392-054467ecb1a9,5c0c14d1-ed7b-4249-ab1a-d49e66ee2ce6,0.16,85.06,2025-11-03 17:50:31.394,tamisage,{},MD-20251103-ANYO,,
d46ddfea-0b63-433d-b8ad-a0413a65cb73,5c0c14d1-ed7b-4249-ab1a-d49e66ee2ce6,0.125,83.46,2025-11-03 17:50:31.394,tamisage,{},MD-20251103-ANYO,,
e7e9fb67-d2b7-47b6-ac8e-095222fac07f,5c0c14d1-ed7b-4249-ab1a-d49e66ee2ce6,0.1,76.86,2025-11-03 17:50:31.394,tamisage,{},MD-20251103-ANYO,,
0e3c3949-7a44-4a00-a277-6e625f7b809c,2797a329-9fe4-4222-9696-c71f83d40504,0.08,58.67,2025-11-04 10:25:42.991,tamisage,{},MD-20251103-GRANULO,,
65d7cd5a-1da7-42b3-94b0-a7a8701257dd,5c0c14d1-ed7b-4249-ab1a-d49e66ee2ce6,0.0728,64.01,2025-11-03 17:50:31.394,sedimentometrie,{},MD-20251103-ANYO,,
54cf4a7c-3a04-4326-947e-173e0ea7a035,5c0c14d1-ed7b-4249-ab1a-d49e66ee2ce6,0.0515,57.03,2025-11-03 17:50:31.394,sedimentometrie,{},MD-20251103-ANYO,,
a0683213-d91d-419d-a655-0748f3157c04,5c0c14d1-ed7b-4249-ab1a-d49e66ee2ce6,0.0372,44.12,2025-11-03 17:50:31.394,sedimentometrie,{},MD-20251103-ANYO,,
12da762e-634b-48b3-9f29-39177dabacac,5c0c14d1-ed7b-4249-ab1a-d49e66ee2ce6,0.0239,39.41,2025-11-03 17:50:31.394,sedimentometrie,{},MD-20251103-ANYO,,
480f891e-68cf-4689-8863-d88eab8772a5,5c0c14d1-ed7b-4249-ab1a-d49e66ee2ce6,0.0141,35.75,2025-11-03 17:50:31.394,sedimentometrie,{},MD-20251103-ANYO,,
ac254166-9072-4848-a1d5-e834d2207b9f,5c0c14d1-ed7b-4249-ab1a-d49e66ee2ce6,0.0083,31.19,2025-11-03 17:50:31.394,sedimentometrie,{},MD-20251103-ANYO,,
b5c25f23-a79f-435f-97fc-9092c3a607e5,5c0c14d1-ed7b-4249-ab1a-d49e66ee2ce6,0.0052,26.98,2025-11-03 17:50:31.394,sedimentometrie,{},MD-20251103-ANYO,,
e83f5c6f-4e18-49b3-8533-3e0c62ba7493,5c0c14d1-ed7b-4249-ab1a-d49e66ee2ce6,0.0037,24.79,2025-11-03 17:50:31.394,sedimentometrie,{},MD-20251103-ANYO,,
183c7406-2686-489b-a2a9-0612b9c16c53,5c0c14d1-ed7b-4249-ab1a-d49e66ee2ce6,0.003,21.11,2025-11-03 17:50:31.394,sedimentometrie,{},MD-20251103-ANYO,,
9030c78c-d4cd-48f9-b9cf-309ffa5ae83a,5c0c14d1-ed7b-4249-ab1a-d49e66ee2ce6,0.0026,20.39,2025-11-03 17:50:31.394,sedimentometrie,{},MD-20251103-ANYO,,
751e514b-c746-42ef-a636-78ef81451f4a,5c0c14d1-ed7b-4249-ab1a-d49e66ee2ce6,0.0021,19.3,2025-11-03 17:50:31.394,sedimentometrie,{},MD-20251103-ANYO,,
8c89faab-4161-4e7b-989b-d4e986ac3dfa,5c0c14d1-ed7b-4249-ab1a-d49e66ee2ce6,0.0015,15.63,2025-11-03 17:50:31.394,sedimentometrie,{},MD-20251103-ANYO,,
4d986149-5a0c-42fe-b0bd-8193ae0f24c8,561ef4cc-5e41-4c9b-a28e-c15021edfa2c,8,100,2025-11-03 17:50:31.394,tamisage,{},MD-20251103-ANYO,,
98926763-6eb7-4894-b836-d3054f56ca5f,561ef4cc-5e41-4c9b-a28e-c15021edfa2c,6.3,99.6,2025-11-03 17:50:31.394,tamisage,{},MD-20251103-ANYO,,
6def81f1-8c1d-4456-921b-d74fbe680f1d,561ef4cc-5e41-4c9b-a28e-c15021edfa2c,5,99.43,2025-11-03 17:50:31.394,tamisage,{},MD-20251103-ANYO,,
f7badf6a-d3cc-4afd-9621-de15d4c24c94,561ef4cc-5e41-4c9b-a28e-c15021edfa2c,4,99.14,2025-11-03 17:50:31.394,tamisage,{},MD-20251103-ANYO,,
8d910df9-4b77-4cc6-b34e-8ed27c44c7e2,561ef4cc-5e41-4c9b-a28e-c15021edfa2c,3.15,98.55,2025-11-03 17:50:31.394,tamisage,{},MD-20251103-ANYO,,
0c9d24ea-1630-4ef6-a8d3-2bab72be36a3,561ef4cc-5e41-4c9b-a28e-c15021edfa2c,2.5,98.54,2025-11-03 17:50:31.394,tamisage,{},MD-20251103-ANYO,,
750265ee-29df-448d-a938-d46acc4966a9,561ef4cc-5e41-4c9b-a28e-c15021edfa2c,2,98.1,2025-11-03 17:50:31.394,tamisage,{},MD-20251103-ANYO,,
7ba62012-2f01-4002-8508-1e3d11dcb3cf,561ef4cc-5e41-4c9b-a28e-c15021edfa2c,1.6,97.69,2025-11-03 17:50:31.394,tamisage,{},MD-20251103-ANYO,,
8fb6b50b-e990-487e-ba92-58481517ad78,561ef4cc-5e41-4c9b-a28e-c15021edfa2c,1.25,97.44,2025-11-03 17:50:31.394,tamisage,{},MD-20251103-ANYO,,
1644ee43-db56-4273-bbd3-a1c60bbfcd4c,561ef4cc-5e41-4c9b-a28e-c15021edfa2c,1,97.27,2025-11-03 17:50:31.394,tamisage,{},MD-20251103-ANYO,,
8a428c58-a66a-4161-ad31-5066afa56c5c,561ef4cc-5e41-4c9b-a28e-c15021edfa2c,0.8,97.16,2025-11-03 17:50:31.394,tamisage,{},MD-20251103-ANYO,,
ef6a2af4-3e33-42ea-b1b2-abfba018b08d,561ef4cc-5e41-4c9b-a28e-c15021edfa2c,0.63,96.25,2025-11-03 17:50:31.394,tamisage,{},MD-20251103-ANYO,,
7561c4e1-e179-4945-86aa-ab7b6722f312,561ef4cc-5e41-4c9b-a28e-c15021edfa2c,0.5,95.34,2025-11-03 17:50:31.394,tamisage,{},MD-20251103-ANYO,,
383c3302-bb3e-406d-9911-eac1d5853c50,561ef4cc-5e41-4c9b-a28e-c15021edfa2c,0.4,94.69,2025-11-03 17:50:31.394,tamisage,{},MD-20251103-ANYO,,
30d333dd-a4ca-40c8-bbc1-8adb7b44ceb0,561ef4cc-5e41-4c9b-a28e-c15021edfa2c,0.315,94.11,2025-11-03 17:50:31.394,tamisage,{},MD-20251103-ANYO,,
f7897f4d-e8a8-47a9-8578-93cfe5894683,561ef4cc-5e41-4c9b-a28e-c15021edfa2c,0.25,93.67,2025-11-03 17:50:31.394,tamisage,{},MD-20251103-ANYO,,
780b61c6-63b7-47a0-98a9-babd4a8ddf47,561ef4cc-5e41-4c9b-a28e-c15021edfa2c,0.2,90.02,2025-11-03 17:50:31.394,tamisage,{},MD-20251103-ANYO,,
8c3a2b37-e752-4d97-a03a-57213e1b53af,561ef4cc-5e41-4c9b-a28e-c15021edfa2c,0.16,85.23,2025-11-03 17:50:31.394,tamisage,{},MD-20251103-ANYO,,
d8f6e8ec-87c6-4f4e-8ee8-eb9bc1315f22,561ef4cc-5e41-4c9b-a28e-c15021edfa2c,0.125,80.04,2025-11-03 17:50:31.394,tamisage,{},MD-20251103-ANYO,,
301ea55a-1e37-4aff-9c06-80a941d7b7be,561ef4cc-5e41-4c9b-a28e-c15021edfa2c,0.1,70.14,2025-11-03 17:50:31.394,tamisage,{},MD-20251103-ANYO,,
d0bf6136-873f-44ab-9077-676712d6f7c3,561ef4cc-5e41-4c9b-a28e-c15021edfa2c,0.0728,49.34,2025-11-03 17:50:31.394,sedimentometrie,{},MD-20251103-ANYO,,
5377104b-283b-403c-a5ba-b70f3cbe736d,561ef4cc-5e41-4c9b-a28e-c15021edfa2c,0.0515,35.03,2025-11-03 17:50:31.394,sedimentometrie,{},MD-20251103-ANYO,,
d803381b-f851-4eae-8556-76ed30ac41f2,561ef4cc-5e41-4c9b-a28e-c15021edfa2c,0.0372,20.27,2025-11-03 17:50:31.394,sedimentometrie,{},MD-20251103-ANYO,,
068c9cb1-2695-4f06-8b56-a056666d5c12,561ef4cc-5e41-4c9b-a28e-c15021edfa2c,0.0239,15.13,2025-11-03 17:50:31.394,sedimentometrie,{},MD-20251103-ANYO,,
76e3be88-101c-4dd0-b3d3-70a3029246c6,561ef4cc-5e41-4c9b-a28e-c15021edfa2c,0.0141,10.11,2025-11-03 17:50:31.394,sedimentometrie,{},MD-20251103-ANYO,,
c0043ea8-317d-434a-aff7-797b45635124,561ef4cc-5e41-4c9b-a28e-c15021edfa2c,0.0083,8.26,2025-11-03 17:50:31.394,sedimentometrie,{},MD-20251103-ANYO,,
af7984d6-695f-4a6f-a5b4-8f44a74f01fc,561ef4cc-5e41-4c9b-a28e-c15021edfa2c,0.0052,7.23,2025-11-03 17:50:31.394,sedimentometrie,{},MD-20251103-ANYO,,
5fa6c53f-7eaf-48d7-8c7f-82109ec83f6a,561ef4cc-5e41-4c9b-a28e-c15021edfa2c,0.0037,6.21,2025-11-03 17:50:31.394,sedimentometrie,{},MD-20251103-ANYO,,
1caddaf5-0616-485a-85b6-afe502a5d804,561ef4cc-5e41-4c9b-a28e-c15021edfa2c,0.003,6.18,2025-11-03 17:50:31.394,sedimentometrie,{},MD-20251103-ANYO,,
73728eb5-e01d-4d4e-9f7e-fdb124f1016d,561ef4cc-5e41-4c9b-a28e-c15021edfa2c,0.0026,5.02,2025-11-03 17:50:31.394,sedimentometrie,{},MD-20251103-ANYO,,
30adb0da-53f7-49f4-b58e-ce7dd438d534,561ef4cc-5e41-4c9b-a28e-c15021edfa2c,0.0021,4.53,2025-11-03 17:50:31.394,sedimentometrie,{},MD-20251103-ANYO,,
13046cdb-283c-4934-a852-2476d88fa39b,561ef4cc-5e41-4c9b-a28e-c15021edfa2c,0.0015,4.21,2025-11-03 17:50:31.394,sedimentometrie,{},MD-20251103-ANYO,,
b993f0d6-4430-46cd-aab3-fb65f72df82f,68659f21-7b5b-4e43-b110-90e1d62f7631,8,100,2025-11-03 17:50:31.394,tamisage,{},MD-20251103-ANYO,,
c3eee543-9780-4099-bde3-8862fc7ffbee,68659f21-7b5b-4e43-b110-90e1d62f7631,6.3,99.71,2025-11-03 17:50:31.394,tamisage,{},MD-20251103-ANYO,,
7c0c6e3a-baf9-4bcc-bc10-75bf37c3b5fc,68659f21-7b5b-4e43-b110-90e1d62f7631,5,99.05,2025-11-03 17:50:31.394,tamisage,{},MD-20251103-ANYO,,
d5604308-6214-4bbf-a664-5f670954dfd1,68659f21-7b5b-4e43-b110-90e1d62f7631,4,98.63,2025-11-03 17:50:31.394,tamisage,{},MD-20251103-ANYO,,
049a663e-ea31-4225-89f5-71e63bc95d55,68659f21-7b5b-4e43-b110-90e1d62f7631,3.15,98.53,2025-11-03 17:50:31.394,tamisage,{},MD-20251103-ANYO,,
2296c50a-6770-4cb7-ae7e-098116a95c3c,561ef4cc-5e41-4c9b-a28e-c15021edfa2c,0.08,39.24,2025-11-03 17:50:31.394,tamisage,{},MD-20251103-ANYO,,
cdd237de-21a0-45f3-923d-d09b6fc976e4,68659f21-7b5b-4e43-b110-90e1d62f7631,2.5,97.96,2025-11-03 17:50:31.394,tamisage,{},MD-20251103-ANYO,,
7f55d195-3802-4202-b283-0c71d0ec0a75,68659f21-7b5b-4e43-b110-90e1d62f7631,2,97.56,2025-11-03 17:50:31.394,tamisage,{},MD-20251103-ANYO,,
3a31f89c-6e33-4103-8076-b510510b7ed0,68659f21-7b5b-4e43-b110-90e1d62f7631,1.6,97.24,2025-11-03 17:50:31.394,tamisage,{},MD-20251103-ANYO,,
fbf3b94b-e56e-436c-ab62-989ba34f812d,68659f21-7b5b-4e43-b110-90e1d62f7631,1.25,94.52,2025-11-03 17:50:31.394,tamisage,{},MD-20251103-ANYO,,
5b18a5e7-875e-4fd6-b02d-3b44db18ce4e,68659f21-7b5b-4e43-b110-90e1d62f7631,1,94.32,2025-11-03 17:50:31.394,tamisage,{},MD-20251103-ANYO,,
bd364b26-5f33-4b04-9a48-22f14739e262,68659f21-7b5b-4e43-b110-90e1d62f7631,0.8,93.49,2025-11-03 17:50:31.394,tamisage,{},MD-20251103-ANYO,,
03b5d8a0-017d-4699-bcbb-a383099d72aa,68659f21-7b5b-4e43-b110-90e1d62f7631,0.63,92.46,2025-11-03 17:50:31.394,tamisage,{},MD-20251103-ANYO,,
2f8b315d-6bf3-470c-812b-6a4cb30bc191,68659f21-7b5b-4e43-b110-90e1d62f7631,0.5,91.3,2025-11-03 17:50:31.394,tamisage,{},MD-20251103-ANYO,,
ac8b395a-7440-41d5-9f46-4f86b3afb90a,68659f21-7b5b-4e43-b110-90e1d62f7631,0.4,90.45,2025-11-03 17:50:31.394,tamisage,{},MD-20251103-ANYO,,
b47fa456-bf08-46fe-a292-b646c985e844,68659f21-7b5b-4e43-b110-90e1d62f7631,0.315,89.52,2025-11-03 17:50:31.394,tamisage,{},MD-20251103-ANYO,,
0f69319b-29f1-4911-ba0a-9928a06bd5cd,68659f21-7b5b-4e43-b110-90e1d62f7631,0.25,88.96,2025-11-03 17:50:31.394,tamisage,{},MD-20251103-ANYO,,
c1e4902d-9470-4ac1-a6d5-36e857f5f2bd,68659f21-7b5b-4e43-b110-90e1d62f7631,0.2,88.41,2025-11-03 17:50:31.394,tamisage,{},MD-20251103-ANYO,,
ef76bebe-e025-42e6-944f-490bc0abbc1d,68659f21-7b5b-4e43-b110-90e1d62f7631,0.16,88.02,2025-11-03 17:50:31.394,tamisage,{},MD-20251103-ANYO,,
dbd1dcbb-2083-4767-8df1-0373aacc2d71,68659f21-7b5b-4e43-b110-90e1d62f7631,0.125,87.66,2025-11-03 17:50:31.394,tamisage,{},MD-20251103-ANYO,,
f4de4b04-6820-4477-bb90-7fe4e9e16dbc,68659f21-7b5b-4e43-b110-90e1d62f7631,0.1,76.01,2025-11-03 17:50:31.394,tamisage,{},MD-20251103-ANYO,,
e3514604-118a-4137-b9c7-eb8eb6b73106,0515c516-fe34-462c-9567-0f05d127b61f,0.08,51.27,2025-11-04 10:25:42.991,tamisage,{},MD-20251103-GRANULO,,
4a501d0e-a642-4f9e-b9ed-ced1f0665ff9,68659f21-7b5b-4e43-b110-90e1d62f7631,0.0728,50.34,2025-11-03 17:50:31.394,sedimentometrie,,MD-20251103-ANYO,,
952e52d5-3df0-4208-bc43-1884e22b2dec,68659f21-7b5b-4e43-b110-90e1d62f7631,0.0515,41.21,2025-11-03 17:50:31.394,sedimentometrie,,MD-20251103-ANYO,,
8fb36a87-3cd0-4503-bb16-b4e1bc360614,68659f21-7b5b-4e43-b110-90e1d62f7631,0.0372,29.01,2025-11-03 17:50:31.394,sedimentometrie,,MD-20251103-ANYO,,
e0d87a3f-1e9b-4773-abc0-047db7428a67,68659f21-7b5b-4e43-b110-90e1d62f7631,0.0239,22.18,2025-11-03 17:50:31.394,sedimentometrie,,MD-20251103-ANYO,,
eccf7fcf-b2aa-4f83-99b5-c066aef255e7,68659f21-7b5b-4e43-b110-90e1d62f7631,0.0141,19.05,2025-11-03 17:50:31.394,sedimentometrie,,MD-20251103-ANYO,,
14dfe80a-2907-4c50-816f-d6575b0b9897,68659f21-7b5b-4e43-b110-90e1d62f7631,0.0083,12.1,2025-11-03 17:50:31.394,sedimentometrie,,MD-20251103-ANYO,,
faa33e1c-90de-4886-85fe-eea1baa5ecb6,68659f21-7b5b-4e43-b110-90e1d62f7631,0.0052,10.07,2025-11-03 17:50:31.394,sedimentometrie,,MD-20251103-ANYO,,
1be9af7e-7454-44e8-8e7f-bdbb71468091,68659f21-7b5b-4e43-b110-90e1d62f7631,0.0037,5.61,2025-11-03 17:50:31.394,sedimentometrie,,MD-20251103-ANYO,,
1da635d8-d85c-4a7b-a856-b4c26344b06a,68659f21-7b5b-4e43-b110-90e1d62f7631,0.003,4.9,2025-11-03 17:50:31.394,sedimentometrie,,MD-20251103-ANYO,,
2b3ba498-4b8c-4cf7-b2b7-a2669e116435,68659f21-7b5b-4e43-b110-90e1d62f7631,0.0026,5.65,2025-11-03 17:50:31.394,sedimentometrie,{'anomaly': 'inversion mineure +2.42%'},MD-20251103-ANYO,,
d1b7c453-9806-4cc2-b24d-5b050e5a2600,68659f21-7b5b-4e43-b110-90e1d62f7631,0.0021,3.23,2025-11-03 17:50:31.394,sedimentometrie,,MD-20251103-ANYO,,
20e0e4af-848a-46f9-8732-d83999b3e686,68659f21-7b5b-4e43-b110-90e1d62f7631,0.0015,2.26,2025-11-03 17:50:31.394,sedimentometrie,,MD-20251103-ANYO,,
0f615f79-e64e-46a0-b9de-322d349cdf37,0a105bf9-c10f-451b-839f-6e1a2994dc0d,0.08,47.87,2025-11-03 17:52:16.630,tamisage,{},MD-20251103-NABIYOU,,
9827cfa4-834e-4be7-8458-0b544a2a3e73,0a105bf9-c10f-451b-839f-6e1a2994dc0d,0.1,51.37,2025-11-03 17:52:16.630,tamisage,{},MD-20251103-NABIYOU,,
0459958e-6554-4347-b969-0869fdd15ba5,0a105bf9-c10f-451b-839f-6e1a2994dc0d,0.125,55.93,2025-11-03 17:52:16.630,tamisage,{},MD-20251103-NABIYOU,,
3a7e96f6-7c87-4153-8722-ea9790ca3757,0a105bf9-c10f-451b-839f-6e1a2994dc0d,0.16,62.39,2025-11-03 17:52:16.630,tamisage,{},MD-20251103-NABIYOU,,
a92fe2dc-32b4-49b4-852d-6afbb2521b65,0a105bf9-c10f-451b-839f-6e1a2994dc0d,0.2,69.51,2025-11-03 17:52:16.630,tamisage,{},MD-20251103-NABIYOU,,
acdfe1fb-444e-4b32-9342-2942ad228e08,0a105bf9-c10f-451b-839f-6e1a2994dc0d,0.25,77.73,2025-11-03 17:52:16.630,tamisage,{},MD-20251103-NABIYOU,,
3c01155d-0bdb-4d67-9f8a-a11a5efdd43a,0a105bf9-c10f-451b-839f-6e1a2994dc0d,0.315,83.56,2025-11-03 17:52:16.630,tamisage,{},MD-20251103-NABIYOU,,
32a1dd51-dcb2-45fc-9582-cf199cdd7c3a,0a105bf9-c10f-451b-839f-6e1a2994dc0d,0.4,88.3,2025-11-03 17:52:16.630,tamisage,{},MD-20251103-NABIYOU,,
7c59a293-f34a-4b9c-8b7d-5be91c83e9f1,0a105bf9-c10f-451b-839f-6e1a2994dc0d,0.5,91.37,2025-11-03 17:52:16.630,tamisage,{},MD-20251103-NABIYOU,,
4868aa93-cd7c-4ee0-b336-eaa5e3d5257b,0a105bf9-c10f-451b-839f-6e1a2994dc0d,0.63,94.15,2025-11-03 17:52:16.630,tamisage,{},MD-20251103-NABIYOU,,
ccff8e6d-9557-456b-af36-7ce95626fa00,0a105bf9-c10f-451b-839f-6e1a2994dc0d,0.8,96.55,2025-11-03 17:52:16.630,tamisage,{},MD-20251103-NABIYOU,,
7c30d49a-5600-466a-956e-048968f88620,0a105bf9-c10f-451b-839f-6e1a2994dc0d,1,98.19,2025-11-03 17:52:16.630,tamisage,{},MD-20251103-NABIYOU,,
d399a8a1-8f8d-41fe-8bc7-57e166fcdcda,0a105bf9-c10f-451b-839f-6e1a2994dc0d,1.25,99.08,2025-11-03 17:52:16.630,tamisage,{},MD-20251103-NABIYOU,,
aa95c178-f68f-44cf-aefa-edec956878f7,0a105bf9-c10f-451b-839f-6e1a2994dc0d,1.6,99.59,2025-11-03 17:52:16.630,tamisage,{},MD-20251103-NABIYOU,,
52683493-cd27-4764-8684-e0fa1f428865,0a105bf9-c10f-451b-839f-6e1a2994dc0d,2,99.81,2025-11-03 17:52:16.630,tamisage,{},MD-20251103-NABIYOU,,
8075b253-e455-4974-86e3-3828754da3e7,0a105bf9-c10f-451b-839f-6e1a2994dc0d,2.5,99.84,2025-11-03 17:52:16.630,tamisage,{},MD-20251103-NABIYOU,,
ba66c947-f8e1-44f6-be8e-8814301a0a32,0a105bf9-c10f-451b-839f-6e1a2994dc0d,3.15,99.95,2025-11-03 17:52:16.630,tamisage,{},MD-20251103-NABIYOU,,
bfdf36e0-bc59-4243-837b-11ddd8ddde4f,0a105bf9-c10f-451b-839f-6e1a2994dc0d,4,99.99,2025-11-03 17:52:16.630,tamisage,{},MD-20251103-NABIYOU,,
3d8976a4-89ea-4104-86eb-f202900f9cc3,bc4b0c29-be0a-4b4d-bf52-8a4c6c260e64,25,100,2025-11-03 17:56:40.631,tamisage,{},MD-20251103-NGOAPO,,
3e9c9dc1-a8f9-4b34-a619-b8cc4007539d,bc4b0c29-be0a-4b4d-bf52-8a4c6c260e64,20,100,2025-11-03 17:56:40.631,tamisage,{},MD-20251103-NGOAPO,,
3b079b96-25a5-420c-97b3-7dd1fd08878a,bc4b0c29-be0a-4b4d-bf52-8a4c6c260e64,16,100,2025-11-03 17:56:40.631,tamisage,{},MD-20251103-NGOAPO,,
5b19b833-5fdc-47f8-bd3f-dc6bd3458bac,bc4b0c29-be0a-4b4d-bf52-8a4c6c260e64,12.5,99.39,2025-11-03 17:56:40.631,tamisage,{},MD-20251103-NGOAPO,,
2cb08ef6-9a07-4bed-b6a6-508568f26ec8,bc4b0c29-be0a-4b4d-bf52-8a4c6c260e64,10,99.22,2025-11-03 17:56:40.631,tamisage,{},MD-20251103-NGOAPO,,
f09bc82f-82e8-4194-90c6-6a19d781203b,bc4b0c29-be0a-4b4d-bf52-8a4c6c260e64,8,99.01,2025-11-03 17:56:40.631,tamisage,{},MD-20251103-NGOAPO,,
0397308e-4ecf-4f54-b6b6-24b9712c8dc1,bc4b0c29-be0a-4b4d-bf52-8a4c6c260e64,6.3,98.59,2025-11-03 17:56:40.631,tamisage,{},MD-20251103-NGOAPO,,
320fe3bb-0fca-4031-b98d-5d5de6770648,bc4b0c29-be0a-4b4d-bf52-8a4c6c260e64,5,97.85,2025-11-03 17:56:40.631,tamisage,{},MD-20251103-NGOAPO,,
1cbfd437-3b5a-4677-9ec8-b35a271dedc6,bc4b0c29-be0a-4b4d-bf52-8a4c6c260e64,4,96.41,2025-11-03 17:56:40.631,tamisage,{},MD-20251103-NGOAPO,,
2cdc1135-bba5-4ce3-9f01-16099532c385,bc4b0c29-be0a-4b4d-bf52-8a4c6c260e64,3.15,92.66,2025-11-03 17:56:40.631,tamisage,{},MD-20251103-NGOAPO,,
a18e9fcd-8476-46b8-996b-6accf887a887,bc4b0c29-be0a-4b4d-bf52-8a4c6c260e64,2.5,88.77,2025-11-03 17:56:40.631,tamisage,{},MD-20251103-NGOAPO,,
d5ef72aa-2a0f-41c1-a5e9-f6977ea1e5ad,bc4b0c29-be0a-4b4d-bf52-8a4c6c260e64,2,85.04,2025-11-03 17:56:40.631,tamisage,{},MD-20251103-NGOAPO,,
d022acbf-f610-4e20-9479-06acdba83933,bc4b0c29-be0a-4b4d-bf52-8a4c6c260e64,1.6,82.1,2025-11-03 17:56:40.631,tamisage,{},MD-20251103-NGOAPO,,
204e3cc0-4e54-4fcc-877f-3050c2d73d86,bc4b0c29-be0a-4b4d-bf52-8a4c6c260e64,1.25,80.05,2025-11-03 17:56:40.631,tamisage,{},MD-20251103-NGOAPO,,
39661268-587d-4f23-8105-a61a83fec72d,bc4b0c29-be0a-4b4d-bf52-8a4c6c260e64,1,79.02,2025-11-03 17:56:40.631,tamisage,{},MD-20251103-NGOAPO,,
c24f3f52-650e-4876-971b-b35f2121ebba,bc4b0c29-be0a-4b4d-bf52-8a4c6c260e64,0.8,78.01,2025-11-03 17:56:40.631,tamisage,{},MD-20251103-NGOAPO,,
3ea93c73-c940-40fd-be54-5b3170b56b85,bc4b0c29-be0a-4b4d-bf52-8a4c6c260e64,0.63,77.08,2025-11-03 17:56:40.631,tamisage,{},MD-20251103-NGOAPO,,
2f760885-8861-4283-9c75-d116e7b0a382,bc4b0c29-be0a-4b4d-bf52-8a4c6c260e64,0.5,75.98,2025-11-03 17:56:40.631,tamisage,{},MD-20251103-NGOAPO,,
b6c9901b-c7ee-4934-bbe0-51b639d7a643,bc4b0c29-be0a-4b4d-bf52-8a4c6c260e64,0.4,74.85,2025-11-03 17:56:40.631,tamisage,{},MD-20251103-NGOAPO,,
e3030a8e-1bc6-4b97-9948-78ce154c052f,bc4b0c29-be0a-4b4d-bf52-8a4c6c260e64,0.315,73.28,2025-11-03 17:56:40.631,tamisage,{},MD-20251103-NGOAPO,,
088565e5-517c-46a0-bed6-4bbe91e29cab,bc4b0c29-be0a-4b4d-bf52-8a4c6c260e64,0.25,71.44,2025-11-03 17:56:40.631,tamisage,{},MD-20251103-NGOAPO,,
ce03a966-a75e-4f6b-9bb8-30969694d0e8,bc4b0c29-be0a-4b4d-bf52-8a4c6c260e64,0.2,68.64,2025-11-03 17:56:40.631,tamisage,{},MD-20251103-NGOAPO,,
8758a3c9-da11-4693-b76f-0a15778351f1,bc4b0c29-be0a-4b4d-bf52-8a4c6c260e64,0.16,66.03,2025-11-03 17:56:40.631,tamisage,{},MD-20251103-NGOAPO,,
9cfd7edb-a07b-4429-b3d9-6ce93c5a44b8,bc4b0c29-be0a-4b4d-bf52-8a4c6c260e64,0.125,61.74,2025-11-03 17:56:40.631,tamisage,{},MD-20251103-NGOAPO,,
430e0edb-767a-4555-82f7-949762a6b2f2,bc4b0c29-be0a-4b4d-bf52-8a4c6c260e64,0.1,58.71,2025-11-03 17:56:40.631,tamisage,{},MD-20251103-NGOAPO,,
cc3c0532-0686-433c-85d7-187557d65a64,ae7b8bc8-519f-4c5d-832a-e9dee0c6704a,0.08,44.24,2025-11-04 10:25:42.991,tamisage,{},MD-20251103-GRANULO,,
665097f3-778c-4500-99f2-b57c96e23f68,bc4b0c29-be0a-4b4d-bf52-8a4c6c260e64,0.0634,50.34,2025-11-03 17:56:40.631,sedimentometrie,,MD-20251103-NGOAPO,,
bd444eea-e0cb-47ac-b4de-46f960442c38,bc4b0c29-be0a-4b4d-bf52-8a4c6c260e64,0.0475,38.76,2025-11-03 17:56:40.631,sedimentometrie,,MD-20251103-NGOAPO,,
d32b473f-e35e-4ae1-9dca-c60c672d41d8,bc4b0c29-be0a-4b4d-bf52-8a4c6c260e64,0.0353,27.86,2025-11-03 17:56:40.631,sedimentometrie,,MD-20251103-NGOAPO,,
79b8342c-1641-47b9-bf36-3b57cd526823,bc4b0c29-be0a-4b4d-bf52-8a4c6c260e64,0.0235,15.74,2025-11-03 17:56:40.631,sedimentometrie,,MD-20251103-NGOAPO,,
66d3b128-04ac-40e3-aeec-22e3d7dfc3b1,bc4b0c29-be0a-4b4d-bf52-8a4c6c260e64,0.014,7.9,2025-11-03 17:56:40.631,sedimentometrie,,MD-20251103-NGOAPO,,
359fbf7a-4810-4ca6-837c-21b58dc36c7f,bc4b0c29-be0a-4b4d-bf52-8a4c6c260e64,0.008,8.93,2025-11-03 17:56:40.631,sedimentometrie,{'anomaly': 'inversion +1.03%'},MD-20251103-NGOAPO,,
c399e6f4-72aa-4ef0-afa2-08ec1e15a2c4,bc4b0c29-be0a-4b4d-bf52-8a4c6c260e64,0.005,6.64,2025-11-03 17:56:40.631,sedimentometrie,,MD-20251103-NGOAPO,,
ae848315-62a9-4b71-ac85-825feaf68b53,bc4b0c29-be0a-4b4d-bf52-8a4c6c260e64,0.0035,6.51,2025-11-03 17:56:40.631,sedimentometrie,,MD-20251103-NGOAPO,,
c94601d9-c1d0-4002-ab8d-06b512aef3e6,bc4b0c29-be0a-4b4d-bf52-8a4c6c260e64,0.0029,6.51,2025-11-03 17:56:40.631,sedimentometrie,,MD-20251103-NGOAPO,,
13dc61e8-b4e6-4ea4-9acf-556c59858499,bc4b0c29-be0a-4b4d-bf52-8a4c6c260e64,0.0025,6.51,2025-11-03 17:56:40.631,sedimentometrie,,MD-20251103-NGOAPO,,
169f3585-5105-4dba-9d97-f77466eb64b3,bc4b0c29-be0a-4b4d-bf52-8a4c6c260e64,0.002,6.48,2025-11-03 17:56:40.631,sedimentometrie,,MD-20251103-NGOAPO,,
c0fb6a13-2fb3-436e-8c30-36cafc5c16af,bc4b0c29-be0a-4b4d-bf52-8a4c6c260e64,0.0014,5.78,2025-11-03 17:56:40.631,sedimentometrie,,MD-20251103-NGOAPO,,
02d5cf1c-7217-4227-9fe6-a5e7bb26a270,909965e3-806a-4259-ba0f-0a06874992e3,25,100,2025-11-03 17:56:40.631,tamisage,{},MD-20251103-NGOAPO,,
cf85e2e1-97fb-4756-b0ab-32b1e1f6c302,909965e3-806a-4259-ba0f-0a06874992e3,20,100,2025-11-03 17:56:40.631,tamisage,{},MD-20251103-NGOAPO,,
294f20ce-3fc8-4f8e-8b37-daab9585168f,909965e3-806a-4259-ba0f-0a06874992e3,16,100,2025-11-03 17:56:40.631,tamisage,{},MD-20251103-NGOAPO,,
a119a44b-06dd-44c3-940d-9762dfb01fc9,909965e3-806a-4259-ba0f-0a06874992e3,12.5,100,2025-11-03 17:56:40.631,tamisage,{},MD-20251103-NGOAPO,,
6ba2263e-b9a3-47ed-900a-fe315eabe21f,909965e3-806a-4259-ba0f-0a06874992e3,10,100,2025-11-03 17:56:40.631,tamisage,{},MD-20251103-NGOAPO,,
aab7deb0-07a7-45da-aeba-ec4eaa7f7ab3,909965e3-806a-4259-ba0f-0a06874992e3,8,100,2025-11-03 17:56:40.631,tamisage,{},MD-20251103-NGOAPO,,
d92b5203-0375-4c2f-b41d-1c68962f87be,909965e3-806a-4259-ba0f-0a06874992e3,6.3,100,2025-11-03 17:56:40.631,tamisage,{},MD-20251103-NGOAPO,,
7f7e57dc-2df5-427c-afb8-a9baa5485276,909965e3-806a-4259-ba0f-0a06874992e3,5,100,2025-11-03 17:56:40.631,tamisage,{},MD-20251103-NGOAPO,,
776b03d6-d543-4f1c-821d-1a3662d99b2b,909965e3-806a-4259-ba0f-0a06874992e3,4,99.98,2025-11-03 17:56:40.631,tamisage,{},MD-20251103-NGOAPO,,
0f952957-d3d9-4a2a-8b62-38b88c40ca1f,909965e3-806a-4259-ba0f-0a06874992e3,3.15,99.83,2025-11-03 17:56:40.631,tamisage,{},MD-20251103-NGOAPO,,
ece82781-a469-4a17-a099-31e4aa7ed52b,909965e3-806a-4259-ba0f-0a06874992e3,2.5,99.57,2025-11-03 17:56:40.631,tamisage,{},MD-20251103-NGOAPO,,
93f84980-d9f0-4f64-8895-233e649d6299,909965e3-806a-4259-ba0f-0a06874992e3,2,99.22,2025-11-03 17:56:40.631,tamisage,{},MD-20251103-NGOAPO,,
6a4dda7a-56c1-4568-b1ac-979de17e9331,909965e3-806a-4259-ba0f-0a06874992e3,1.6,98.85,2025-11-03 17:56:40.631,tamisage,{},MD-20251103-NGOAPO,,
6d2d9d58-706e-4b18-80b9-4b76bb1668c5,909965e3-806a-4259-ba0f-0a06874992e3,1.25,98.01,2025-11-03 17:56:40.631,tamisage,{},MD-20251103-NGOAPO,,
14adc151-1e1b-4c90-be08-aad84e5591a8,909965e3-806a-4259-ba0f-0a06874992e3,1,97.59,2025-11-03 17:56:40.631,tamisage,{},MD-20251103-NGOAPO,,
244065ba-d159-4e4e-9441-5fd9956974b8,909965e3-806a-4259-ba0f-0a06874992e3,0.8,97.01,2025-11-03 17:56:40.631,tamisage,{},MD-20251103-NGOAPO,,
e8c0995c-3703-4220-b3c9-d3dc1076bb4f,909965e3-806a-4259-ba0f-0a06874992e3,0.63,96.35,2025-11-03 17:56:40.631,tamisage,{},MD-20251103-NGOAPO,,
dfd5cf74-0da7-49ff-bf91-06298affbed9,909965e3-806a-4259-ba0f-0a06874992e3,0.5,94.97,2025-11-03 17:56:40.631,tamisage,{},MD-20251103-NGOAPO,,
dda926b7-b64e-4765-8a49-9e51a8339d26,909965e3-806a-4259-ba0f-0a06874992e3,0.4,93.73,2025-11-03 17:56:40.631,tamisage,{},MD-20251103-NGOAPO,,
2b806959-0f63-4a17-ba12-5f95fd2b047b,909965e3-806a-4259-ba0f-0a06874992e3,0.315,89.3,2025-11-03 17:56:40.631,tamisage,{},MD-20251103-NGOAPO,,
08e9b60f-e571-4985-b458-639e40d440dc,909965e3-806a-4259-ba0f-0a06874992e3,0.25,84.24,2025-11-03 17:56:40.631,tamisage,{},MD-20251103-NGOAPO,,
a178c1ad-b3c7-4ad6-adf6-0f762e6a5511,909965e3-806a-4259-ba0f-0a06874992e3,0.2,78.66,2025-11-03 17:56:40.631,tamisage,{},MD-20251103-NGOAPO,,
8cac212f-88f7-4cbc-9348-0de71575735b,909965e3-806a-4259-ba0f-0a06874992e3,0.16,73.18,2025-11-03 17:56:40.631,tamisage,{},MD-20251103-NGOAPO,,
d3184838-5239-4eff-8ce3-ce43d320f840,909965e3-806a-4259-ba0f-0a06874992e3,0.125,67.47,2025-11-03 17:56:40.631,tamisage,{},MD-20251103-NGOAPO,,
4383abad-5302-46a4-9a84-3c633b1dd16f,909965e3-806a-4259-ba0f-0a06874992e3,0.1,66.09,2025-11-03 17:56:40.631,tamisage,{},MD-20251103-NGOAPO,,
d7a6c4cb-7d8e-4bd7-94db-f755d5c60ebc,909965e3-806a-4259-ba0f-0a06874992e3,0.08,65,2025-11-03 17:56:40.631,tamisage,{},MD-20251103-NGOAPO,,
afcb8b16-3954-4ea2-9e6e-b0546fff4f13,909965e3-806a-4259-ba0f-0a06874992e3,0.0634,60.06,2025-11-03 17:56:40.631,sedimentometrie,{},MD-20251103-NGOAPO,,
2547f91d-90fe-4ee3-8885-8c2bcf24f5dc,909965e3-806a-4259-ba0f-0a06874992e3,0.0475,52.06,2025-11-03 17:56:40.631,sedimentometrie,{},MD-20251103-NGOAPO,,
c68c98c1-172a-4b50-a1dd-b2ce988a2359,909965e3-806a-4259-ba0f-0a06874992e3,0.0353,44.06,2025-11-03 17:56:40.631,sedimentometrie,{},MD-20251103-NGOAPO,,
47d27b63-1968-4607-bd96-06cbd294831d,909965e3-806a-4259-ba0f-0a06874992e3,0.0235,37.64,2025-11-03 17:56:40.631,sedimentometrie,{},MD-20251103-NGOAPO,,
f392aac3-e216-4a8f-9351-e64e7f25e968,909965e3-806a-4259-ba0f-0a06874992e3,0.014,34.44,2025-11-03 17:56:40.631,sedimentometrie,{},MD-20251103-NGOAPO,,
927e26c4-9b96-4706-bb5d-14e58f85437c,909965e3-806a-4259-ba0f-0a06874992e3,0.008,31.24,2025-11-03 17:56:40.631,sedimentometrie,{},MD-20251103-NGOAPO,,
0f6f0529-1846-4a56-9164-8d25320a4ae8,909965e3-806a-4259-ba0f-0a06874992e3,0.005,25.64,2025-11-03 17:56:40.631,sedimentometrie,{},MD-20251103-NGOAPO,,
ce60cdf4-e755-47d3-9c46-4e360ed4216a,909965e3-806a-4259-ba0f-0a06874992e3,0.0035,20.2,2025-11-03 17:56:40.631,sedimentometrie,{},MD-20251103-NGOAPO,,
d85774f9-8efe-44d3-a4d6-686e81e65327,909965e3-806a-4259-ba0f-0a06874992e3,0.0029,15.27,2025-11-03 17:56:40.631,sedimentometrie,{},MD-20251103-NGOAPO,,
72cdb611-4ae5-4db4-9b76-e380a09b6bc6,909965e3-806a-4259-ba0f-0a06874992e3,0.0025,10.48,2025-11-03 17:56:40.631,sedimentometrie,{},MD-20251103-NGOAPO,,
26153611-e5fd-4420-a406-da7cbe2d28ed,909965e3-806a-4259-ba0f-0a06874992e3,0.002,4.09,2025-11-03 17:56:40.631,sedimentometrie,{},MD-20251103-NGOAPO,,
b0ede5a7-3293-449e-8920-e949b753b458,909965e3-806a-4259-ba0f-0a06874992e3,0.0014,0.89,2025-11-03 17:56:40.631,sedimentometrie,{},MD-20251103-NGOAPO,,
e20c1ad6-d813-41aa-a5b2-a1f959404dab,7d9d4b35-f13f-4aea-b964-f695d8a0da12,25,100,2025-11-03 17:56:40.631,tamisage,{},MD-20251103-NGOAPO,,
25fe8135-c619-499b-8528-646648b00bfa,7d9d4b35-f13f-4aea-b964-f695d8a0da12,20,100,2025-11-03 17:56:40.631,tamisage,{},MD-20251103-NGOAPO,,
a610d370-3730-4366-85f4-aa4926dd5c54,7d9d4b35-f13f-4aea-b964-f695d8a0da12,16,100,2025-11-03 17:56:40.631,tamisage,{},MD-20251103-NGOAPO,,
54914845-3121-4d60-acd6-f7ac8f4c0cfc,7d9d4b35-f13f-4aea-b964-f695d8a0da12,12.5,100,2025-11-03 17:56:40.631,tamisage,{},MD-20251103-NGOAPO,,
000e3414-cef7-4378-9836-e95def3820b5,7d9d4b35-f13f-4aea-b964-f695d8a0da12,10,100,2025-11-03 17:56:40.631,tamisage,{},MD-20251103-NGOAPO,,
44440b7b-303a-4352-8160-4e42f9a0a1db,7d9d4b35-f13f-4aea-b964-f695d8a0da12,8,100,2025-11-03 17:56:40.631,tamisage,{},MD-20251103-NGOAPO,,
c08eedc4-c6a7-4d36-8fa8-ccc43c8c4c23,7d9d4b35-f13f-4aea-b964-f695d8a0da12,6.3,100,2025-11-03 17:56:40.631,tamisage,{},MD-20251103-NGOAPO,,
905b4e5d-fb27-4500-805e-13dcdc2a34f0,7d9d4b35-f13f-4aea-b964-f695d8a0da12,5,99.96,2025-11-03 17:56:40.631,tamisage,{},MD-20251103-NGOAPO,,
f0850be4-f047-4c41-9318-3fa0ce587339,7d9d4b35-f13f-4aea-b964-f695d8a0da12,4,99.82,2025-11-03 17:56:40.631,tamisage,{},MD-20251103-NGOAPO,,
cea6b981-0c5d-49f0-8347-7b83ac4cf959,7d9d4b35-f13f-4aea-b964-f695d8a0da12,3.15,99.43,2025-11-03 17:56:40.631,tamisage,{},MD-20251103-NGOAPO,,
e6ec42d2-4663-4d8a-96b1-e76dd74f089a,7d9d4b35-f13f-4aea-b964-f695d8a0da12,2.5,98.88,2025-11-03 17:56:40.631,tamisage,{},MD-20251103-NGOAPO,,
1ff00d0f-cd48-4001-9895-74c07ce6972d,7d9d4b35-f13f-4aea-b964-f695d8a0da12,2,98.15,2025-11-03 17:56:40.631,tamisage,{},MD-20251103-NGOAPO,,
48893e0f-ad89-4d50-ba8e-c2a1a0caab03,7d9d4b35-f13f-4aea-b964-f695d8a0da12,1.6,97.11,2025-11-03 17:56:40.631,tamisage,{},MD-20251103-NGOAPO,,
e6547e13-048c-4f19-994d-b97382b8ef6c,7d9d4b35-f13f-4aea-b964-f695d8a0da12,1.25,94.99,2025-11-03 17:56:40.631,tamisage,{},MD-20251103-NGOAPO,,
a8d182ae-c497-4bf5-8ba4-b01686cfede9,7d9d4b35-f13f-4aea-b964-f695d8a0da12,1,92.77,2025-11-03 17:56:40.631,tamisage,{},MD-20251103-NGOAPO,,
3aed154d-53fc-430a-a301-7f88321eeb2e,7d9d4b35-f13f-4aea-b964-f695d8a0da12,0.8,89.8,2025-11-03 17:56:40.631,tamisage,{},MD-20251103-NGOAPO,,
159856a9-2916-4af7-b2cb-3206d5d5b998,7d9d4b35-f13f-4aea-b964-f695d8a0da12,0.63,87.43,2025-11-03 17:56:40.631,tamisage,{},MD-20251103-NGOAPO,,
c489dafb-54bd-4e6e-b0df-b6198f31ee8d,7d9d4b35-f13f-4aea-b964-f695d8a0da12,0.5,82.26,2025-11-03 17:56:40.631,tamisage,{},MD-20251103-NGOAPO,,
bd037ae0-1212-421c-a329-1214d0dcc745,7d9d4b35-f13f-4aea-b964-f695d8a0da12,0.4,78.41,2025-11-03 17:56:40.631,tamisage,{},MD-20251103-NGOAPO,,
eac61fa3-9011-406a-9b61-48cf1e8084c7,7d9d4b35-f13f-4aea-b964-f695d8a0da12,0.315,73.89,2025-11-03 17:56:40.631,tamisage,{},MD-20251103-NGOAPO,,
cd6c9343-b58b-479a-ad5e-e728ad793f88,7d9d4b35-f13f-4aea-b964-f695d8a0da12,0.25,69.2,2025-11-03 17:56:40.631,tamisage,{},MD-20251103-NGOAPO,,
fe36c245-4763-438f-91d6-9b465652579a,7d9d4b35-f13f-4aea-b964-f695d8a0da12,0.2,62.9,2025-11-03 17:56:40.631,tamisage,{},MD-20251103-NGOAPO,,
3964c2bd-a84a-451b-b655-5fef65da5092,7d9d4b35-f13f-4aea-b964-f695d8a0da12,0.16,58.14,2025-11-03 17:56:40.631,tamisage,{},MD-20251103-NGOAPO,,
d4457a16-1c89-4d64-82d4-331c45258912,7d9d4b35-f13f-4aea-b964-f695d8a0da12,0.125,49.23,2025-11-03 17:56:40.631,tamisage,{},MD-20251103-NGOAPO,,
6a50149e-c540-4220-9e77-08de7a68cd8c,7d9d4b35-f13f-4aea-b964-f695d8a0da12,0.1,45.04,2025-11-03 17:56:40.631,tamisage,{},MD-20251103-NGOAPO,,
502259a6-30f4-4ebe-b835-5bb2e1df7e87,7d9d4b35-f13f-4aea-b964-f695d8a0da12,0.08,42.49,2025-11-03 17:56:40.631,tamisage,{},MD-20251103-NGOAPO,,
09c393b9-b1df-490b-a83c-b4ca62cbfc46,7d9d4b35-f13f-4aea-b964-f695d8a0da12,0.0634,36.26,2025-11-03 17:56:40.631,sedimentometrie,{},MD-20251103-NGOAPO,,
bfc32811-a5d5-47b5-9941-45eec37eaf34,7d9d4b35-f13f-4aea-b964-f695d8a0da12,0.0475,27.09,2025-11-03 17:56:40.631,sedimentometrie,{},MD-20251103-NGOAPO,,
8edb695d-7279-4fd3-aebd-cdda77939f3a,7d9d4b35-f13f-4aea-b964-f695d8a0da12,0.0353,20.67,2025-11-03 17:56:40.631,sedimentometrie,{},MD-20251103-NGOAPO,,
1e7a5445-d4f6-4359-b28f-9af9c994ab96,7d9d4b35-f13f-4aea-b964-f695d8a0da12,0.0235,13.33,2025-11-03 17:56:40.631,sedimentometrie,{},MD-20251103-NGOAPO,,
bbb41dbc-a16f-45f6-b0b5-38ade5ac85e8,7d9d4b35-f13f-4aea-b964-f695d8a0da12,0.014,10.58,2025-11-03 17:56:40.631,sedimentometrie,{},MD-20251103-NGOAPO,,
099568c3-4c65-4ed2-a92c-20881cc80219,7d9d4b35-f13f-4aea-b964-f695d8a0da12,0.008,7.84,2025-11-03 17:56:40.631,sedimentometrie,{},MD-20251103-NGOAPO,,
4c566322-4854-4a62-9865-a1334b19c72b,7d9d4b35-f13f-4aea-b964-f695d8a0da12,0.005,6.01,2025-11-03 17:56:40.631,sedimentometrie,{},MD-20251103-NGOAPO,,
48011ae7-6b81-4bbb-b7af-7e79ab85ba2d,7d9d4b35-f13f-4aea-b964-f695d8a0da12,0.0035,5.57,2025-11-03 17:56:40.631,sedimentometrie,{},MD-20251103-NGOAPO,,
0c433eeb-c844-456f-a793-ecdc5e13ac8a,7d9d4b35-f13f-4aea-b964-f695d8a0da12,0.0029,5.12,2025-11-03 17:56:40.631,sedimentometrie,{},MD-20251103-NGOAPO,,
0d71576e-57f1-4747-9701-accfbe14128a,7d9d4b35-f13f-4aea-b964-f695d8a0da12,0.0025,5.1,2025-11-03 17:56:40.631,sedimentometrie,{},MD-20251103-NGOAPO,,
a9785717-c4ac-413a-a7b3-b48ee1ca8aa4,7d9d4b35-f13f-4aea-b964-f695d8a0da12,0.002,5.1,2025-11-03 17:56:40.631,sedimentometrie,{},MD-20251103-NGOAPO,,
9a90d575-abca-4e9c-b84c-a6d519dc6491,7d9d4b35-f13f-4aea-b964-f695d8a0da12,0.0014,5.1,2025-11-03 17:56:40.631,sedimentometrie,{},MD-20251103-NGOAPO,,
cc6375d1-6992-411a-bf58-1313df9020c3,015eba1c-1a6a-412c-ad52-57795712f49a,25,100,2025-11-03 17:56:40.631,tamisage,,MD-20251103-NGOAPO,,
098d461f-f131-49d5-897f-e92b644f75f9,015eba1c-1a6a-412c-ad52-57795712f49a,20,95.84,2025-11-03 17:56:40.631,tamisage,,MD-20251103-NGOAPO,,
b288fb96-c237-4e4e-b5dd-515d98392389,015eba1c-1a6a-412c-ad52-57795712f49a,16,94.65,2025-11-03 17:56:40.631,tamisage,,MD-20251103-NGOAPO,,
89dbf6c7-5f0a-4675-ae9b-05c8db15e8e6,015eba1c-1a6a-412c-ad52-57795712f49a,12.5,94.92,2025-11-03 17:56:40.631,tamisage,{'anomaly': 'inversion +0.27%'},MD-20251103-NGOAPO,,
efde6c4e-a572-47e5-9dd3-7fa7cd1268ef,015eba1c-1a6a-412c-ad52-57795712f49a,10,94.06,2025-11-03 17:56:40.631,tamisage,,MD-20251103-NGOAPO,,
d456457c-c07e-4cdb-ad55-60306f15caa0,015eba1c-1a6a-412c-ad52-57795712f49a,8,93.67,2025-11-03 17:56:40.631,tamisage,,MD-20251103-NGOAPO,,
8ab7b734-ea6c-47f5-b6d5-2173be3f376f,015eba1c-1a6a-412c-ad52-57795712f49a,6.3,92.85,2025-11-03 17:56:40.631,tamisage,,MD-20251103-NGOAPO,,
f564f800-10fd-4a33-8257-61327158705b,015eba1c-1a6a-412c-ad52-57795712f49a,5,92.39,2025-11-03 17:56:40.631,tamisage,,MD-20251103-NGOAPO,,
aaa77410-9986-47bf-9558-144c7e82f00f,015eba1c-1a6a-412c-ad52-57795712f49a,4,91.97,2025-11-03 17:56:40.631,tamisage,,MD-20251103-NGOAPO,,
84c7d4fb-54f3-47fd-b8fb-c378d7005fff,015eba1c-1a6a-412c-ad52-57795712f49a,3.15,91.59,2025-11-03 17:56:40.631,tamisage,,MD-20251103-NGOAPO,,
0e9d0df6-728f-4ee5-a0e8-15409eda7325,015eba1c-1a6a-412c-ad52-57795712f49a,2.5,91.35,2025-11-03 17:56:40.631,tamisage,,MD-20251103-NGOAPO,,
5cb190ea-d16c-4617-9ad7-ed7915b03f2c,015eba1c-1a6a-412c-ad52-57795712f49a,2,91.21,2025-11-03 17:56:40.631,tamisage,,MD-20251103-NGOAPO,,
24b9c735-13e1-4148-ad8a-47c69716a46b,015eba1c-1a6a-412c-ad52-57795712f49a,1.6,91.04,2025-11-03 17:56:40.631,tamisage,,MD-20251103-NGOAPO,,
e439d702-b891-4a84-b826-00889e29a206,015eba1c-1a6a-412c-ad52-57795712f49a,1.25,90.88,2025-11-03 17:56:40.631,tamisage,,MD-20251103-NGOAPO,,
e945c4ba-c51d-4044-b902-dcecdaad7725,015eba1c-1a6a-412c-ad52-57795712f49a,1,90.74,2025-11-03 17:56:40.631,tamisage,,MD-20251103-NGOAPO,,
b59d98d9-c9b2-4029-9eea-8e9453898e15,015eba1c-1a6a-412c-ad52-57795712f49a,0.8,90.59,2025-11-03 17:56:40.631,tamisage,,MD-20251103-NGOAPO,,
b19af80a-43ff-44e6-8897-9d1956a14465,015eba1c-1a6a-412c-ad52-57795712f49a,0.63,90.41,2025-11-03 17:56:40.631,tamisage,,MD-20251103-NGOAPO,,
d0167e0f-dc4f-4bac-a53b-eb12ce4019e6,015eba1c-1a6a-412c-ad52-57795712f49a,0.5,90.09,2025-11-03 17:56:40.631,tamisage,,MD-20251103-NGOAPO,,
e9920a4e-7088-48c1-ae7d-dccea034009d,015eba1c-1a6a-412c-ad52-57795712f49a,0.4,89.64,2025-11-03 17:56:40.631,tamisage,,MD-20251103-NGOAPO,,
8ae958b8-208e-42ea-b190-b0dbeb5b3ccd,015eba1c-1a6a-412c-ad52-57795712f49a,0.315,88.8,2025-11-03 17:56:40.631,tamisage,,MD-20251103-NGOAPO,,
fa38794c-52a6-4ed9-9fce-2e39cc6e3344,015eba1c-1a6a-412c-ad52-57795712f49a,0.25,87.46,2025-11-03 17:56:40.631,tamisage,,MD-20251103-NGOAPO,,
d17b59d8-4da2-46c7-a045-4b27749d23d7,015eba1c-1a6a-412c-ad52-57795712f49a,0.2,84.81,2025-11-03 17:56:40.631,tamisage,,MD-20251103-NGOAPO,,
d8a25e40-3cfc-4b9b-a602-63c0e277858b,015eba1c-1a6a-412c-ad52-57795712f49a,0.16,81.33,2025-11-03 17:56:40.631,tamisage,,MD-20251103-NGOAPO,,
0e399489-46b9-427d-a873-a6bc21f72f21,015eba1c-1a6a-412c-ad52-57795712f49a,0.125,72.63,2025-11-03 17:56:40.631,tamisage,,MD-20251103-NGOAPO,,
7cde2f3d-c802-4215-b735-87b8d7116259,015eba1c-1a6a-412c-ad52-57795712f49a,0.1,69.16,2025-11-03 17:56:40.631,tamisage,,MD-20251103-NGOAPO,,
e2c9e141-9f18-4ee0-8117-2ec38996bfec,015eba1c-1a6a-412c-ad52-57795712f49a,0.08,66.38,2025-11-03 17:56:40.631,tamisage,,MD-20251103-NGOAPO,,
177fa91d-cddb-4124-9a14-96aab11ce528,015eba1c-1a6a-412c-ad52-57795712f49a,0.0617,50.34,2025-11-03 17:56:40.631,sedimentometrie,,MD-20251103-NGOAPO,,
394ae1a7-e591-4d33-82f4-f52afa31b3a6,015eba1c-1a6a-412c-ad52-57795712f49a,0.0454,38.76,2025-11-03 17:56:40.631,sedimentometrie,,MD-20251103-NGOAPO,,
2e024e98-5391-4f02-9cf6-3f4b50840e33,015eba1c-1a6a-412c-ad52-57795712f49a,0.0338,27.86,2025-11-03 17:56:40.631,sedimentometrie,,MD-20251103-NGOAPO,,
d145ec9e-8b8b-48e6-a7df-00d38bb10e3b,015eba1c-1a6a-412c-ad52-57795712f49a,0.0224,15.74,2025-11-03 17:56:40.631,sedimentometrie,,MD-20251103-NGOAPO,,
c07ba4b1-ddf2-40d8-8cdf-dafc11279d11,015eba1c-1a6a-412c-ad52-57795712f49a,0.0131,7.9,2025-11-03 17:56:40.631,sedimentometrie,,MD-20251103-NGOAPO,,
a4e6eec4-0c83-4615-8d28-1bf0c295a5dc,015eba1c-1a6a-412c-ad52-57795712f49a,0.0076,8.93,2025-11-03 17:56:40.631,sedimentometrie,,MD-20251103-NGOAPO,,
894891b4-ad36-41a0-8a42-6ffe056f3bf7,015eba1c-1a6a-412c-ad52-57795712f49a,0.0047,6.64,2025-11-03 17:56:40.631,sedimentometrie,,MD-20251103-NGOAPO,,
0903e03a-02dc-40a0-938d-85ddeb7c867a,015eba1c-1a6a-412c-ad52-57795712f49a,0.0033,6.51,2025-11-03 17:56:40.631,sedimentometrie,,MD-20251103-NGOAPO,,
4601d8fe-5c9e-40a4-bb0b-69c9ad6136a2,015eba1c-1a6a-412c-ad52-57795712f49a,0.0027,6.51,2025-11-03 17:56:40.631,sedimentometrie,,MD-20251103-NGOAPO,,
da7c0014-9aff-4ede-8bf1-d26db888aea8,015eba1c-1a6a-412c-ad52-57795712f49a,0.0024,6.51,2025-11-03 17:56:40.631,sedimentometrie,,MD-20251103-NGOAPO,,
8ff7d1c4-4dfe-4ec0-a560-21d7c992b7a5,015eba1c-1a6a-412c-ad52-57795712f49a,0.002,6.48,2025-11-03 17:56:40.631,sedimentometrie,,MD-20251103-NGOAPO,,
20fa8d3b-45df-4465-a38a-ce118a653e6d,015eba1c-1a6a-412c-ad52-57795712f49a,0.0014,5.78,2025-11-03 17:56:40.631,sedimentometrie,,MD-20251103-NGOAPO,,
5686ea78-e5b7-4207-abdd-7a7d03faf8ef,70af2729-9913-4a60-8096-01df5947d1cb,25,100,2025-11-03 17:56:40.631,tamisage,{},MD-20251103-NGOAPO,,
14a61c79-664c-4c99-b3f5-a322b649bcec,70af2729-9913-4a60-8096-01df5947d1cb,20,100,2025-11-03 17:56:40.631,tamisage,{},MD-20251103-NGOAPO,,
783b4abb-9797-487d-8219-90365d3254f2,70af2729-9913-4a60-8096-01df5947d1cb,16,99.56,2025-11-03 17:56:40.631,tamisage,{},MD-20251103-NGOAPO,,
79d2ffd9-6297-4231-a104-715b69487fa0,70af2729-9913-4a60-8096-01df5947d1cb,12.5,99.56,2025-11-03 17:56:40.631,tamisage,{},MD-20251103-NGOAPO,,
9431ec2f-d4b1-41b5-aa85-82db2a538007,70af2729-9913-4a60-8096-01df5947d1cb,10,99.56,2025-11-03 17:56:40.631,tamisage,{},MD-20251103-NGOAPO,,
1db7348f-98eb-4df6-928a-a6dc9e25d581,70af2729-9913-4a60-8096-01df5947d1cb,8,99.43,2025-11-03 17:56:40.631,tamisage,{},MD-20251103-NGOAPO,,
dfceb4a3-32af-43aa-9d61-07fb7d79dcec,70af2729-9913-4a60-8096-01df5947d1cb,6.3,99.43,2025-11-03 17:56:40.631,tamisage,{},MD-20251103-NGOAPO,,
4f582384-e6af-45ff-9e2f-674a13708cbd,70af2729-9913-4a60-8096-01df5947d1cb,5,99.14,2025-11-03 17:56:40.631,tamisage,{},MD-20251103-NGOAPO,,
195d944c-0bd9-470f-830f-e205937906aa,70af2729-9913-4a60-8096-01df5947d1cb,4,98.96,2025-11-03 17:56:40.631,tamisage,{},MD-20251103-NGOAPO,,
c94e2218-595f-4b06-941e-92b58bcb2d95,70af2729-9913-4a60-8096-01df5947d1cb,3.15,98.64,2025-11-03 17:56:40.631,tamisage,{},MD-20251103-NGOAPO,,
59da0614-a71b-4f1d-9e17-66711dcb55bf,70af2729-9913-4a60-8096-01df5947d1cb,2.5,98.42,2025-11-03 17:56:40.631,tamisage,{},MD-20251103-NGOAPO,,
94594b5a-3482-4940-8f90-f3791e3c0db1,70af2729-9913-4a60-8096-01df5947d1cb,2,98.17,2025-11-03 17:56:40.631,tamisage,{},MD-20251103-NGOAPO,,
028e2d18-c282-4414-863a-ba38482a4fd9,70af2729-9913-4a60-8096-01df5947d1cb,1.6,97.94,2025-11-03 17:56:40.631,tamisage,{},MD-20251103-NGOAPO,,
7acf1069-f784-4369-ae54-df96a2cb5790,70af2729-9913-4a60-8096-01df5947d1cb,1.25,97.66,2025-11-03 17:56:40.631,tamisage,{},MD-20251103-NGOAPO,,
5863ccf2-d8ca-42d3-ba96-50c7edafde2d,70af2729-9913-4a60-8096-01df5947d1cb,1,97.44,2025-11-03 17:56:40.631,tamisage,{},MD-20251103-NGOAPO,,
e2d0f2d4-930c-4b07-aaa6-2724410f7092,70af2729-9913-4a60-8096-01df5947d1cb,0.8,97.15,2025-11-03 17:56:40.631,tamisage,{},MD-20251103-NGOAPO,,
b958e9a3-eeb6-44e3-9188-c30481616f62,70af2729-9913-4a60-8096-01df5947d1cb,0.63,96.78,2025-11-03 17:56:40.631,tamisage,{},MD-20251103-NGOAPO,,
e2211d05-2f7c-465f-ac2d-9b8910be840e,70af2729-9913-4a60-8096-01df5947d1cb,0.5,95.9,2025-11-03 17:56:40.631,tamisage,{},MD-20251103-NGOAPO,,
e02650b2-9187-4de5-b2f5-22253d7db280,70af2729-9913-4a60-8096-01df5947d1cb,0.4,94.82,2025-11-03 17:56:40.631,tamisage,{},MD-20251103-NGOAPO,,
49a9a75a-ac60-47de-8f43-477ccd556589,70af2729-9913-4a60-8096-01df5947d1cb,0.315,87.48,2025-11-03 17:56:40.631,tamisage,{},MD-20251103-NGOAPO,,
86cc0af3-ee87-4e0a-a888-342b56c71853,70af2729-9913-4a60-8096-01df5947d1cb,0.25,82.36,2025-11-03 17:56:40.631,tamisage,{},MD-20251103-NGOAPO,,
f41a7041-deb3-41ac-b774-a11b1bdc2be9,70af2729-9913-4a60-8096-01df5947d1cb,0.2,71.72,2025-11-03 17:56:40.631,tamisage,{},MD-20251103-NGOAPO,,
aacad608-c4e0-48e2-972d-243fd896987b,70af2729-9913-4a60-8096-01df5947d1cb,0.16,67.23,2025-11-03 17:56:40.631,tamisage,{},MD-20251103-NGOAPO,,
dddf9516-d795-49e6-87a3-fe2bda008777,70af2729-9913-4a60-8096-01df5947d1cb,0.125,62.68,2025-11-03 17:56:40.631,tamisage,{},MD-20251103-NGOAPO,,
02903f86-466b-46f5-ba60-13f806de9cda,70af2729-9913-4a60-8096-01df5947d1cb,0.1,61.43,2025-11-03 17:56:40.631,tamisage,{},MD-20251103-NGOAPO,,
a67485c3-da6f-4795-b4eb-e3f271dd4f47,70af2729-9913-4a60-8096-01df5947d1cb,0.08,60.77,2025-11-03 17:56:40.631,tamisage,{},MD-20251103-NGOAPO,,
5d0fd7c3-22d4-400b-b06d-42f924958d0d,70af2729-9913-4a60-8096-01df5947d1cb,0.0617,56.62,2025-11-03 17:56:40.631,sedimentometrie,{},MD-20251103-NGOAPO,,
27079d5f-833c-4d90-9a58-d1d0eb316c3b,70af2729-9913-4a60-8096-01df5947d1cb,0.0454,45.98,2025-11-03 17:56:40.631,sedimentometrie,{},MD-20251103-NGOAPO,,
6a94237e-883c-46ee-80d6-6c971a069728,70af2729-9913-4a60-8096-01df5947d1cb,0.0338,36.66,2025-11-03 17:56:40.631,sedimentometrie,{},MD-20251103-NGOAPO,,
8d5e3a6c-a61e-4452-8666-1ab00ec70835,70af2729-9913-4a60-8096-01df5947d1cb,0.0224,27.35,2025-11-03 17:56:40.631,sedimentometrie,{},MD-20251103-NGOAPO,,
bd85a0bc-67b8-472d-a61f-c6da92ee3650,70af2729-9913-4a60-8096-01df5947d1cb,0.0131,26.02,2025-11-03 17:56:40.631,sedimentometrie,{},MD-20251103-NGOAPO,,
07e072c8-26ee-4b19-8719-35551112a63f,70af2729-9913-4a60-8096-01df5947d1cb,0.0076,24.69,2025-11-03 17:56:40.631,sedimentometrie,{},MD-20251103-NGOAPO,,
ec396ca9-49c2-4ebb-8994-e1d020615d81,70af2729-9913-4a60-8096-01df5947d1cb,0.0047,23.37,2025-11-03 17:56:40.631,sedimentometrie,{},MD-20251103-NGOAPO,,
aefc804f-773e-4924-9b2a-a7a54d17e806,70af2729-9913-4a60-8096-01df5947d1cb,0.0033,22.04,2025-11-03 17:56:40.631,sedimentometrie,{},MD-20251103-NGOAPO,,
7001231e-dcb0-44ac-8fe3-276f43b95d9e,70af2729-9913-4a60-8096-01df5947d1cb,0.0027,20.71,2025-11-03 17:56:40.631,sedimentometrie,{},MD-20251103-NGOAPO,,
b159681a-ee34-4561-84b1-e9ac380e795a,70af2729-9913-4a60-8096-01df5947d1cb,0.0024,20.04,2025-11-03 17:56:40.631,sedimentometrie,{},MD-20251103-NGOAPO,,
635f319e-f103-453e-8710-0aca525b077e,70af2729-9913-4a60-8096-01df5947d1cb,0.002,18.05,2025-11-03 17:56:40.631,sedimentometrie,{},MD-20251103-NGOAPO,,
e4389231-e6ad-4653-8bc5-f06821b67ea7,70af2729-9913-4a60-8096-01df5947d1cb,0.0014,15.36,2025-11-03 17:56:40.631,sedimentometrie,{},MD-20251103-NGOAPO,,
9060c0ec-781f-431a-95b1-ba9dfdb7a4c2,d9e3efb5-7f7f-45bf-8aee-71b32aa58807,25,100,2025-11-03 17:56:40.631,tamisage,{},MD-20251103-NGOAPO,,
857829be-8f87-44ea-8007-915fcc65cad2,d9e3efb5-7f7f-45bf-8aee-71b32aa58807,20,100,2025-11-03 17:56:40.631,tamisage,{},MD-20251103-NGOAPO,,
6ea20c11-32ce-4e32-ad2c-aed827d05747,d9e3efb5-7f7f-45bf-8aee-71b32aa58807,16,100,2025-11-03 17:56:40.631,tamisage,{},MD-20251103-NGOAPO,,
c0689bf1-e855-4185-917c-2de80f0f9a62,d9e3efb5-7f7f-45bf-8aee-71b32aa58807,12.5,100,2025-11-03 17:56:40.631,tamisage,{},MD-20251103-NGOAPO,,
0a80e132-1f70-473b-8c92-308d03a313cf,d9e3efb5-7f7f-45bf-8aee-71b32aa58807,10,100,2025-11-03 17:56:40.631,tamisage,{},MD-20251103-NGOAPO,,
76d7fd85-297b-4b78-8d55-64529948122c,d9e3efb5-7f7f-45bf-8aee-71b32aa58807,8,99.94,2025-11-03 17:56:40.631,tamisage,{},MD-20251103-NGOAPO,,
fe7d19ee-7b54-4edb-8428-70a944370ad4,d9e3efb5-7f7f-45bf-8aee-71b32aa58807,6.3,99.87,2025-11-03 17:56:40.631,tamisage,{},MD-20251103-NGOAPO,,
ac703a90-6c8f-4be7-b6a4-0f9fe6cdada0,d9e3efb5-7f7f-45bf-8aee-71b32aa58807,5,99.74,2025-11-03 17:56:40.631,tamisage,{},MD-20251103-NGOAPO,,
fb2d29c9-7619-4067-96eb-8e48b9412ee6,d9e3efb5-7f7f-45bf-8aee-71b32aa58807,4,99.48,2025-11-03 17:56:40.631,tamisage,{},MD-20251103-NGOAPO,,
ae56d271-54a8-4434-b949-1edf062397bb,d9e3efb5-7f7f-45bf-8aee-71b32aa58807,3.15,98.96,2025-11-03 17:56:40.631,tamisage,{},MD-20251103-NGOAPO,,
7fb53843-ff3c-4723-b813-fc7984e7bd5b,d9e3efb5-7f7f-45bf-8aee-71b32aa58807,2.5,98.63,2025-11-03 17:56:40.631,tamisage,{},MD-20251103-NGOAPO,,
19416ad3-6612-46a9-8795-1f9716f29b06,d9e3efb5-7f7f-45bf-8aee-71b32aa58807,2,98.31,2025-11-03 17:56:40.631,tamisage,{},MD-20251103-NGOAPO,,
01f01fe5-0ce4-4301-89c9-4e6af351ca43,d9e3efb5-7f7f-45bf-8aee-71b32aa58807,1.6,97.98,2025-11-03 17:56:40.631,tamisage,{},MD-20251103-NGOAPO,,
e89a432a-fc9c-4303-8f00-d20fcec6b1bf,d9e3efb5-7f7f-45bf-8aee-71b32aa58807,1.25,97.64,2025-11-03 17:56:40.631,tamisage,{},MD-20251103-NGOAPO,,
4ce89aaf-49d8-450f-852c-8bb541673b3c,d9e3efb5-7f7f-45bf-8aee-71b32aa58807,1,97.33,2025-11-03 17:56:40.631,tamisage,{},MD-20251103-NGOAPO,,
81ac7c55-91fd-4ec8-b229-0b11ece8e1dd,d9e3efb5-7f7f-45bf-8aee-71b32aa58807,0.8,96.92,2025-11-03 17:56:40.631,tamisage,{},MD-20251103-NGOAPO,,
e7132330-2ef6-4ca4-bca6-b4a63326be1d,d9e3efb5-7f7f-45bf-8aee-71b32aa58807,0.63,96.33,2025-11-03 17:56:40.631,tamisage,{},MD-20251103-NGOAPO,,
f1848699-e7ac-4248-ae3c-ac1e6bd6980e,d9e3efb5-7f7f-45bf-8aee-71b32aa58807,0.5,94.96,2025-11-03 17:56:40.631,tamisage,{},MD-20251103-NGOAPO,,
f93dd112-4ac9-4fc7-87ce-2705a3859561,d9e3efb5-7f7f-45bf-8aee-71b32aa58807,0.4,93.37,2025-11-03 17:56:40.631,tamisage,{},MD-20251103-NGOAPO,,
6c68720a-f449-4faf-b9cb-bfda17768feb,d9e3efb5-7f7f-45bf-8aee-71b32aa58807,0.315,90.15,2025-11-03 17:56:40.631,tamisage,{},MD-20251103-NGOAPO,,
e2c456bc-b0d6-432a-b5d0-be34102e42fa,d9e3efb5-7f7f-45bf-8aee-71b32aa58807,0.25,85.73,2025-11-03 17:56:40.631,tamisage,{},MD-20251103-NGOAPO,,
060e8592-fb06-4fff-8c8b-a3ba2f01f7aa,d9e3efb5-7f7f-45bf-8aee-71b32aa58807,0.2,79.41,2025-11-03 17:56:40.631,tamisage,{},MD-20251103-NGOAPO,,
65d03970-a45d-4b8a-84f5-537fd78985dc,d9e3efb5-7f7f-45bf-8aee-71b32aa58807,0.16,73.81,2025-11-03 17:56:40.631,tamisage,{},MD-20251103-NGOAPO,,
ed224a3c-497b-4773-81a2-538398a995c4,d9e3efb5-7f7f-45bf-8aee-71b32aa58807,0.125,64.93,2025-11-03 17:56:40.631,tamisage,{},MD-20251103-NGOAPO,,
34f7fe28-d342-4ad6-8437-2f9ac8463980,d9e3efb5-7f7f-45bf-8aee-71b32aa58807,0.1,60.64,2025-11-03 17:56:40.631,tamisage,{},MD-20251103-NGOAPO,,
2b5115ce-26ca-4925-952f-513205ac277a,d9e3efb5-7f7f-45bf-8aee-71b32aa58807,0.08,58.36,2025-11-03 17:56:40.631,tamisage,{},MD-20251103-NGOAPO,,
282ec58c-36d3-4a37-a43c-d80c11c2fec8,d9e3efb5-7f7f-45bf-8aee-71b32aa58807,0.0617,52.71,2025-11-03 17:56:40.631,sedimentometrie,,MD-20251103-NGOAPO,,
98053a8f-b84b-44c3-bd6a-051d63129744,d9e3efb5-7f7f-45bf-8aee-71b32aa58807,0.0454,42.88,2025-11-03 17:56:40.631,sedimentometrie,,MD-20251103-NGOAPO,,
c72c5e47-d964-4019-8923-d44d70cba2c4,d9e3efb5-7f7f-45bf-8aee-71b32aa58807,0.0338,35.87,2025-11-03 17:56:40.631,sedimentometrie,,MD-20251103-NGOAPO,,
a18d31e1-9a21-411a-b16b-6d28725aac87,d9e3efb5-7f7f-45bf-8aee-71b32aa58807,0.0224,28.85,2025-11-03 17:56:40.631,sedimentometrie,,MD-20251103-NGOAPO,,
919c4e0d-9a75-47de-9b39-6ab1967815ea,d9e3efb5-7f7f-45bf-8aee-71b32aa58807,0.0131,24.29,2025-11-03 17:56:40.631,sedimentometrie,,MD-20251103-NGOAPO,,
72955052-d662-4ce5-a413-5c88801d66ba,d9e3efb5-7f7f-45bf-8aee-71b32aa58807,0.0076,24.36,2025-11-03 17:56:40.631,sedimentometrie,{'anomaly': 'inversion +0.07%'},MD-20251103-NGOAPO,,
89dbe3f3-9106-4a1f-81f5-5896c2dd58a9,d9e3efb5-7f7f-45bf-8aee-71b32aa58807,0.0047,21.84,2025-11-03 17:56:40.631,sedimentometrie,,MD-20251103-NGOAPO,,
d9f21491-7213-4a36-8309-6734d6319706,d9e3efb5-7f7f-45bf-8aee-71b32aa58807,0.0033,20.45,2025-11-03 17:56:40.631,sedimentometrie,,MD-20251103-NGOAPO,,
fe5229da-bbbe-4d14-9939-d6dd993d287f,d9e3efb5-7f7f-45bf-8aee-71b32aa58807,0.0027,20.45,2025-11-03 17:56:40.631,sedimentometrie,,MD-20251103-NGOAPO,,
3f6b92e1-323d-497d-8442-6603f51d2f3f,d9e3efb5-7f7f-45bf-8aee-71b32aa58807,0.0024,19.05,2025-11-03 17:56:40.631,sedimentometrie,,MD-20251103-NGOAPO,,
ca0449c4-082e-49b5-a28e-b3264bbef95a,d9e3efb5-7f7f-45bf-8aee-71b32aa58807,0.002,19.05,2025-11-03 17:56:40.631,sedimentometrie,,MD-20251103-NGOAPO,,
b857c221-4c9c-4234-8bfb-64342c989dcb,d9e3efb5-7f7f-45bf-8aee-71b32aa58807,0.0014,16.23,2025-11-03 17:56:40.631,sedimentometrie,,MD-20251103-NGOAPO,,
bad52105-aee7-4ddd-9bdb-21f353d99afe,6b046e67-2018-486b-93df-291f3f573467,25,100,2025-11-03 18:00:24.074,tamisage,{},MD-20251103-OUDJABITI,,
1b1cb001-95ca-43d9-8a3a-a5f030cd1f21,6b046e67-2018-486b-93df-291f3f573467,20,100,2025-11-03 18:00:24.074,tamisage,{},MD-20251103-OUDJABITI,,
98a96d2c-aa21-4fa9-92f5-5ee1736cff42,6b046e67-2018-486b-93df-291f3f573467,16,100,2025-11-03 18:00:24.074,tamisage,{},MD-20251103-OUDJABITI,,
5bf7d97c-4c3f-485d-86fc-8cccfd9aacac,6b046e67-2018-486b-93df-291f3f573467,12.5,100,2025-11-03 18:00:24.074,tamisage,{},MD-20251103-OUDJABITI,,
9a66eee6-49dc-4141-b127-3afc1153b845,6b046e67-2018-486b-93df-291f3f573467,10,100,2025-11-03 18:00:24.074,tamisage,{},MD-20251103-OUDJABITI,,
15be259b-bb58-4219-b007-907604c915d4,6b046e67-2018-486b-93df-291f3f573467,8,100,2025-11-03 18:00:24.074,tamisage,{},MD-20251103-OUDJABITI,,
64e7523c-7bf7-4413-81b4-3f68f1c2cd29,6b046e67-2018-486b-93df-291f3f573467,6.3,99.97,2025-11-03 18:00:24.074,tamisage,{},MD-20251103-OUDJABITI,,
3d7c2028-b0db-4581-852c-f78c8dcc8e63,6b046e67-2018-486b-93df-291f3f573467,5,99.94,2025-11-03 18:00:24.074,tamisage,{},MD-20251103-OUDJABITI,,
418d3373-5c84-4527-9cb2-1eb0d6d12c39,6b046e67-2018-486b-93df-291f3f573467,4,99.88,2025-11-03 18:00:24.074,tamisage,{},MD-20251103-OUDJABITI,,
d1b24546-e1f3-44fe-bb81-fc4fe1333c0e,6b046e67-2018-486b-93df-291f3f573467,3.15,99.74,2025-11-03 18:00:24.074,tamisage,{},MD-20251103-OUDJABITI,,
a93ff5b5-4489-47f8-92f9-30fc8c88e327,6b046e67-2018-486b-93df-291f3f573467,2.5,99.35,2025-11-03 18:00:24.074,tamisage,{},MD-20251103-OUDJABITI,,
f9e0ec00-7a1e-4914-9f21-d75ca87a0423,6b046e67-2018-486b-93df-291f3f573467,2,98.68,2025-11-03 18:00:24.074,tamisage,{},MD-20251103-OUDJABITI,,
5a9ac179-b7f3-4627-ab5e-aa82735733cc,6b046e67-2018-486b-93df-291f3f573467,1.6,97.61,2025-11-03 18:00:24.074,tamisage,{},MD-20251103-OUDJABITI,,
e6b306a4-552f-4140-8a71-3b7dc28127ec,6b046e67-2018-486b-93df-291f3f573467,1.25,96.11,2025-11-03 18:00:24.074,tamisage,{},MD-20251103-OUDJABITI,,
37750495-5acd-4e81-b0d2-0fa157adc674,6b046e67-2018-486b-93df-291f3f573467,1,94.42,2025-11-03 18:00:24.074,tamisage,{},MD-20251103-OUDJABITI,,
44f2f168-c101-4258-aa0f-49cb1efe5abf,6b046e67-2018-486b-93df-291f3f573467,0.8,91.38,2025-11-03 18:00:24.074,tamisage,{},MD-20251103-OUDJABITI,,
88685dfe-9f5e-4a9a-9f10-4bf2b6f573bb,6b046e67-2018-486b-93df-291f3f573467,0.63,87.15,2025-11-03 18:00:24.074,tamisage,{},MD-20251103-OUDJABITI,,
c900ad11-3f7d-4c88-8e37-ea0734cfc04e,6b046e67-2018-486b-93df-291f3f573467,0.5,80.02,2025-11-03 18:00:24.074,tamisage,{},MD-20251103-OUDJABITI,,
a9fd8936-41f1-4270-b5ef-fc118b5aaeae,6b046e67-2018-486b-93df-291f3f573467,0.4,74.91,2025-11-03 18:00:24.074,tamisage,{},MD-20251103-OUDJABITI,,
ec0ef224-3790-471c-8edc-a9cec817f2f8,6b046e67-2018-486b-93df-291f3f573467,0.315,67.33,2025-11-03 18:00:24.074,tamisage,{},MD-20251103-OUDJABITI,,
80667db5-1b0b-4cb6-bfd1-60341b0961df,6b046e67-2018-486b-93df-291f3f573467,0.25,60.92,2025-11-03 18:00:24.074,tamisage,{},MD-20251103-OUDJABITI,,
2b35ec0c-bc08-473d-a748-a237701fc3f2,6b046e67-2018-486b-93df-291f3f573467,0.2,51.59,2025-11-03 18:00:24.074,tamisage,{},MD-20251103-OUDJABITI,,
416bb372-1654-433f-accb-be27313bdfb8,6b046e67-2018-486b-93df-291f3f573467,0.16,47.81,2025-11-03 18:00:24.074,tamisage,{},MD-20251103-OUDJABITI,,
4a3cc1b3-52ba-4303-8fbf-4ec102634ba7,6b046e67-2018-486b-93df-291f3f573467,0.125,42.46,2025-11-03 18:00:24.074,tamisage,{},MD-20251103-OUDJABITI,,
7d17db6e-3cdd-4d7f-8aa3-c655985d3b6d,6b046e67-2018-486b-93df-291f3f573467,0.1,40.78,2025-11-03 18:00:24.074,tamisage,{},MD-20251103-OUDJABITI,,
b350ce89-1874-44f8-9a54-775adf10e906,e2f1fd69-c17e-4e27-9e48-7461583ef9f4,0.08,54.02,2025-11-04 10:25:42.991,tamisage,{},MD-20251103-GRANULO,,
f04a56ea-8274-4889-8567-daa38339fd38,6b046e67-2018-486b-93df-291f3f573467,0.069,35.21,2025-11-03 18:00:24.074,sedimentometrie,{},MD-20251103-OUDJABITI,,
c809dd80-04d6-4f69-9525-09422a6103c1,6b046e67-2018-486b-93df-291f3f573467,0.0475,31.5,2025-11-03 18:00:24.074,sedimentometrie,{},MD-20251103-OUDJABITI,,
4b2a874f-2d4b-4b14-a7f6-fe3df30569ea,6b046e67-2018-486b-93df-291f3f573467,0.0345,26.32,2025-11-03 18:00:24.074,sedimentometrie,{},MD-20251103-OUDJABITI,,
342f480f-c63b-4860-b96d-497bac53ed25,6b046e67-2018-486b-93df-291f3f573467,0.0215,22.61,2025-11-03 18:00:24.074,sedimentometrie,{},MD-20251103-OUDJABITI,,
1a12dfae-243b-4b47-a7b3-c357b6cd2ffa,6b046e67-2018-486b-93df-291f3f573467,0.0175,20.39,2025-11-03 18:00:24.074,sedimentometrie,{},MD-20251103-OUDJABITI,,
b76b44d9-1610-4f4d-b609-cddeeb04d8b9,6b046e67-2018-486b-93df-291f3f573467,0.0073,19.66,2025-11-03 18:00:24.074,sedimentometrie,{},MD-20251103-OUDJABITI,,
25019eca-d7ab-423a-9e2d-9f9d8e686a1b,6b046e67-2018-486b-93df-291f3f573467,0.00465,18.91,2025-11-03 18:00:24.074,sedimentometrie,{},MD-20251103-OUDJABITI,,
179d7b0a-8cb6-4eb9-8513-2a5dc6335a32,6b046e67-2018-486b-93df-291f3f573467,0.00275,18.16,2025-11-03 18:00:24.074,sedimentometrie,{},MD-20251103-OUDJABITI,,
1e371c67-ebb2-439d-ba6a-ffa6b6a9d374,6b046e67-2018-486b-93df-291f3f573467,0.00139,17.4,2025-11-03 18:00:24.074,sedimentometrie,{},MD-20251103-OUDJABITI,,
2cc3ea77-321c-4c4d-a723-dae8d9fea4b6,6655c66a-4542-468f-9b4b-5aa3ed12d74c,25,100,2025-11-03 18:00:24.074,tamisage,{},MD-20251103-OUDJABITI,,
ecb232f3-55eb-41a6-b311-b51263825a81,6655c66a-4542-468f-9b4b-5aa3ed12d74c,20,100,2025-11-03 18:00:24.074,tamisage,{},MD-20251103-OUDJABITI,,
0d2f9b18-8796-4a56-82eb-d2dccb227698,6655c66a-4542-468f-9b4b-5aa3ed12d74c,16,100,2025-11-03 18:00:24.074,tamisage,{},MD-20251103-OUDJABITI,,
cc95d315-e5f4-4664-b8d2-b9e3e4c88df5,6655c66a-4542-468f-9b4b-5aa3ed12d74c,12.5,100,2025-11-03 18:00:24.074,tamisage,{},MD-20251103-OUDJABITI,,
3a216bb4-cc8a-4bc7-bde7-aa279cd150a2,6655c66a-4542-468f-9b4b-5aa3ed12d74c,10,100,2025-11-03 18:00:24.074,tamisage,{},MD-20251103-OUDJABITI,,
680c2bd8-b22a-4608-9408-3ed467d96442,6655c66a-4542-468f-9b4b-5aa3ed12d74c,8,100,2025-11-03 18:00:24.074,tamisage,{},MD-20251103-OUDJABITI,,
02cef56f-e641-4eff-8cae-3107f099f8e2,6655c66a-4542-468f-9b4b-5aa3ed12d74c,6.3,99.96,2025-11-03 18:00:24.074,tamisage,{},MD-20251103-OUDJABITI,,
8798609c-8dd1-432b-8fcc-87c3584189cb,6655c66a-4542-468f-9b4b-5aa3ed12d74c,5,99.87,2025-11-03 18:00:24.074,tamisage,{},MD-20251103-OUDJABITI,,
63e4497b-5ddf-4172-a41f-23926ef14f56,6655c66a-4542-468f-9b4b-5aa3ed12d74c,4,99.83,2025-11-03 18:00:24.074,tamisage,{},MD-20251103-OUDJABITI,,
a9460d4d-4980-4649-9a89-8bc81443dd91,6655c66a-4542-468f-9b4b-5aa3ed12d74c,3.15,99.56,2025-11-03 18:00:24.074,tamisage,{},MD-20251103-OUDJABITI,,
6e51fa89-b2ca-4300-bcfd-3ee21c477501,6655c66a-4542-468f-9b4b-5aa3ed12d74c,2.5,99.1,2025-11-03 18:00:24.074,tamisage,{},MD-20251103-OUDJABITI,,
3e2d5f26-7272-4442-94a7-a7da575e3290,6655c66a-4542-468f-9b4b-5aa3ed12d74c,2,98.21,2025-11-03 18:00:24.074,tamisage,{},MD-20251103-OUDJABITI,,
618239ca-0013-4d6d-adae-82557bdc86f7,6655c66a-4542-468f-9b4b-5aa3ed12d74c,1.6,97.03,2025-11-03 18:00:24.074,tamisage,{},MD-20251103-OUDJABITI,,
4a320ce0-c708-40ae-a725-6b31b8d46812,6655c66a-4542-468f-9b4b-5aa3ed12d74c,1.25,95.45,2025-11-03 18:00:24.074,tamisage,{},MD-20251103-OUDJABITI,,
6d95f491-a7fb-4f83-988a-0f70744f708e,6655c66a-4542-468f-9b4b-5aa3ed12d74c,1,93.81,2025-11-03 18:00:24.074,tamisage,{},MD-20251103-OUDJABITI,,
a1be7ce9-223d-4a3f-8879-95058087c5d0,6655c66a-4542-468f-9b4b-5aa3ed12d74c,0.8,91.12,2025-11-03 18:00:24.074,tamisage,{},MD-20251103-OUDJABITI,,
95d22d68-8efe-4620-a193-49cf5f069f0f,6655c66a-4542-468f-9b4b-5aa3ed12d74c,0.63,87.03,2025-11-03 18:00:24.074,tamisage,{},MD-20251103-OUDJABITI,,
fae9ebbf-3e69-42e7-bc1f-84f7e7302fd8,6655c66a-4542-468f-9b4b-5aa3ed12d74c,0.5,79.49,2025-11-03 18:00:24.074,tamisage,{},MD-20251103-OUDJABITI,,
b54649a8-bcbe-46f1-94df-5c149159c414,6655c66a-4542-468f-9b4b-5aa3ed12d74c,0.4,75.11,2025-11-03 18:00:24.074,tamisage,{},MD-20251103-OUDJABITI,,
6120d430-6df3-4bf4-9c94-e2f681168bc2,6655c66a-4542-468f-9b4b-5aa3ed12d74c,0.315,67.42,2025-11-03 18:00:24.074,tamisage,{},MD-20251103-OUDJABITI,,
9887d64c-8037-4266-9066-018725b64414,6655c66a-4542-468f-9b4b-5aa3ed12d74c,0.25,61.09,2025-11-03 18:00:24.074,tamisage,{},MD-20251103-OUDJABITI,,
c4853fec-68ed-400b-ae55-78fed7bf106d,6655c66a-4542-468f-9b4b-5aa3ed12d74c,0.2,55.28,2025-11-03 18:00:24.074,tamisage,{},MD-20251103-OUDJABITI,,
60d1ad59-091a-41fc-b944-11e554959e9c,6655c66a-4542-468f-9b4b-5aa3ed12d74c,0.16,51.28,2025-11-03 18:00:24.074,tamisage,{},MD-20251103-OUDJABITI,,
0ca08184-7cf0-4a48-93f6-96b77da38911,6655c66a-4542-468f-9b4b-5aa3ed12d74c,0.125,47.07,2025-11-03 18:00:24.074,tamisage,{},MD-20251103-OUDJABITI,,
6d2f96c3-039a-40e5-9db3-bdb217a593c6,6655c66a-4542-468f-9b4b-5aa3ed12d74c,0.1,45.57,2025-11-03 18:00:24.074,tamisage,{},MD-20251103-OUDJABITI,,
70ef9d1f-1eea-49c2-bd8c-0426cd8fa03b,6655c66a-4542-468f-9b4b-5aa3ed12d74c,0.08,44.92,2025-11-03 18:00:24.074,tamisage,{},MD-20251103-OUDJABITI,,
c176fe8f-3178-4f1f-9626-2fe0ee8f9fa1,6655c66a-4542-468f-9b4b-5aa3ed12d74c,0.069,25.26,2025-11-03 18:00:24.074,sedimentometrie,{},MD-20251103-OUDJABITI,,
056f125e-7bcd-47db-ae05-d7359e890b0f,6655c66a-4542-468f-9b4b-5aa3ed12d74c,0.0475,20.55,2025-11-03 18:00:24.074,sedimentometrie,{},MD-20251103-OUDJABITI,,
f27d93a4-5141-4b4c-94c5-b1cffd048427,6655c66a-4542-468f-9b4b-5aa3ed12d74c,0.0345,17.87,2025-11-03 18:00:24.074,sedimentometrie,{},MD-20251103-OUDJABITI,,
acdd68c3-51db-4745-a233-a753ffe076ca,6655c66a-4542-468f-9b4b-5aa3ed12d74c,0.0215,17.19,2025-11-03 18:00:24.074,sedimentometrie,{},MD-20251103-OUDJABITI,,
3798d6eb-30c7-467f-b7da-65b892664bb9,6655c66a-4542-468f-9b4b-5aa3ed12d74c,0.0175,15.85,2025-11-03 18:00:24.074,sedimentometrie,{},MD-20251103-OUDJABITI,,
3ecb6897-af3c-433c-957c-f688e9a21d78,6655c66a-4542-468f-9b4b-5aa3ed12d74c,0.0073,15.17,2025-11-03 18:00:24.074,sedimentometrie,{},MD-20251103-OUDJABITI,,
64679af9-6ead-4914-855b-85d4a7dca9ba,6655c66a-4542-468f-9b4b-5aa3ed12d74c,0.00465,14.49,2025-11-03 18:00:24.074,sedimentometrie,{},MD-20251103-OUDJABITI,,
2c5a1fd6-b9ce-4e61-8472-60a70e71a2a3,6655c66a-4542-468f-9b4b-5aa3ed12d74c,0.00275,13.81,2025-11-03 18:00:24.074,sedimentometrie,{},MD-20251103-OUDJABITI,,
c8bfe545-8eaf-4451-a95e-734e47746f9e,6655c66a-4542-468f-9b4b-5aa3ed12d74c,0.00139,13.12,2025-11-03 18:00:24.074,sedimentometrie,{},MD-20251103-OUDJABITI,,
8451315b-4c87-4cef-a2ba-dbd1802ce6b4,92cc68be-dd55-414b-ae0f-eadd3e541454,25,100,2025-11-03 18:00:24.074,tamisage,{},MD-20251103-OUDJABITI,,
56cad343-1b7f-47db-a729-2b914b9b0d97,92cc68be-dd55-414b-ae0f-eadd3e541454,20,100,2025-11-03 18:00:24.074,tamisage,{},MD-20251103-OUDJABITI,,
5d8d67a7-34bc-41e8-b988-53db2233d00e,92cc68be-dd55-414b-ae0f-eadd3e541454,16,100,2025-11-03 18:00:24.074,tamisage,{},MD-20251103-OUDJABITI,,
bc79462a-9738-45a2-a6e0-a433115e3e82,92cc68be-dd55-414b-ae0f-eadd3e541454,12.5,99.4,2025-11-03 18:00:24.074,tamisage,{},MD-20251103-OUDJABITI,,
979c1bef-74aa-4a32-beec-6547bfa186e4,92cc68be-dd55-414b-ae0f-eadd3e541454,10,99.18,2025-11-03 18:00:24.074,tamisage,{},MD-20251103-OUDJABITI,,
0d695fd8-8619-42b3-8e21-47a0eb5c3eee,92cc68be-dd55-414b-ae0f-eadd3e541454,8,99.01,2025-11-03 18:00:24.074,tamisage,{},MD-20251103-OUDJABITI,,
b0093a1e-3bc8-4d58-bdb7-12bf3a0ce8e2,92cc68be-dd55-414b-ae0f-eadd3e541454,6.3,98.69,2025-11-03 18:00:24.074,tamisage,{},MD-20251103-OUDJABITI,,
dba2f65b-45e6-4c6f-ad55-3751bd4675ca,92cc68be-dd55-414b-ae0f-eadd3e541454,5,98.44,2025-11-03 18:00:24.074,tamisage,{},MD-20251103-OUDJABITI,,
70bceec4-cdc2-46c5-8bb0-0508fa4b38ce,92cc68be-dd55-414b-ae0f-eadd3e541454,4,98.07,2025-11-03 18:00:24.074,tamisage,{},MD-20251103-OUDJABITI,,
e26a92c9-0506-463b-9c79-5783ea4ccfc3,92cc68be-dd55-414b-ae0f-eadd3e541454,3.15,97.54,2025-11-03 18:00:24.074,tamisage,{},MD-20251103-OUDJABITI,,
09fb7560-3645-4d98-860e-1513bd752c7d,92cc68be-dd55-414b-ae0f-eadd3e541454,2.5,96.91,2025-11-03 18:00:24.074,tamisage,{},MD-20251103-OUDJABITI,,
cd334054-5883-482e-b9fa-a040d80835a4,92cc68be-dd55-414b-ae0f-eadd3e541454,2,96.15,2025-11-03 18:00:24.074,tamisage,{},MD-20251103-OUDJABITI,,
df9833c2-64b1-414a-beb3-a30f5e0d9332,92cc68be-dd55-414b-ae0f-eadd3e541454,1.6,95.2,2025-11-03 18:00:24.074,tamisage,{},MD-20251103-OUDJABITI,,
c1749283-6dc5-4319-96ab-a043619199d8,92cc68be-dd55-414b-ae0f-eadd3e541454,1.25,93.99,2025-11-03 18:00:24.074,tamisage,{},MD-20251103-OUDJABITI,,
e5bc3cd2-9ddc-4052-ab1f-ceb4cf145ea5,92cc68be-dd55-414b-ae0f-eadd3e541454,1,92.7,2025-11-03 18:00:24.074,tamisage,{},MD-20251103-OUDJABITI,,
eae1c21a-4eae-45fb-bebd-cf0ef6417210,92cc68be-dd55-414b-ae0f-eadd3e541454,0.8,90.45,2025-11-03 18:00:24.074,tamisage,{},MD-20251103-OUDJABITI,,
14508e65-2409-4229-a02e-89e44e27b6bd,92cc68be-dd55-414b-ae0f-eadd3e541454,0.63,87.28,2025-11-03 18:00:24.074,tamisage,{},MD-20251103-OUDJABITI,,
72bdb123-ae6d-4c9f-af24-32458d27fcd6,92cc68be-dd55-414b-ae0f-eadd3e541454,0.5,82.13,2025-11-03 18:00:24.074,tamisage,{},MD-20251103-OUDJABITI,,
4285b644-d45b-4681-a598-b4f3e9fd3a3c,92cc68be-dd55-414b-ae0f-eadd3e541454,0.4,78.51,2025-11-03 18:00:24.074,tamisage,{},MD-20251103-OUDJABITI,,
ace6cfd5-d627-40b6-8880-080057a35d86,92cc68be-dd55-414b-ae0f-eadd3e541454,0.315,73.57,2025-11-03 18:00:24.074,tamisage,{},MD-20251103-OUDJABITI,,
6e9927ef-c7d1-4ebd-8f25-310e96888266,92cc68be-dd55-414b-ae0f-eadd3e541454,0.25,68.95,2025-11-03 18:00:24.074,tamisage,{},MD-20251103-OUDJABITI,,
734744b2-8423-4d75-bdc1-61df55f111a1,92cc68be-dd55-414b-ae0f-eadd3e541454,0.2,63.38,2025-11-03 18:00:24.074,tamisage,{},MD-20251103-OUDJABITI,,
118f2c1d-bfac-4f15-9309-a2c046d29e9b,92cc68be-dd55-414b-ae0f-eadd3e541454,0.16,59.96,2025-11-03 18:00:24.074,tamisage,{},MD-20251103-OUDJABITI,,
6e0e790a-8690-46e3-9d0c-d10e9aa6f734,92cc68be-dd55-414b-ae0f-eadd3e541454,0.125,56.22,2025-11-03 18:00:24.074,tamisage,{},MD-20251103-OUDJABITI,,
6f049b05-80bc-4622-b769-aad02cb8fd79,92cc68be-dd55-414b-ae0f-eadd3e541454,0.1,54.82,2025-11-03 18:00:24.074,tamisage,{},MD-20251103-OUDJABITI,,
0e37526d-63a5-4b93-b9ab-f7eca17b786a,92cc68be-dd55-414b-ae0f-eadd3e541454,0.08,54.01,2025-11-03 18:00:24.074,tamisage,{},MD-20251103-OUDJABITI,,
24461e26-a326-4b50-8915-13140287891e,92cc68be-dd55-414b-ae0f-eadd3e541454,0.069,20.56,2025-11-03 18:00:24.074,sedimentometrie,{},MD-20251103-OUDJABITI,,
b71fe5a7-d363-48ce-a1b4-2b13f0daa3fd,92cc68be-dd55-414b-ae0f-eadd3e541454,0.0475,19.21,2025-11-03 18:00:24.074,sedimentometrie,{},MD-20251103-OUDJABITI,,
f32efbfb-f9eb-4cec-8318-6ed9094f336f,92cc68be-dd55-414b-ae0f-eadd3e541454,0.0345,18.54,2025-11-03 18:00:24.074,sedimentometrie,{},MD-20251103-OUDJABITI,,
fd268a96-c0a0-42c5-a323-4aa9a8dbd579,92cc68be-dd55-414b-ae0f-eadd3e541454,0.0215,17.86,2025-11-03 18:00:24.074,sedimentometrie,{},MD-20251103-OUDJABITI,,
0777c511-8f38-4dab-94e4-5124b80863a4,92cc68be-dd55-414b-ae0f-eadd3e541454,0.0175,17.19,2025-11-03 18:00:24.074,sedimentometrie,{},MD-20251103-OUDJABITI,,
54115c82-d5cf-4ef4-bf3a-9b69956d168a,92cc68be-dd55-414b-ae0f-eadd3e541454,0.0073,15.85,2025-11-03 18:00:24.074,sedimentometrie,{},MD-20251103-OUDJABITI,,
874370c7-a873-461d-9fdb-e269b8411400,92cc68be-dd55-414b-ae0f-eadd3e541454,0.00465,14.5,2025-11-03 18:00:24.074,sedimentometrie,{},MD-20251103-OUDJABITI,,
4a3b86d5-c9e6-4765-bdf7-3ae3aacf17a7,92cc68be-dd55-414b-ae0f-eadd3e541454,0.00275,13.83,2025-11-03 18:00:24.074,sedimentometrie,{},MD-20251103-OUDJABITI,,
53197476-1f28-4992-972a-b0c140b6b91d,f3516a5a-5129-4ffe-87e5-665c36d7a38f,25,100,2025-11-03 18:00:24.074,tamisage,{},MD-20251103-OUDJABITI,,
1eaeb25c-5b73-4d6d-81f9-4016bc8cc10b,f3516a5a-5129-4ffe-87e5-665c36d7a38f,20,100,2025-11-03 18:00:24.074,tamisage,{},MD-20251103-OUDJABITI,,
6c0fd151-57dd-4215-8f73-4c2794bbaf2f,f3516a5a-5129-4ffe-87e5-665c36d7a38f,16,100,2025-11-03 18:00:24.074,tamisage,{},MD-20251103-OUDJABITI,,
93adbbd8-01e3-4575-b633-9fbc05bf35a1,f3516a5a-5129-4ffe-87e5-665c36d7a38f,12.5,100,2025-11-03 18:00:24.074,tamisage,{},MD-20251103-OUDJABITI,,
7af22196-d86d-4a46-a59c-68d14c32736b,f3516a5a-5129-4ffe-87e5-665c36d7a38f,10,100,2025-11-03 18:00:24.074,tamisage,{},MD-20251103-OUDJABITI,,
6a48f7d4-7252-4fc8-94ad-9ba1edb73d3e,f3516a5a-5129-4ffe-87e5-665c36d7a38f,8,99.86,2025-11-03 18:00:24.074,tamisage,{},MD-20251103-OUDJABITI,,
b9e631a5-9b31-4a87-8319-2deb5e07517c,f3516a5a-5129-4ffe-87e5-665c36d7a38f,6.3,99.43,2025-11-03 18:00:24.074,tamisage,{},MD-20251103-OUDJABITI,,
5349ae41-d56f-471c-a5eb-ac9e881ed50e,f3516a5a-5129-4ffe-87e5-665c36d7a38f,5,99.24,2025-11-03 18:00:24.074,tamisage,{},MD-20251103-OUDJABITI,,
6f3367ca-3bf4-41eb-a868-add3da7e3e92,f3516a5a-5129-4ffe-87e5-665c36d7a38f,4,98.91,2025-11-03 18:00:24.074,tamisage,{},MD-20251103-OUDJABITI,,
4b256260-6ad4-4331-91da-b9b149530757,f3516a5a-5129-4ffe-87e5-665c36d7a38f,3.15,98.57,2025-11-03 18:00:24.074,tamisage,{},MD-20251103-OUDJABITI,,
afd348fb-b649-493a-a636-3563ea5ec162,f3516a5a-5129-4ffe-87e5-665c36d7a38f,2.5,98.25,2025-11-03 18:00:24.074,tamisage,{},MD-20251103-OUDJABITI,,
a0ffb638-5230-4594-baf4-5f0854e4b522,f3516a5a-5129-4ffe-87e5-665c36d7a38f,2,97.73,2025-11-03 18:00:24.074,tamisage,{},MD-20251103-OUDJABITI,,
696959ab-99b8-474b-8488-4f8fd7620231,f3516a5a-5129-4ffe-87e5-665c36d7a38f,1.6,97.26,2025-11-03 18:00:24.074,tamisage,{},MD-20251103-OUDJABITI,,
7b086ac8-38d4-4d21-a7dc-06787ad74963,f3516a5a-5129-4ffe-87e5-665c36d7a38f,1.25,96.71,2025-11-03 18:00:24.074,tamisage,{},MD-20251103-OUDJABITI,,
f776d9e3-dd13-46dc-9392-bc41eba03de0,f3516a5a-5129-4ffe-87e5-665c36d7a38f,1,96.18,2025-11-03 18:00:24.074,tamisage,{},MD-20251103-OUDJABITI,,
aefe774e-55ab-4f94-b531-28757b32385e,f3516a5a-5129-4ffe-87e5-665c36d7a38f,0.8,95.44,2025-11-03 18:00:24.074,tamisage,{},MD-20251103-OUDJABITI,,
d8eaad8f-fcc2-47aa-8cad-cad805fc7430,f3516a5a-5129-4ffe-87e5-665c36d7a38f,0.63,94.35,2025-11-03 18:00:24.074,tamisage,{},MD-20251103-OUDJABITI,,
dc2f2989-72ce-41ee-8c89-096152d44380,f3516a5a-5129-4ffe-87e5-665c36d7a38f,0.5,91.97,2025-11-03 18:00:24.074,tamisage,{},MD-20251103-OUDJABITI,,
5443aa3b-0737-4990-8efc-9ebb7ef6c44b,f3516a5a-5129-4ffe-87e5-665c36d7a38f,0.4,90.01,2025-11-03 18:00:24.074,tamisage,{},MD-20251103-OUDJABITI,,
2b94f1f6-a8b1-4fad-8049-368656d5d88a,f3516a5a-5129-4ffe-87e5-665c36d7a38f,0.315,84.86,2025-11-03 18:00:24.074,tamisage,{},MD-20251103-OUDJABITI,,
b76f7641-ee8a-4e89-b924-4e0f9da15d4a,f3516a5a-5129-4ffe-87e5-665c36d7a38f,0.25,78.58,2025-11-03 18:00:24.074,tamisage,{},MD-20251103-OUDJABITI,,
41b6e88b-4ddb-4e11-a2b1-d360030cff1b,f3516a5a-5129-4ffe-87e5-665c36d7a38f,0.2,69.14,2025-11-03 18:00:24.074,tamisage,{},MD-20251103-OUDJABITI,,
51d81de1-d531-4975-8a59-b5a7cb593e6b,f3516a5a-5129-4ffe-87e5-665c36d7a38f,0.16,65.82,2025-11-03 18:00:24.074,tamisage,{},MD-20251103-OUDJABITI,,
b9cb7185-addf-4f2d-9799-aa9056f82a38,f3516a5a-5129-4ffe-87e5-665c36d7a38f,0.125,61.34,2025-11-03 18:00:24.074,tamisage,{},MD-20251103-OUDJABITI,,
5ac14f0c-a191-402c-b06e-b80071d83b12,f3516a5a-5129-4ffe-87e5-665c36d7a38f,0.1,59.77,2025-11-03 18:00:24.074,tamisage,{},MD-20251103-OUDJABITI,,
50805ce8-faac-4639-b0e8-b994f61047c6,03fbeaad-5e83-443b-8ea2-a5c53c8dfb27,0.08,64.81,2025-11-04 10:25:42.991,tamisage,{},MD-20251103-GRANULO,,
3dfee741-1419-4892-8b75-02d645416594,f3516a5a-5129-4ffe-87e5-665c36d7a38f,0.066,52.13,2025-11-03 18:00:24.074,sedimentometrie,{},MD-20251103-OUDJABITI,,
c009a722-83b3-41a7-94e6-23e420334660,f3516a5a-5129-4ffe-87e5-665c36d7a38f,0.046,36.73,2025-11-03 18:00:24.074,sedimentometrie,{},MD-20251103-OUDJABITI,,
311830cf-5004-4189-a260-c6b83b2eec4d,f3516a5a-5129-4ffe-87e5-665c36d7a38f,0.033,32.2,2025-11-03 18:00:24.074,sedimentometrie,{},MD-20251103-OUDJABITI,,
d0fa0e46-8ee5-49a7-9d30-d958e9d06fae,f3516a5a-5129-4ffe-87e5-665c36d7a38f,0.02,27.66,2025-11-03 18:00:24.074,sedimentometrie,{},MD-20251103-OUDJABITI,,
2df3ef94-f55d-4240-8dd3-142b20e3ccfd,f3516a5a-5129-4ffe-87e5-665c36d7a38f,0.012,24.04,2025-11-03 18:00:24.074,sedimentometrie,{},MD-20251103-OUDJABITI,,
df9a17f9-65bc-4f97-acdd-1fad4682fc73,f3516a5a-5129-4ffe-87e5-665c36d7a38f,0.0071,23.14,2025-11-03 18:00:24.074,sedimentometrie,{},MD-20251103-OUDJABITI,,
833ea4db-235a-41bd-82e1-f51c82af573c,f3516a5a-5129-4ffe-87e5-665c36d7a38f,0.0046,23.13,2025-11-03 18:00:24.074,sedimentometrie,{},MD-20251103-OUDJABITI,,
a2d60aaa-21f0-45e7-8aaf-84f3738c7a11,f3516a5a-5129-4ffe-87e5-665c36d7a38f,0.00275,22.22,2025-11-03 18:00:24.074,sedimentometrie,{},MD-20251103-OUDJABITI,,
8c39da08-ba73-4dc6-93e1-2f4ba0e37ea9,f3516a5a-5129-4ffe-87e5-665c36d7a38f,0.00139,18.57,2025-11-03 18:00:24.074,sedimentometrie,{},MD-20251103-OUDJABITI,,
c57bc19b-bbcd-4ed6-bcdd-aa392b7e0075,de32c411-d7a8-4f96-86fd-084f4164c7ef,25,100,2025-11-03 18:00:24.074,tamisage,{},MD-20251103-OUDJABITI,,
55f733eb-a102-4055-a11b-16b80eda7210,de32c411-d7a8-4f96-86fd-084f4164c7ef,20,100,2025-11-03 18:00:24.074,tamisage,{},MD-20251103-OUDJABITI,,
5b69a822-41d4-4e77-9ad7-01a349cd664c,de32c411-d7a8-4f96-86fd-084f4164c7ef,16,100,2025-11-03 18:00:24.074,tamisage,{},MD-20251103-OUDJABITI,,
5d74bf71-ed9f-4825-bfd8-7279743b605f,de32c411-d7a8-4f96-86fd-084f4164c7ef,12.5,100,2025-11-03 18:00:24.074,tamisage,{},MD-20251103-OUDJABITI,,
dedeb08c-edea-450e-aa44-ad3e8bff9c76,de32c411-d7a8-4f96-86fd-084f4164c7ef,10,99.72,2025-11-03 18:00:24.074,tamisage,{},MD-20251103-OUDJABITI,,
012e2823-cdb7-4e02-ba0e-f44b411f28e6,de32c411-d7a8-4f96-86fd-084f4164c7ef,8,99.61,2025-11-03 18:00:24.074,tamisage,{},MD-20251103-OUDJABITI,,
a65f7337-e13d-4dc7-876f-7cd868992698,de32c411-d7a8-4f96-86fd-084f4164c7ef,6.3,99.4,2025-11-03 18:00:24.074,tamisage,{},MD-20251103-OUDJABITI,,
25ef0598-2465-43aa-8d80-3b8509823e27,de32c411-d7a8-4f96-86fd-084f4164c7ef,5,99.06,2025-11-03 18:00:24.074,tamisage,{},MD-20251103-OUDJABITI,,
c3c47e0d-6ef2-4c4a-852e-cf909136af2b,de32c411-d7a8-4f96-86fd-084f4164c7ef,4,98.55,2025-11-03 18:00:24.074,tamisage,{},MD-20251103-OUDJABITI,,
6031733e-8344-4151-a87e-b20073de5b7e,de32c411-d7a8-4f96-86fd-084f4164c7ef,3.15,97.98,2025-11-03 18:00:24.074,tamisage,{},MD-20251103-OUDJABITI,,
27a05d8d-6a18-45c3-9461-04aebe8904b2,de32c411-d7a8-4f96-86fd-084f4164c7ef,2.5,97.52,2025-11-03 18:00:24.074,tamisage,{},MD-20251103-OUDJABITI,,
0b94a333-1935-445a-8ba0-46d164b6013d,de32c411-d7a8-4f96-86fd-084f4164c7ef,2,97.04,2025-11-03 18:00:24.074,tamisage,{},MD-20251103-OUDJABITI,,
5d0d5dd6-0184-4be4-aee2-4d1f4a74a7b3,de32c411-d7a8-4f96-86fd-084f4164c7ef,1.6,96.53,2025-11-03 18:00:24.074,tamisage,{},MD-20251103-OUDJABITI,,
12ad8e3e-8cc9-4c48-a4bd-da1251c2ae55,de32c411-d7a8-4f96-86fd-084f4164c7ef,1.25,95.97,2025-11-03 18:00:24.074,tamisage,{},MD-20251103-OUDJABITI,,
da4d77f3-01de-4314-9944-397a47844328,de32c411-d7a8-4f96-86fd-084f4164c7ef,1,95.43,2025-11-03 18:00:24.074,tamisage,{},MD-20251103-OUDJABITI,,
000a37bd-6cfb-4f01-b74d-49f5377d9051,de32c411-d7a8-4f96-86fd-084f4164c7ef,0.8,94.74,2025-11-03 18:00:24.074,tamisage,{},MD-20251103-OUDJABITI,,
809f185d-ba02-4892-bdd7-959205c6b509,de32c411-d7a8-4f96-86fd-084f4164c7ef,0.63,93.66,2025-11-03 18:00:24.074,tamisage,{},MD-20251103-OUDJABITI,,
23e71284-fdea-478f-83b3-4b1089af95bb,de32c411-d7a8-4f96-86fd-084f4164c7ef,0.5,91.26,2025-11-03 18:00:24.074,tamisage,{},MD-20251103-OUDJABITI,,
c6b9bfbe-0b5c-4614-acbc-c8ed24006f09,de32c411-d7a8-4f96-86fd-084f4164c7ef,0.4,89.68,2025-11-03 18:00:24.074,tamisage,{},MD-20251103-OUDJABITI,,
9ac02aaf-d5a3-4339-97d7-ba9fb20d9643,de32c411-d7a8-4f96-86fd-084f4164c7ef,0.315,78.54,2025-11-03 18:00:24.074,tamisage,{},MD-20251103-OUDJABITI,,
294a6884-5a63-4e58-8f41-b87c2ba4fd7d,de32c411-d7a8-4f96-86fd-084f4164c7ef,0.25,73.59,2025-11-03 18:00:24.074,tamisage,{},MD-20251103-OUDJABITI,,
9e047e24-c673-4342-bcd0-fdcc7d01fe43,de32c411-d7a8-4f96-86fd-084f4164c7ef,0.2,66.63,2025-11-03 18:00:24.074,tamisage,{},MD-20251103-OUDJABITI,,
7428bc01-55fa-45c2-99db-4271c91c0475,de32c411-d7a8-4f96-86fd-084f4164c7ef,0.16,64.06,2025-11-03 18:00:24.074,tamisage,{},MD-20251103-OUDJABITI,,
824cd0ad-2219-4d6e-85f5-fa30b0b97520,de32c411-d7a8-4f96-86fd-084f4164c7ef,0.125,60.31,2025-11-03 18:00:24.074,tamisage,{},MD-20251103-OUDJABITI,,
64c61014-4975-4f2e-a633-b92232704de8,de32c411-d7a8-4f96-86fd-084f4164c7ef,0.1,59.27,2025-11-03 18:00:24.074,tamisage,{},MD-20251103-OUDJABITI,,
9b1ab9bd-0644-4137-9f25-457c45cce666,de32c411-d7a8-4f96-86fd-084f4164c7ef,0.08,58.67,2025-11-03 18:00:24.074,tamisage,{},MD-20251103-OUDJABITI,,
972c8cc0-6354-4ea1-94ca-7df5f08330f8,de32c411-d7a8-4f96-86fd-084f4164c7ef,0.066,39.33,2025-11-03 18:00:24.074,sedimentometrie,{},MD-20251103-OUDJABITI,,
96b45e66-c791-409c-bbb9-ada41d14bb77,de32c411-d7a8-4f96-86fd-084f4164c7ef,0.046,32.86,2025-11-03 18:00:24.074,sedimentometrie,{},MD-20251103-OUDJABITI,,
c1809fe5-c162-4d4f-8e70-1218a4d2c10c,de32c411-d7a8-4f96-86fd-084f4164c7ef,0.033,31.02,2025-11-03 18:00:24.074,sedimentometrie,{},MD-20251103-OUDJABITI,,
ec9d6ca7-a167-41d5-84a9-0fe6f714a710,de32c411-d7a8-4f96-86fd-084f4164c7ef,0.02,28.25,2025-11-03 18:00:24.074,sedimentometrie,{},MD-20251103-OUDJABITI,,
f81cada0-63b5-44a9-87e9-d04c071be7a1,de32c411-d7a8-4f96-86fd-084f4164c7ef,0.012,26.4,2025-11-03 18:00:24.074,sedimentometrie,{},MD-20251103-OUDJABITI,,
0bcbb985-1e45-4a41-9336-91cbed7c9826,de32c411-d7a8-4f96-86fd-084f4164c7ef,0.0071,24.55,2025-11-03 18:00:24.074,sedimentometrie,{},MD-20251103-OUDJABITI,,
90a1b44d-ba60-46c2-a7a7-341e23eca868,de32c411-d7a8-4f96-86fd-084f4164c7ef,0.0046,22.69,2025-11-03 18:00:24.074,sedimentometrie,{},MD-20251103-OUDJABITI,,
0c4c46fd-0318-4e7a-9c8b-c20d67cfbdea,de32c411-d7a8-4f96-86fd-084f4164c7ef,0.00275,20.82,2025-11-03 18:00:24.074,sedimentometrie,{},MD-20251103-OUDJABITI,,
2df9bc2f-bc8c-423a-b6c8-b8ded2af0644,de32c411-d7a8-4f96-86fd-084f4164c7ef,0.00139,18.96,2025-11-03 18:00:24.074,sedimentometrie,{},MD-20251103-OUDJABITI,,
4c631c15-0a74-45d1-9c0f-2d9fcc4e9859,43766d56-01f9-460c-b939-35d81d904c55,25,100,2025-11-03 18:00:24.074,tamisage,{},MD-20251103-OUDJABITI,,
391a9ca3-408f-42c9-9e11-350bb3673d21,43766d56-01f9-460c-b939-35d81d904c55,20,100,2025-11-03 18:00:24.074,tamisage,{},MD-20251103-OUDJABITI,,
ca519595-f7db-4876-ad99-79392a13fa61,43766d56-01f9-460c-b939-35d81d904c55,16,99.06,2025-11-03 18:00:24.074,tamisage,{},MD-20251103-OUDJABITI,,
b91c252b-f70a-4adb-bde9-9b2b5fb79138,43766d56-01f9-460c-b939-35d81d904c55,12.5,98.72,2025-11-03 18:00:24.074,tamisage,{},MD-20251103-OUDJABITI,,
369b26ec-fd04-43e4-8d61-3faabc56d70f,43766d56-01f9-460c-b939-35d81d904c55,10,98.34,2025-11-03 18:00:24.074,tamisage,{},MD-20251103-OUDJABITI,,
c6192591-d5cd-47bf-bedf-8c560fd3d56f,43766d56-01f9-460c-b939-35d81d904c55,8,97.17,2025-11-03 18:00:24.074,tamisage,{},MD-20251103-OUDJABITI,,
35b8f417-b53d-42f6-8e29-82e972ca4de5,43766d56-01f9-460c-b939-35d81d904c55,6.3,96.52,2025-11-03 18:00:24.074,tamisage,{},MD-20251103-OUDJABITI,,
454d2509-82aa-49df-baf9-6e8ccb077305,43766d56-01f9-460c-b939-35d81d904c55,5,95.94,2025-11-03 18:00:24.074,tamisage,{},MD-20251103-OUDJABITI,,
d39c0e86-51a4-4018-8302-9ffed84f2641,43766d56-01f9-460c-b939-35d81d904c55,4,95.33,2025-11-03 18:00:24.074,tamisage,{},MD-20251103-OUDJABITI,,
eccdef43-045e-4041-a783-201c29f4cc72,43766d56-01f9-460c-b939-35d81d904c55,3.15,94.52,2025-11-03 18:00:24.074,tamisage,{},MD-20251103-OUDJABITI,,
5c523388-4731-4bac-8224-6ee81c33ab28,43766d56-01f9-460c-b939-35d81d904c55,2.5,93.74,2025-11-03 18:00:24.074,tamisage,{},MD-20251103-OUDJABITI,,
020c1ea0-4dff-4e72-acae-dc519086bf74,43766d56-01f9-460c-b939-35d81d904c55,2,93.07,2025-11-03 18:00:24.074,tamisage,{},MD-20251103-OUDJABITI,,
79b2ba4b-1e99-45e5-97ba-2a85d702e8d5,43766d56-01f9-460c-b939-35d81d904c55,1.6,92.43,2025-11-03 18:00:24.074,tamisage,{},MD-20251103-OUDJABITI,,
a978e094-dfae-4f87-9764-63282dd0d533,43766d56-01f9-460c-b939-35d81d904c55,1.25,91.45,2025-11-03 18:00:24.074,tamisage,{},MD-20251103-OUDJABITI,,
7371fa43-77ff-46d3-8ffa-57007a127826,43766d56-01f9-460c-b939-35d81d904c55,1,90.72,2025-11-03 18:00:24.074,tamisage,{},MD-20251103-OUDJABITI,,
5e709d19-0c83-4905-a553-7ea5fda890c7,43766d56-01f9-460c-b939-35d81d904c55,0.8,89.69,2025-11-03 18:00:24.074,tamisage,{},MD-20251103-OUDJABITI,,
90acee87-42a2-4fb6-a7e1-301bc001641c,43766d56-01f9-460c-b939-35d81d904c55,0.63,87.88,2025-11-03 18:00:24.074,tamisage,{},MD-20251103-OUDJABITI,,
a234d785-8c13-42aa-8d19-448b7604e525,43766d56-01f9-460c-b939-35d81d904c55,0.5,85.4,2025-11-03 18:00:24.074,tamisage,{},MD-20251103-OUDJABITI,,
a705620d-2a14-4a91-969f-4df69c533777,43766d56-01f9-460c-b939-35d81d904c55,0.4,82.36,2025-11-03 18:00:24.074,tamisage,{},MD-20251103-OUDJABITI,,
25bf1040-bc3e-4edd-a154-e6e9093df23f,43766d56-01f9-460c-b939-35d81d904c55,0.315,77.3,2025-11-03 18:00:24.074,tamisage,{},MD-20251103-OUDJABITI,,
e8451116-d1d4-4360-978b-a2a71769a1fc,43766d56-01f9-460c-b939-35d81d904c55,0.25,71.79,2025-11-03 18:00:24.074,tamisage,{},MD-20251103-OUDJABITI,,
f3974c26-95d5-4b23-a068-bc08e5510f0c,43766d56-01f9-460c-b939-35d81d904c55,0.2,62.93,2025-11-03 18:00:24.074,tamisage,{},MD-20251103-OUDJABITI,,
cc28abff-20d9-4619-932f-7abf817ce3f5,43766d56-01f9-460c-b939-35d81d904c55,0.16,58.51,2025-11-03 18:00:24.074,tamisage,{},MD-20251103-OUDJABITI,,
7f17096f-38fe-4765-8cc7-f66f01b1b6e4,43766d56-01f9-460c-b939-35d81d904c55,0.125,54.51,2025-11-03 18:00:24.074,tamisage,{},MD-20251103-OUDJABITI,,
c158e021-5561-4e12-a491-310bb13dabb3,43766d56-01f9-460c-b939-35d81d904c55,0.1,52.39,2025-11-03 18:00:24.074,tamisage,{},MD-20251103-OUDJABITI,,
13d98bb1-9548-47e8-b992-4b0878cf343f,43766d56-01f9-460c-b939-35d81d904c55,0.08,51.27,2025-11-03 18:00:24.074,tamisage,{},MD-20251103-OUDJABITI,,
aae15e2a-85c3-4681-b89c-1187069684bd,43766d56-01f9-460c-b939-35d81d904c55,0.066,36.09,2025-11-03 18:00:24.074,sedimentometrie,{},MD-20251103-OUDJABITI,,
4c3abf8e-2469-4bf6-ba7d-e99b426303d5,43766d56-01f9-460c-b939-35d81d904c55,0.046,31.94,2025-11-03 18:00:24.074,sedimentometrie,{},MD-20251103-OUDJABITI,,
be62f747-3da2-4938-bcfa-ef719f6205f2,43766d56-01f9-460c-b939-35d81d904c55,0.033,25.31,2025-11-03 18:00:24.074,sedimentometrie,{},MD-20251103-OUDJABITI,,
c81c9cc6-d967-4510-a41a-974edff23f4f,43766d56-01f9-460c-b939-35d81d904c55,0.02,22,2025-11-03 18:00:24.074,sedimentometrie,{},MD-20251103-OUDJABITI,,
cf0213ed-3700-4b6c-b0db-1d5f438dfa83,43766d56-01f9-460c-b939-35d81d904c55,0.012,21.17,2025-11-03 18:00:24.074,sedimentometrie,{},MD-20251103-OUDJABITI,,
46821a4d-f626-41cc-b82d-81a4da31ac15,43766d56-01f9-460c-b939-35d81d904c55,0.0071,21.17,2025-11-03 18:00:24.074,sedimentometrie,{},MD-20251103-OUDJABITI,,
26d1fa77-5e42-4f91-b697-49e16ba4a9b6,43766d56-01f9-460c-b939-35d81d904c55,0.0046,18.69,2025-11-03 18:00:24.074,sedimentometrie,{},MD-20251103-OUDJABITI,,
ef5a59e0-0c77-4dbe-9df2-859e1cb6e501,43766d56-01f9-460c-b939-35d81d904c55,0.00275,17.03,2025-11-03 18:00:24.074,sedimentometrie,{},MD-20251103-OUDJABITI,,
c4fcc46b-a926-42b2-a681-29bb66525023,43766d56-01f9-460c-b939-35d81d904c55,0.00139,14.55,2025-11-03 18:00:24.074,sedimentometrie,{},MD-20251103-OUDJABITI,,
9fd10482-01a1-41c2-bdb7-31f19b43fe62,740ab8e2-8def-495c-8523-30e45440531d,40,100,2025-11-03 18:04:06.754,tamisage,{},MD-20251103-TCHALA,,
5f60bb52-6701-48f6-a161-190ef814ab3c,740ab8e2-8def-495c-8523-30e45440531d,31.5,99.28,2025-11-03 18:04:06.754,tamisage,{},MD-20251103-TCHALA,,
9e91c3d3-29f2-4227-ac70-4affc1b95a98,740ab8e2-8def-495c-8523-30e45440531d,25,96.91,2025-11-03 18:04:06.754,tamisage,{},MD-20251103-TCHALA,,
596551fb-7603-42f7-be6a-fa0749e1e426,740ab8e2-8def-495c-8523-30e45440531d,20,92.74,2025-11-03 18:04:06.754,tamisage,{},MD-20251103-TCHALA,,
c841250d-bc9d-457b-91f5-2f88de42115a,740ab8e2-8def-495c-8523-30e45440531d,10,66.94,2025-11-03 18:04:06.754,tamisage,{},MD-20251103-TCHALA,,
865b8612-b403-48fc-aa79-624934094ae2,740ab8e2-8def-495c-8523-30e45440531d,5,41.82,2025-11-03 18:04:06.754,tamisage,{},MD-20251103-TCHALA,,
bd56e43d-324b-4b20-84ce-1d04dc588ca5,740ab8e2-8def-495c-8523-30e45440531d,2,31.61,2025-11-03 18:04:06.754,tamisage,{},MD-20251103-TCHALA,,
3a097e6e-402f-4b6b-a5ee-ba347eb78775,740ab8e2-8def-495c-8523-30e45440531d,1,30.23,2025-11-03 18:04:06.754,tamisage,{},MD-20251103-TCHALA,,
9f71b463-b10e-4356-82cd-11bbad300c6f,740ab8e2-8def-495c-8523-30e45440531d,0.5,28.68,2025-11-03 18:04:06.754,tamisage,{},MD-20251103-TCHALA,,
ab78f6fd-40f6-4c61-ad64-331831d4c5ed,740ab8e2-8def-495c-8523-30e45440531d,0.315,26.58,2025-11-03 18:04:06.754,tamisage,{},MD-20251103-TCHALA,,
ed09a909-0184-4265-b7f0-b49a3e0b36d1,740ab8e2-8def-495c-8523-30e45440531d,0.2,24,2025-11-03 18:04:06.754,tamisage,{},MD-20251103-TCHALA,,
5a3b4bfa-c11c-4b04-9a0f-19c962207d34,740ab8e2-8def-495c-8523-30e45440531d,0.08,20.39,2025-11-03 18:04:06.754,tamisage,{},MD-20251103-TCHALA,,
46a6ab31-7240-466e-b20f-03a2164dad2f,6b046e67-2018-486b-93df-291f3f573467,0.08,39.88,2025-11-03 18:00:24.074,tamisage,"{'note': 'Valeur récapitulative', 'source': 'Granulométrie.xlsx'}",MD-20251103-OUDJABITI,,
a0afd3a6-1220-46ee-8cfb-f84cfe3f71b0,f3516a5a-5129-4ffe-87e5-665c36d7a38f,0.08,58.98,2025-11-03 18:00:24.074,tamisage,"{'note': 'Valeur récapitulative', 'source': 'Granulométrie.xlsx'}",MD-20251103-OUDJABITI,,
ddd111d6-7803-4516-977f-46dac2e7bb0e,bc4b0c29-be0a-4b4d-bf52-8a4c6c260e64,0.08,57.05,2025-11-03 17:56:40.631,tamisage,"{'note': 'Valeur récapitulative', 'source': 'Granulométrie.xlsx'}",MD-20251103-NGOAPO,,
187135a0-dc2e-4e9a-bb37-a9071d63963f,7366ce68-5716-4615-9cd8-b61f06195f93,0.08,77.73,2025-11-04 09:55:04.068,tamisage,{},MD-20251103-GRANULO,,
1f92941e-5f89-4e8d-920d-88ce28211fe1,f1350c89-34ef-4afd-a687-6f992a35a7b2,0.08,81.8,2025-11-04 09:55:04.068,tamisage,{},MD-20251103-GRANULO,,
1926c293-836b-4221-93e1-db2c41e06adc,b37b851e-1e27-4732-8160-bfee68a1df8e,0.08,74.85,2025-11-04 09:55:04.068,tamisage,{},MD-20251103-GRANULO,,
bb010cfe-855c-44b4-8bce-b2b96911912f,ee3a47ed-5f4b-40f3-b301-a5927192c0f3,0.08,60.61,2025-11-04 09:55:04.068,tamisage,{},MD-20251103-GRANULO,,
8a6688bb-4fda-442e-a113-a747c3f0aa0b,03c67286-b9a3-4b06-a41e-dbb08d735835,0.08,52.23,2025-11-04 09:55:04.068,tamisage,{},MD-20251103-GRANULO,,
4a5fdf2f-6a4e-4d77-a7c5-12418b9d6138,1163de4f-c6a6-429b-bd1c-002dd011fb26,0.08,47.15,2025-11-04 09:55:04.068,tamisage,{},MD-20251103-GRANULO,,
d4813669-8f1a-40fa-a91d-84920c735d51,c2f0f07b-8ba6-4008-95d8-d726e52785f1,0.08,63.74,2025-11-03 17:34:01.223,tamisage,"{'note': 'Valeur récapitulative', 'source': 'Granulométrie.xlsx'}",MD-20251103-AKONDOR,,
e5cde474-c8f6-46b1-ba6a-2c28a42f722e,43160f6b-7a6c-4b07-a397-1ca0f7cd2304,0.08,62.56,2025-11-04 09:55:04.068,tamisage,{},MD-20251103-GRANULO,,
5b9db615-24ed-4c9e-ba2d-b41d8815f74c,2ac7c190-20b5-40fc-a0e8-6f6bd65f6a42,0.08,64.05,2025-11-04 09:55:04.068,tamisage,{},MD-20251103-GRANULO,,
7aed794f-a8b6-4974-a15f-2da722185e9d,5f0e1b50-feef-481f-aa27-c479b50afaf4,0.08,63.99,2025-11-04 09:55:04.068,tamisage,{},MD-20251103-GRANULO,,
c0877bde-2eaf-47fc-9650-95a787d63f86,5c0c14d1-ed7b-4249-ab1a-d49e66ee2ce6,0.08,38.5,2025-11-03 17:50:31.394,tamisage,"{'note': 'Valeur récapitulative', 'source': 'Granulométrie.xlsx'}",MD-20251103-ANYO,,
894e7ea4-6603-4b2f-a912-319c3640c696,68659f21-7b5b-4e43-b110-90e1d62f7631,0.08,38.18,2025-11-03 17:50:31.394,tamisage,{},MD-20251103-ANYO,,
24d1e935-2287-46fa-b496-c8f080680140,0788378b-7200-47ea-8b0c-b6756cb5b267,0.08,51.97,2025-11-04 09:56:02.591,tamisage,{},MD-20251103-GRANULO,,
53e6189c-ef84-4f3b-9c6c-f119598e830e,9936d29f-1cad-4784-85c8-31501b42fd04,0.08,54.6,2025-11-04 09:56:02.591,tamisage,{},MD-20251103-GRANULO,,
47e7710a-8396-45bc-9cf9-fd6d188073f5,e8545236-8715-4e93-93d2-56a0f4c64501,0.08,62.96,2025-11-04 09:56:02.591,tamisage,{},MD-20251103-GRANULO,,
cc916fbb-7895-4974-bcb4-27ccde041c85,2906cddb-a0a3-4f91-ac53-442c9af45040,0.08,53.38,2025-11-04 09:56:02.591,tamisage,{},MD-20251103-GRANULO,,
d1425ebb-c66f-43de-8a66-1021385c6860,61b9b4b1-966b-427a-afec-1bc2b6330f26,0.08,43.25,2025-11-04 09:56:02.591,tamisage,{},MD-20251103-GRANULO,,
375438b6-9343-4f52-843f-fa70110fc23f,6ef15e56-63ea-40ca-b15b-9e0673a5188d,0.08,74.87,2025-11-04 09:56:02.591,tamisage,{},MD-20251103-GRANULO,,
c34c13cc-e4cc-41ef-a8f2-4978299db174,319c2024-210d-4a32-8975-1d7118b85556,0.08,66.34,2025-11-04 09:56:02.591,tamisage,{},MD-20251103-GRANULO,,
38ab12e0-64db-4563-862f-d94e2ccf07fe,8dfe192d-5fcc-46f0-8e05-2dcae631e109,0.08,70.11,2025-11-04 09:56:02.591,tamisage,{},MD-20251103-GRANULO,,
84c68839-191d-4dcb-aeb3-ea4706c7678f,f675f89d-1354-4933-aa04-1d312481ef88,0.08,72.66,2025-11-04 09:56:02.591,tamisage,{},MD-20251103-GRANULO,,
6849e6d7-57b9-4e05-a2ff-246355e97c54,5d696390-7797-4554-a6fd-d6b961b49cfb,0.08,62.52,2025-11-04 09:56:02.591,tamisage,{},MD-20251103-GRANULO,,
ef100176-dee5-45d2-b794-80c8708ce2ff,3c657f8d-da7a-46f2-8e4c-d58574bb3b95,0.08,54.5,2025-11-04 09:56:02.591,tamisage,{},MD-20251103-GRANULO,,
b6c9d9d4-136d-4523-b9c8-d956ca8e8c90,b7d25783-10e7-4e9f-a1c9-57b12c2f65cc,0.08,39.71,2025-11-03 17:34:01.223,tamisage,"{'note': 'Valeur récapitulative', 'source': 'Granulométrie.xlsx'}",MD-20251103-AKONDOR,,
e6e1a73c-8592-4022-bf9b-6704d8097848,97b44f87-0582-412e-9874-b0d5601de1a8,0.08,56.3,2025-11-03 17:34:01.223,tamisage,{},MD-20251103-AKONDOR,,
f463d04e-11c2-4291-8535-0b3be7a86873,2824ddf6-b1d4-4948-bce1-9c09535b3872,0.08,55.6,2025-11-03 17:34:01.223,tamisage,{},MD-20251103-AKONDOR,,
4fc93469-f2db-4644-872d-a9b353f4cb6a,fec1ce5b-918c-4a8a-84da-0f4d77c4ecde,0.08,51.41,2025-11-04 09:56:02.591,tamisage,{},MD-20251103-GRANULO,,
18cf51dc-3da7-44b8-bf72-e621dbea16ad,7fcbafcf-3405-45c6-ac61-7a4653bd3375,0.08,57.3,2025-11-04 09:56:02.591,tamisage,{},MD-20251103-GRANULO,,
d51ef182-2887-4092-9173-a618059d278a,81af95b8-b796-4d06-874e-d0afdce73857,0.08,53.52,2025-11-04 09:56:02.591,tamisage,{},MD-20251103-GRANULO,,
baa68646-f674-45ed-a66b-58b8b211a62a,3c5bda49-7cb9-474e-841d-70b72b180a0e,0.08,83.38,2025-11-04 09:56:02.591,tamisage,{},MD-20251103-GRANULO,,
4648b6ee-39c6-4c3e-a0bc-e3210f7c31eb,f5da9c03-9ac5-42dd-b315-74f76c53d466,0.08,83.27,2025-11-04 09:56:02.591,tamisage,{},MD-20251103-GRANULO,,
267cf3a4-9ffc-4c96-ac50-253f3a0217b0,d1372d87-d79e-4885-8b46-e4436c25fda1,0.08,82.57,2025-11-04 09:56:02.591,tamisage,{},MD-20251103-GRANULO,,
35682ebb-6bd5-4e2d-b3f3-89308b7eb917,8354a236-2824-4ed4-9a7e-de542d4c697f,0.08,33.71,2025-11-04 09:56:48.864,tamisage,{},MD-20251103-GRANULO,,
e8377726-f686-43e9-afde-1f6ac8c14ae0,14454f2d-4d03-4387-958e-62fd7516d053,0.08,32.88,2025-11-04 09:56:48.864,tamisage,{},MD-20251103-GRANULO,,
0e359dfa-6590-4c35-b929-9771775a8764,603a3b79-4627-4d58-86b2-4d76119ce4eb,0.08,33.44,2025-11-04 09:56:48.864,tamisage,{},MD-20251103-GRANULO,,
a8000b7b-6fff-46c9-8d63-4c492aca9125,16bf05da-b63e-4386-b7c4-8409ddcd0ef5,0.08,43.04,2025-11-04 09:56:48.864,tamisage,{},MD-20251103-GRANULO,,
f9f335cc-8b5a-4021-8a98-b71ca91c6e47,6662705b-d166-4041-90b0-0a2872467237,0.08,25.7,2025-11-04 09:56:48.864,tamisage,{},MD-20251103-GRANULO,,
38ae2a99-c5d9-4223-b906-644f5483c0a0,7f81aaa3-6ef9-4779-b0f5-a41065d07872,0.08,24.02,2025-11-04 09:56:48.864,tamisage,{},MD-20251103-GRANULO,,
e0d3e7a4-6bd4-444f-954d-897720fc587f,491b3753-43c2-41d9-9440-d99d206a712d,0.08,48.67,2025-11-04 09:56:48.864,tamisage,{},MD-20251103-GRANULO,,
3d918262-c11c-4e99-9824-c6ac1d81da97,a034ec12-a32b-4e8c-930e-0c2cb5d9f981,0.08,25.93,2025-11-04 09:56:48.864,tamisage,{},MD-20251103-GRANULO,,
5bdf1be5-09be-4a48-9d34-b42863e93ae3,1ad191d7-f2ab-47b3-b935-09c3dfbea542,0.08,43.17,2025-11-04 09:56:48.864,tamisage,{},MD-20251103-GRANULO,,
38eb01f3-2348-4233-9eef-198f3f695a36,8cfd7fd0-5d4e-4991-9962-5b9a049a44f8,0.08,69.79,2025-11-04 09:56:48.864,tamisage,{},MD-20251103-GRANULO,,
b3f8e4f0-0629-41eb-90c6-443c312cb912,e8f38e89-4fe6-4e84-9511-b097aa909da8,0.08,57.32,2025-11-04 09:56:48.864,tamisage,{},MD-20251103-GRANULO,,
7aa68427-212c-4608-96b3-fba4f673aaed,9f44541a-02b3-441e-ba57-90fb781c7c4e,0.08,36.66,2025-11-04 09:56:48.864,tamisage,{},MD-20251103-GRANULO,,
1542708d-6660-4d82-b438-de93c76caf2c,e1f77d9e-8294-442d-a81d-e7c8ba0d58f2,0.08,38.5,2025-11-04 09:56:48.864,tamisage,{},MD-20251103-GRANULO,,
8dff949b-5fd4-4f09-8be8-c31ae14da4d1,7ca5ac6a-86fe-4223-9321-c4ed4e5d1f8f,0.08,48.52,2025-11-04 10:25:42.991,tamisage,{},MD-20251103-GRANULO,,
315949a1-5b22-437a-bf18-f109c0fd64b2,ee359ecd-7dec-4cc5-91f8-f302c0180579,0.08,31.43,2025-11-04 10:25:42.991,tamisage,{},MD-20251103-GRANULO,,
f167177a-b481-4d6b-b56d-03515e66416a,cbb284bc-9c3e-43d8-bc36-a33c05948951,0.08,33.3,2025-11-04 10:25:42.991,tamisage,{},MD-20251103-GRANULO,,
34ada2b7-f53a-4ead-b250-218b62fb3859,c248bd74-f8da-45f1-a3e3-04854ffdbb92,0.08,49.36,2025-11-04 10:25:42.991,tamisage,{},MD-20251103-GRANULO,,
8b31505c-a65e-4292-becc-1f85ac49e0d6,618b8f27-1819-49e6-942d-d2af512255ed,0.08,42.28,2025-11-04 09:56:48.864,tamisage,{},MD-20251103-GRANULO,,
93b4a3d5-cef7-4b5d-89e2-28955bff6b32,4ae50817-4253-4035-ac2b-e013c0c5c85a,0.08,44.24,2025-11-04 09:56:48.864,tamisage,{},MD-20251103-GRANULO,,
ff91af16-bc4d-4446-b97d-0f3225698a80,dbf3dd52-b745-403b-84c1-88f395074b3a,0.08,42.66,2025-11-04 09:56:48.864,tamisage,{},MD-20251103-GRANULO,,
8c237894-29ba-41cd-bd5b-081de1129625,6c515321-4593-4b50-93db-7f25c56c87a3,0.08,43.52,2025-11-04 09:56:48.864,tamisage,{},MD-20251103-GRANULO,,
ccbd3e67-8792-4981-b846-44f74d779f3c,7296df4b-b7df-4efe-ae04-70a029842687,0.08,48.1,2025-11-04 09:56:48.864,tamisage,{},MD-20251103-GRANULO,,
ab20afb2-3420-4687-8086-4491c45fd89b,c9fd51cb-1a64-4233-9a4f-a9a9e2c63cbc,0.08,43.01,2025-11-04 09:56:48.864,tamisage,{},MD-20251103-GRANULO,,
22f945a5-04bd-489f-aebc-f685482cddc7,a33e8396-4800-45ca-bace-14e1c47deb08,0.08,47.47,2025-11-04 09:56:48.864,tamisage,{},MD-20251103-GRANULO,,
04533fb7-bac0-4030-8879-4abe0723d234,6e1f55ce-0394-4a75-b459-de94d7a9c939,0.08,53.44,2025-11-04 09:56:48.864,tamisage,{},MD-20251103-GRANULO,,
befb50ca-f883-4eb9-84cc-702ac37de1d0,3f58d23d-2192-46f0-88e2-a076802d649b,0.08,53.55,2025-11-04 09:56:48.864,tamisage,{},MD-20251103-GRANULO,,
e8004ae1-4473-42b3-bd5f-0295fca53fe1,96ec09f8-2f1c-4a1d-8270-c7fc4baee9c5,0.08,58.15,2025-11-04 09:56:48.864,tamisage,{},MD-20251103-GRANULO,,
bd1a8281-35e9-4dbf-8a98-8bcacc5d1b3b,3e366d8d-ef00-4dfa-bc4e-1bc7c47735fd,0.08,61.86,2025-11-04 09:56:48.864,tamisage,{},MD-20251103-GRANULO,,
a05e9733-7185-464c-ba64-93d7a438ab74,b086fea3-1fd1-4663-919f-125e40845295,0.08,36.22,2025-11-04 10:01:04.646,tamisage,{},MD-20251103-GRANULO,,
8193a429-eb77-4408-aeaa-8d391477ee53,0dd3b9d2-ad42-473a-8052-ceb5970c7032,0.08,36.88,2025-11-04 10:01:04.646,tamisage,{},MD-20251103-GRANULO,,
e111b8df-41f9-4f55-9aef-f0544aa20693,e337c867-850f-4b1a-a118-41cc6400e959,0.08,42.8,2025-11-04 10:01:04.646,tamisage,{},MD-20251103-GRANULO,,
838fe700-4316-487a-ab6d-1a778d1b38c2,b967224b-a13f-447f-af5b-cc8884d5d2be,0.08,53.18,2025-11-04 10:01:04.646,tamisage,{},MD-20251103-GRANULO,,
152afc36-da96-40cc-8a16-d183f3f21cfb,548c6a72-cf8b-421c-8619-1c6e78c2355d,0.08,54.24,2025-11-04 10:01:04.646,tamisage,{},MD-20251103-GRANULO,,
9a341cda-6ad5-4681-a157-a3f89390b32a,8216e66b-142a-453d-b5c4-ae172e3a68e4,0.08,30.07,2025-11-04 10:01:04.646,tamisage,{},MD-20251103-GRANULO,,
105454b1-11e4-46d8-bc23-fcf0bb7b12cb,ed82ddf1-892c-4ac1-9467-b643c21c5fe7,0.08,62.56,2025-11-04 10:01:04.646,tamisage,{},MD-20251103-GRANULO,,
9dfe7c80-08c3-4dc0-aef7-37f760f96751,e3c5a03d-95a8-4c62-a0af-acf69777e140,0.08,64.05,2025-11-04 10:01:04.646,tamisage,{},MD-20251103-GRANULO,,
75a3f4a8-2e6e-48d0-9a78-036fd603b0ba,12cd81b5-032d-4d9e-b4fd-814b36a4be0a,0.08,63.99,2025-11-04 10:01:04.646,tamisage,{},MD-20251103-GRANULO,,
ead75497-9be5-4dc4-b874-b009f416fed2,59f4c569-c3e2-4cbe-8921-c4db7cd89bbb,0.08,35.37,2025-11-04 10:01:04.646,tamisage,{},MD-20251103-GRANULO,,
d7d3cfb6-5496-460a-a813-adad9dbb9d71,14e46d27-5bce-4a26-915a-d4bf0d253336,0.08,42.25,2025-11-04 10:01:04.646,tamisage,{},MD-20251103-GRANULO,,
33ffed32-c64b-4ce2-94c7-73855fd1e599,911bb5bb-8e28-4a5d-af55-3794a2b9a6b9,0.08,69.31,2025-11-04 10:01:04.646,tamisage,{},MD-20251103-GRANULO,,
80ff85b5-5d11-4d8d-a020-32036e75374a,cdd9e336-2b27-411d-8956-b122d13e8294,0.08,56.71,2025-11-04 10:01:04.646,tamisage,{},MD-20251103-GRANULO,,
89d33899-9e57-4485-aa01-fa21701b59c6,554595ca-b399-4ee6-bb88-980cad5ae3db,0.08,67.3,2025-11-04 10:01:04.646,tamisage,{},MD-20251103-GRANULO,,
cf94e4b8-55da-4e72-80b1-b274b2c153e1,8a1a9e64-6cbd-4d51-90d1-fac183e3347b,0.08,66.59,2025-11-04 10:01:04.646,tamisage,{},MD-20251103-GRANULO,,
9a2bd69b-d5cd-4fe6-871c-5c3a66806feb,567424e6-cbb3-4c6c-a6a5-40080ff3d998,0.08,62.84,2025-11-04 10:01:04.646,tamisage,{},MD-20251103-GRANULO,,
90dd09eb-bd54-47b5-8a6a-8cc206be6424,bc3f446e-1d19-49ae-844b-95b0f014835b,0.08,61.54,2025-11-04 10:01:04.646,tamisage,{},MD-20251103-GRANULO,,
0faf5d3b-6f9a-4a26-a538-f0dd353bbb3e,d82fdbf0-b72d-4f29-94cb-43433dcab059,0.08,52.9,2025-11-04 10:01:04.646,tamisage,{},MD-20251103-GRANULO,,
d0f9dbb0-640b-471b-85da-e2a7a40be5f7,9fedd9fc-b47f-47e8-aee1-38cfb2023159,0.08,61.37,2025-11-04 10:01:04.646,tamisage,{},MD-20251103-GRANULO,,
13d41c70-4129-4fa8-92c6-438f8b6c22cf,1b1ecdc4-750c-4e12-b0bd-063b97dd1284,0.08,53.84,2025-11-04 10:01:04.646,tamisage,{},MD-20251103-GRANULO,,
a156e9cd-a6b6-4ba7-8192-de8c14262a8f,48fc8796-5d1c-42af-a469-7cc9d2398a7c,0.08,63.67,2025-11-04 10:01:04.646,tamisage,{},MD-20251103-GRANULO,,
eee1e50a-eced-4543-a76d-a519d0042da9,eb203cc8-43fb-42eb-97dd-3b1613ba5000,0.08,65.35,2025-11-04 10:01:04.646,tamisage,{},MD-20251103-GRANULO,,
70fd03c8-8fa5-4c2e-9538-49c45c2a0cbd,0b3fee02-8522-4b5a-8916-fbe2d3869fe5,0.08,40.1,2025-11-04 10:01:04.646,tamisage,{},MD-20251103-GRANULO,,
63377f79-534b-4ba5-8d76-7a361f9ede30,5e49b588-3cba-40bc-85e2-f148622500e1,0.08,38.5,2025-11-04 10:01:04.646,tamisage,{},MD-20251103-GRANULO,,
a6529f8a-4e37-46f4-b16c-d22860e75861,30710d85-34b9-4975-8943-7153fa2d8faf,0.08,39.51,2025-11-04 10:01:04.646,tamisage,{},MD-20251103-GRANULO,,
1301f9b1-39d1-4945-bb87-0d7888ee1430,44068722-2bb5-4da8-9897-e2ef9133d818,0.08,38.18,2025-11-04 10:01:04.646,tamisage,{},MD-20251103-GRANULO,,
5ba63e19-b7b8-41dc-b6a6-976ed291c8d3,bf704bdf-b2e2-4a2b-93fe-08cadd35d8d7,0.08,37.66,2025-11-04 10:01:04.646,tamisage,{},MD-20251103-GRANULO,,
c1ed2068-15a5-4d79-8d0e-8ab2f84dffe7,5f94bc2b-f4da-4c8c-a896-52cf11decbe7,0.08,40.46,2025-11-04 10:01:04.646,tamisage,{},MD-20251103-GRANULO,,
0373dfe9-1c8c-4be9-93b8-5c5250ce5fd4,69f9592a-fb60-4f23-b1f8-652331ebf1c1,0.08,42.63,2025-11-04 10:01:04.646,tamisage,{},MD-20251103-GRANULO,,
960157a9-9460-4103-917c-dc9e3db276f2,c7347350-003a-43b7-ac17-dd125ca85eb0,0.08,47.01,2025-11-04 10:01:04.646,tamisage,{},MD-20251103-GRANULO,,
85fe68c6-45b0-41fc-ac2e-113d65fd3ffd,8b32f76a-2c4d-465c-9bac-3323e07fab7e,0.08,50.04,2025-11-04 10:01:04.646,tamisage,{},MD-20251103-GRANULO,,
ec623822-c9a1-41a0-b901-4b2477c160b6,cd9907fb-494e-4861-9abc-2329567ffa54,0.08,56.37,2025-11-04 10:01:04.646,tamisage,{},MD-20251103-GRANULO,,
2d1837f9-00b3-43a2-9e46-f994d93051e2,c8f17938-3da6-4a81-92ea-b89ed9cf3ab3,0.08,39,2025-11-04 10:01:04.646,tamisage,{},MD-20251103-GRANULO,,
20510509-9bb3-4a91-b609-44957666d471,729a098a-ec47-41d8-afec-9400978fa161,0.08,57.02,2025-11-04 10:01:04.646,tamisage,{},MD-20251103-GRANULO,,
df4c516c-8732-4757-a8c8-fdfe011e2498,a9ffb221-1709-415c-9da2-094a01d715bf,0.08,64.32,2025-11-04 10:01:04.646,tamisage,{},MD-20251103-GRANULO,,
5f2a55a5-8cf5-4374-89b1-419cf726e02d,3163855d-ee31-4c6c-9e3c-9a89c9861987,0.08,67.89,2025-11-04 10:01:04.646,tamisage,{},MD-20251103-GRANULO,,
7c8837ae-402b-4c39-9d1a-aaad4f457b90,f8940dd7-40ad-4aa6-b262-77056d4e8f15,0.08,78.3,2025-11-04 10:01:04.646,tamisage,{},MD-20251103-GRANULO,,
bd45a7f4-695c-4f84-9e05-7237284cce96,a36a858a-b70d-46b2-8dc4-7b169eb09b20,0.08,74.15,2025-11-04 10:01:04.646,tamisage,{},MD-20251103-GRANULO,,
d989707c-2f40-4642-a0de-bc86dbda3945,af682bac-1255-45a2-b367-1db90a2b802a,0.08,45.89,2025-11-04 10:01:04.646,tamisage,{},MD-20251103-GRANULO,,
63f05647-0a9e-436f-9d69-38ace079398c,cc10f0c2-46db-4ec7-9a65-d7fc1f0ab09a,0.08,44.68,2025-11-04 10:01:04.646,tamisage,{},MD-20251103-GRANULO,,
a1997060-3940-4d48-bd4d-7cd90ab43200,f9151933-e9b2-47a9-8147-ec7a5df3d486,0.08,53.1,2025-11-04 10:01:04.646,tamisage,{},MD-20251103-GRANULO,,
026da551-a93d-4cf5-a01d-f7cf523c53c3,2ec8c925-c380-460a-b560-980f5ba40b90,0.08,55.11,2025-11-04 10:01:04.646,tamisage,{},MD-20251103-GRANULO,,
987d64f0-8c56-4270-85a2-2429c0974bf6,988d4f91-1944-437b-b38b-8acc84d49eb9,0.08,58.96,2025-11-04 10:01:04.646,tamisage,{},MD-20251103-GRANULO,,
273a3a93-3f6e-4f08-891a-bf08b1eef0db,d62574c1-f479-46b2-92f6-26a8a1f123c2,0.08,66.42,2025-11-04 10:01:04.646,tamisage,{},MD-20251103-GRANULO,,
db41f06f-3174-4a68-95a6-4150e3136df7,40b5f2ea-1426-4b63-a85c-9bfb26cc52fb,0.08,74.98,2025-11-04 10:01:04.646,tamisage,{},MD-20251103-GRANULO,,
e484c3d4-9fca-4bff-a205-a5e0ad404b33,4eaa020e-c7a8-48ae-83f5-b5077efe8604,0.08,74.92,2025-11-04 10:01:04.646,tamisage,{},MD-20251103-GRANULO,,
385fcf9b-4c4d-43eb-8649-1b70502fb8e8,becd7c54-7c2e-4fbd-a767-80bb7a3ab7c9,0.08,74.73,2025-11-04 10:01:04.646,tamisage,{},MD-20251103-GRANULO,,
f84bd058-81f4-4eed-8808-2022c8f41db4,ba3055fd-2ad6-46b1-9561-726ba670ef02,0.08,74.98,2025-11-04 10:01:04.646,tamisage,{},MD-20251103-GRANULO,,
eaa98825-390e-49ea-94c0-698b85da55b9,68a54dae-a9a2-4d9f-a5ba-a44f5e6375b0,0.08,81.1,2025-11-04 10:01:04.646,tamisage,{},MD-20251103-GRANULO,,
701379c1-34ec-426c-aa44-789c9b4b1d75,502deb8e-657a-4703-8eef-1b61f8c80f4a,0.08,76.82,2025-11-04 10:01:04.646,tamisage,{},MD-20251103-GRANULO,,
ef577365-9ff5-49fb-b789-849c471e1f6f,44032a55-94f8-4ba0-ad7f-816c92d1b55e,0.08,58.05,2025-11-04 10:11:21.419,tamisage,{},MD-20251103-GRANULO,,
b5a2b391-3a58-4855-b34d-81fbaafc3bfd,79d7d3b4-6ac1-4f25-8a8e-967f54425405,0.08,63.4,2025-11-04 10:11:21.419,tamisage,{},MD-20251103-GRANULO,,
aec665d1-286c-42c0-ac4a-b8411d64c670,17dc9b3a-1433-46c7-9509-28f68b3d6e0e,0.08,63.34,2025-11-04 10:11:21.419,tamisage,{},MD-20251103-GRANULO,,
1e9998b5-1e8c-4b6b-837e-a01d2b5a5f0b,efc627d2-6dbc-4449-9fc8-083f91eb5c01,0.08,34.99,2025-11-04 10:11:21.419,tamisage,{},MD-20251103-GRANULO,,
faecd4fc-2896-4509-a1de-522e334b5920,23cbe894-f7e6-4498-95a9-02fbc411d611,0.08,31.48,2025-11-04 10:11:21.419,tamisage,{},MD-20251103-GRANULO,,
66822b97-58c5-40ff-8810-0098b6690c51,59971663-e035-4ae7-a013-6acdc370589b,0.08,33.05,2025-11-04 10:11:21.419,tamisage,{},MD-20251103-GRANULO,,
13100e80-eb4b-4f9c-99dd-9d9ff228fca0,4fad1a2a-a913-4b1e-9bbe-6f3c65a988bb,0.08,23.19,2025-11-04 10:11:21.419,tamisage,{},MD-20251103-GRANULO,,
d0017bee-604d-407b-b938-7e11279bd759,4b910722-0271-4e1f-a179-a140acc8b946,0.08,41.04,2025-11-04 10:11:21.419,tamisage,{},MD-20251103-GRANULO,,
ebc9cebb-8fa3-4743-9a20-8e7319a6383b,effed932-3bde-45d2-9a34-dd6d7f7f7ea1,0.08,41.83,2025-11-04 10:11:21.419,tamisage,{},MD-20251103-GRANULO,,
78266194-83e5-44e6-a6a7-6e52a2dcf4a8,ebb3ee1e-089e-45c2-98c1-e496ef9d9abe,0.08,82.48,2025-11-04 10:11:21.419,tamisage,{},MD-20251103-GRANULO,,
e130395a-aaba-40d6-a1e7-5ce7db7f87eb,4c0b7ac0-2f7c-4dec-8113-f3b53a34425a,0.08,54.74,2025-11-04 10:11:21.419,tamisage,{},MD-20251103-GRANULO,,
58d28674-87ae-4349-ae90-56fc46b27fb6,407b65cb-9552-451b-a161-8aee30cc26c0,0.08,56.61,2025-11-04 10:11:21.419,tamisage,{},MD-20251103-GRANULO,,
3019c2f3-d751-4d25-aedd-bff67b56895d,dc704264-c790-4d39-8094-2177c1e4c230,0.08,35.17,2025-11-04 10:11:21.419,tamisage,{},MD-20251103-GRANULO,,
400a63e3-cffc-4ac6-a5f2-44aea1f0aacd,424a11d1-bcfc-4bb9-8dee-f492dcd26e27,0.08,33.19,2025-11-04 10:11:21.419,tamisage,{},MD-20251103-GRANULO,,
7b687f64-db03-4d32-b9ea-88da7a2391f7,0b307294-59be-480d-b7a8-6e1aca2cd2fa,0.08,28.89,2025-11-04 10:11:21.419,tamisage,{},MD-20251103-GRANULO,,
cd820d5d-3652-4af2-9951-c276015703a3,480396f0-1bc0-4e8a-a004-b6ae322fd2ce,0.08,34.88,2025-11-04 10:11:21.419,tamisage,{},MD-20251103-GRANULO,,
7eed03de-fbff-46ad-a9c7-533c336e31f4,3821799c-7636-4287-b869-ef466c20a472,0.08,34.58,2025-11-04 10:11:21.419,tamisage,{},MD-20251103-GRANULO,,
da0fbda1-e074-4fe8-a7eb-fd1515ed446f,1100b9c1-964c-4416-a5e9-e2804ebe632d,0.08,49.9,2025-11-04 10:11:21.419,tamisage,{},MD-20251103-GRANULO,,
306541f8-4c4e-45c6-a2f4-e5cdda236150,0905ccbb-ff97-4318-8785-af152a64add0,0.08,60.47,2025-11-04 10:11:21.419,tamisage,{},MD-20251103-GRANULO,,
360f4132-cef8-4027-907d-8dd36a799f52,460ea8c2-1601-4215-8e0e-da1a491d228d,0.08,75.4,2025-11-04 10:11:21.419,tamisage,{},MD-20251103-GRANULO,,
772ea73c-f058-4588-9fe4-04dfb8015adc,42d66688-b1f9-4c9c-9857-e88e1167ae7a,0.08,53.41,2025-11-04 10:11:21.419,tamisage,{},MD-20251103-GRANULO,,
83db5d03-18d5-477e-b237-4db426b3aa8d,ceec591b-06fa-4f1a-9f97-1e9ba9512bae,0.08,44.6,2025-11-04 10:11:21.419,tamisage,{},MD-20251103-GRANULO,,
00789257-8c52-48ad-8233-480f19f5f6ed,38dfa9d9-14db-405b-a53b-d590eab43a5b,0.08,46.36,2025-11-04 10:11:21.419,tamisage,{},MD-20251103-GRANULO,,
29fc4d51-74e1-4504-8ea1-df7ae2dd1087,2e84e40d-def3-4275-b7eb-6f8710103372,0.08,55.25,2025-11-04 10:11:21.419,tamisage,{},MD-20251103-GRANULO,,
a76e1ec5-7390-4c8a-b79b-1f22ab46f356,a37eb4ab-138f-4dd4-a209-2e386a7b929d,0.08,33.72,2025-11-04 10:11:21.419,tamisage,{},MD-20251103-GRANULO,,
9d8997d0-385a-401a-9a84-e4ac25f9a572,483f7144-9916-48f0-a1a3-461307d27b6e,0.08,31.16,2025-11-04 10:11:21.419,tamisage,{},MD-20251103-GRANULO,,
e59d1a02-fa88-4ea4-ac56-b8c370c13a65,66de0842-4001-4392-bb25-d44347422f8a,0.08,32.34,2025-11-04 10:11:21.419,tamisage,{},MD-20251103-GRANULO,,
a7586a03-5217-445a-95f7-78264df4016c,7608bea0-af74-4ecd-a464-cc423fbff58b,0.08,21.86,2025-11-04 10:11:21.419,tamisage,{},MD-20251103-GRANULO,,
c2db749a-1684-4d08-bbfd-91e1a9db8406,780c8d14-b69d-4675-8ebe-631b24dbdb79,0.08,24.22,2025-11-04 10:11:21.419,tamisage,{},MD-20251103-GRANULO,,
ebe8a6d6-1e69-47b2-afbe-ae9c2c028616,fb3ef79b-1f82-4617-b293-ae1d88996181,0.08,31.83,2025-11-04 10:11:21.419,tamisage,{},MD-20251103-GRANULO,,
f0b4b4f8-9298-4025-81ee-549d4f75a6ef,850ac7f5-ddd2-4b62-81f5-f45436b118fb,0.08,58.49,2025-11-04 10:12:48.499,tamisage,{},MD-20251103-GRANULO,,
05e5714c-f5ef-46df-a7d9-470e58be903c,0b4ddbbf-2227-4867-8c2b-12f3ff9abc17,0.08,65.13,2025-11-04 10:12:48.499,tamisage,{},MD-20251103-GRANULO,,
59add28e-2218-4785-9e4a-65dec0e38b70,27d244ee-ace8-4fb2-b7a4-e9f188239e29,0.08,52.58,2025-11-04 10:12:48.499,tamisage,{},MD-20251103-GRANULO,,
b3c32751-a4fe-433b-8254-9dfb7409dd07,fb3ba1f5-8acc-4af3-be63-286ff591e505,0.08,60.36,2025-11-04 10:12:48.499,tamisage,{},MD-20251103-GRANULO,,
44ad0ba0-a23f-4e09-ab1b-5c3cf6378dd1,6f409bad-2035-4eb1-9fca-644eb66815de,0.08,51.76,2025-11-04 10:12:48.499,tamisage,{},MD-20251103-GRANULO,,
9da2041d-9783-41d4-908d-0b47fdf18d32,00cc626c-3dad-451c-bea5-904d54070e88,0.08,53.47,2025-11-04 10:12:48.499,tamisage,{},MD-20251103-GRANULO,,
ba4b3ab8-3c27-4a4e-a17f-b65c7c8b3571,8d7dc178-78d5-4d5c-92e9-2a8138194875,0.08,26.82,2025-11-04 10:12:48.499,tamisage,{},MD-20251103-GRANULO,,
4cf839ed-70f5-4598-801d-85ca94dbdbcd,4eb0f901-1cf3-4d0a-8606-f7a2bc2038a2,0.08,29.53,2025-11-04 10:12:48.499,tamisage,{},MD-20251103-GRANULO,,
d7eb221c-7594-4a5c-82c3-024074ca5251,583d91ab-dfe8-48f8-98be-55c1d2d4fd62,0.08,24.53,2025-11-04 10:12:48.499,tamisage,{},MD-20251103-GRANULO,,
30ce5704-4963-44c0-968e-e32eb7787ae7,11308ce9-4937-4e26-931e-27b52b32193c,0.08,41.46,2025-11-04 10:12:48.499,tamisage,{},MD-20251103-GRANULO,,
c37ec030-ae2d-4978-823d-d5508e64a456,28ac3a1f-67c3-4294-8cc6-da901f5c246c,0.08,42.86,2025-11-04 10:12:48.499,tamisage,{},MD-20251103-GRANULO,,
7ef208a0-c6ec-4c0f-a78a-890f98daab1b,2f63173b-5f18-4b7a-9f7b-a94529de9d7d,0.08,32.27,2025-11-04 10:12:48.499,tamisage,{},MD-20251103-GRANULO,,
ad44abb4-f182-4104-934d-862d7f967b13,83c01320-6df3-46f2-b302-660ae4665667,0.08,49.98,2025-11-04 10:12:48.499,tamisage,{},MD-20251103-GRANULO,,
7d7e000e-77f6-48bd-9d97-019e0cafd4e7,e877246e-a32b-4945-a9ec-cca97e0acf4d,0.08,53.74,2025-11-04 10:12:48.499,tamisage,{},MD-20251103-GRANULO,,
55f98ab7-a95d-454f-ab81-8828b5aaf0a8,8b8d8f35-d394-47eb-8d43-bfac72d35402,0.08,51.26,2025-11-04 10:12:48.499,tamisage,{},MD-20251103-GRANULO,,
eb30a227-6c57-4549-b4d9-75e259fbaa67,6dcb2081-2b28-4ee6-9ae8-d5c9944f3949,0.08,69.31,2025-11-04 10:12:48.499,tamisage,{},MD-20251103-GRANULO,,
c046babf-3a79-47d0-91b4-ec3f98e7e880,7776d55d-8f79-4cb7-9ccf-a040c8386a39,0.08,56.71,2025-11-04 10:12:48.499,tamisage,{},MD-20251103-GRANULO,,
aaaaf53e-3dd9-44c3-af35-753a4539acb4,c634606d-4dc8-49a9-b11b-058502bafeb1,0.08,67.3,2025-11-04 10:12:48.499,tamisage,{},MD-20251103-GRANULO,,
3319ad1c-c159-42a0-920a-b495aa2e0c08,600fd062-a5ef-4984-aa2e-23d87e34cc9c,0.08,52.9,2025-11-04 10:12:48.499,tamisage,{},MD-20251103-GRANULO,,
07810bbc-64f1-4e7c-a552-f36b7225e1ba,d57bdd7d-67a1-40bd-8012-f06d2ae37d27,0.08,61.37,2025-11-04 10:12:48.499,tamisage,{},MD-20251103-GRANULO,,
623e33be-ceec-4bc8-bb70-2ea74f452421,e7192e4f-db19-43ff-b020-8f23c60b59c6,0.08,53.84,2025-11-04 10:12:48.499,tamisage,{},MD-20251103-GRANULO,,
aa3c507e-3690-4e6c-a1cd-1a41e86af785,730ae9f6-a547-4f04-a57b-3fd3e080e693,0.08,64.47,2025-11-04 10:12:48.499,tamisage,{},MD-20251103-GRANULO,,
1a7a2c1d-5255-4225-9706-fae9dba43295,dbc044c4-68cf-43fe-9d5f-c9f8ddcf0d9b,0.08,63.83,2025-11-04 10:12:48.499,tamisage,{},MD-20251103-GRANULO,,
26d4f882-40c0-4a1a-86db-5fc120559bfc,c0f27de2-5ab0-4da4-8c2c-0323edd8e477,0.08,65.5,2025-11-04 10:12:48.499,tamisage,{},MD-20251103-GRANULO,,
99ed15f0-3d4c-4274-a933-81e3ed966d2e,f91f94a6-4dc4-45ac-8df6-639192c48b5d,0.08,64.43,2025-11-04 10:12:48.499,tamisage,{},MD-20251103-GRANULO,,
2204e42a-37e0-4692-b12e-3def662c2e97,242476e5-5f41-42ae-886d-0d3d23ab2d56,0.08,67.68,2025-11-04 10:12:48.499,tamisage,{},MD-20251103-GRANULO,,
95b25bc8-5978-4c98-9a25-4ae4ec10f8da,ae501d77-5ed2-44bc-ade5-7bfdf1474d4b,0.08,65.12,2025-11-04 10:12:48.499,tamisage,{},MD-20251103-GRANULO,,
da0ea197-f3d0-4e33-b63d-8337f05f3162,92e6e22d-e7ae-4bd1-9359-623c161b614e,0.08,64.2,2025-11-04 10:12:48.499,tamisage,{},MD-20251103-GRANULO,,
2ad9866d-de63-4250-8d15-00524b2b246f,07752b9f-bc4c-490c-a90d-5c289417027b,0.08,65.09,2025-11-04 10:12:48.499,tamisage,{},MD-20251103-GRANULO,,
61296231-8423-4964-a0bc-895350294c75,f01dd133-27c3-4237-9185-9c11495207a6,0.08,65.55,2025-11-04 10:12:48.499,tamisage,{},MD-20251103-GRANULO,,
0a1945af-bb82-47a0-a9d5-eb72e99a3d63,05e3ce39-6042-4485-83c9-05f22519c353,0.08,53.12,2025-11-04 10:12:48.499,tamisage,{},MD-20251103-GRANULO,,
b079f9b1-b70a-4e8b-aeee-52ff15e4945e,235e7418-1284-43b9-bfb9-40fea9570d11,0.08,60.37,2025-11-04 10:12:48.499,tamisage,{},MD-20251103-GRANULO,,
fc92896c-2a8e-42de-8aa1-add427ee1de3,e9233551-3da0-466b-9f00-413bdd4c806e,0.08,68.09,2025-11-04 10:12:48.499,tamisage,{},MD-20251103-GRANULO,,
d33638be-3d53-4d71-b490-76475ff16c6e,425a8273-3952-4f7a-bd93-f537f809db32,0.08,65.44,2025-11-04 10:25:42.991,tamisage,{},MD-20251103-GRANULO,,
64c083b7-53df-429d-b85f-4996aa6d6234,bf749452-15de-4983-a785-12f87513b532,0.08,58.88,2025-11-04 10:25:42.991,tamisage,{},MD-20251103-GRANULO,,
dde207a6-eb68-4c68-ad42-2a326f155a7d,2ad59520-cad6-4f40-9c49-9d0d9b2dbd79,0.08,33.85,2025-11-04 10:25:42.991,tamisage,{},MD-20251103-GRANULO,,
6a532cd1-8d31-4348-a567-c998d8ceacf1,0d202b04-13d9-492e-b9d2-86f4ae822664,0.08,36.36,2025-11-04 10:25:42.991,tamisage,{},MD-20251103-GRANULO,,
c75a93fe-9dcb-48c1-9f3c-7a44765f502b,5a6123f5-d4c4-45df-af86-1f597635e91c,0.08,39.89,2025-11-04 10:25:42.991,tamisage,{},MD-20251103-GRANULO,,
9cebbfff-7584-469e-8b55-da07095b55f1,fe62da4c-da16-4867-9d93-331becc3b586,0.08,40.92,2025-11-04 10:25:42.991,tamisage,{},MD-20251103-GRANULO,,
4759fa2e-cf43-4326-8ad7-538d131ad6a4,c70dacac-123c-4bdc-b452-1ee960582e9c,0.08,42.53,2025-11-04 10:25:42.991,tamisage,{},MD-20251103-GRANULO,,
cb45e0b4-9ea9-427f-904f-f9dcffd0f032,f9b0514f-dd1b-4262-840d-ddeaf07a9bd3,0.08,44.56,2025-11-04 10:25:42.991,tamisage,{},MD-20251103-GRANULO,,
1722a3a8-8f4c-4431-8e16-dd6fbbab37f8,e8419a97-a1e1-47e7-99eb-4f4f9fae2be2,0.08,56.74,2025-11-04 10:25:42.991,tamisage,{},MD-20251103-GRANULO,,
ccad9e28-1fd7-4131-a5ab-895b9fa0eadd,2477a8c9-b391-499f-8cf8-966b30199c6a,0.08,54.47,2025-11-04 10:25:42.991,tamisage,{},MD-20251103-GRANULO,,
fde73145-bb9e-49e4-9140-7d47f8eea96b,f9435247-6401-473b-8560-30a8f16296ce,0.08,36.13,2025-11-04 10:25:42.991,tamisage,{},MD-20251103-GRANULO,,
06c812b2-5f72-4c0a-a34b-1c8923d4597f,e2dfcfcf-cfc5-4890-95fb-b2a07fdcd89d,0.08,25.8,2025-11-04 10:25:42.991,tamisage,{},MD-20251103-GRANULO,,
82c446d0-f6b1-4573-abc7-f0f27fd3b95e,cb274456-a6fb-4e9e-9696-73191febceea,0.08,22.35,2025-11-04 10:25:42.991,tamisage,{},MD-20251103-GRANULO,,
270fb8bd-7c68-407f-bf85-8d337d42874f,36982535-d33b-457d-adc0-1f71a1a9bbd1,0.08,21.78,2025-11-04 10:25:42.991,tamisage,{},MD-20251103-GRANULO,,
0a9147d0-11ed-43e2-8c05-92f7d6048c9f,3c817621-cefb-4501-a548-2bd11350c002,0.08,36.26,2025-11-04 10:27:49.040,tamisage,{},MD-20251103-GRANULO,,
86660de2-be48-46df-a805-ab43748aa55c,8c788d11-2bb8-4bfa-ae12-857b58c690f9,0.08,38.45,2025-11-04 10:27:49.040,tamisage,{},MD-20251103-GRANULO,,
1283ce44-a108-4507-a544-0ec97c8163a1,a1402967-a609-4a6b-b51d-729fd029b783,0.08,41.68,2025-11-04 10:27:49.040,tamisage,{},MD-20251103-GRANULO,,
12428660-ed9b-4c3a-aa65-2886d1c98794,e29ccfca-f31e-4935-a65b-3b3004b6d399,0.08,46.42,2025-11-04 10:27:49.040,tamisage,{},MD-20251103-GRANULO,,
70264e6f-7cff-4dda-97ec-b29b9f4bb18e,d79bce45-c522-479a-bbe8-b2d9569a27d3,0.08,49.48,2025-11-04 10:27:49.040,tamisage,{},MD-20251103-GRANULO,,
ed616c2f-804b-44f5-b7be-cdf04bcb2805,1ebb5051-aadf-47f4-857e-c745b4512310,0.08,44.6,2025-11-04 10:27:49.040,tamisage,{},MD-20251103-GRANULO,,
5de2758e-061d-4005-9cfd-4a775deba589,e534cbe3-dffc-4156-a6f7-8e4b104723b2,0.08,52.81,2025-11-04 10:27:49.040,tamisage,{},MD-20251103-GRANULO,,
70906e61-cb6b-4494-9118-5854b7da6de5,2256bd53-b118-4524-88ad-3d5f773380e7,0.08,57.5,2025-11-04 10:27:49.040,tamisage,{},MD-20251103-GRANULO,,
b249c654-dd80-45a5-8ff6-b50ee28d848a,02bfb60c-44e6-40f7-9db7-93b9ca4c7011,0.08,58.75,2025-11-04 10:27:49.040,tamisage,{},MD-20251103-GRANULO,,
54875848-2b47-418f-beb8-a6ca5e4d5a0e,e74b36e4-25b2-4aa1-95e6-9e8a11f9bc50,0.08,26.09,2025-11-04 10:27:49.040,tamisage,{},MD-20251103-GRANULO,,
aca11ebc-6d5e-40a9-8ce7-c4815305c6bc,d9b46c8e-691c-4a7d-a81a-1453fef3ab3b,0.08,29.83,2025-11-04 10:27:49.040,tamisage,{},MD-20251103-GRANULO,,
9037850d-a50e-437d-aade-ad0833248813,3539b746-39d9-4ee0-83ca-583c7725c08d,0.08,33.21,2025-11-04 10:27:49.040,tamisage,{},MD-20251103-GRANULO,,
90282832-8bfc-407b-98c9-b29fad9f226a,dfd21b84-3ac2-4fa8-83bf-ce60ffa99007,0.08,39.88,2025-11-04 10:27:49.040,tamisage,{},MD-20251103-GRANULO,,
04aa794e-2b23-4f78-b794-d8231b249bbd,33e3f14e-2660-44d6-8c03-be231415e25f,0.08,44.92,2025-11-04 10:27:49.040,tamisage,{},MD-20251103-GRANULO,,
478bbde0-3b9a-4bab-886a-2a9c8056082b,625ac29c-a12a-4b7f-819d-d869560aba2f,0.08,54.01,2025-11-04 10:27:49.040,tamisage,{},MD-20251103-GRANULO,,
c582b6d0-e613-48f1-a1a6-e1ffda491d66,b1d593e7-0a41-42a9-b4d9-6d172dee039d,0.08,48.51,2025-11-04 10:27:49.040,tamisage,{},MD-20251103-GRANULO,,
a4b0439e-cc61-46a2-8ed6-007337dcf619,eb51eb00-04c2-467b-ac3b-c091c6b896ab,0.08,50.79,2025-11-04 10:27:49.040,tamisage,{},MD-20251103-GRANULO,,
bd5fddaf-5003-4943-b443-734194540a50,66ac09ce-8a86-417f-94d4-070ef91013bd,0.08,57.8,2025-11-04 10:27:49.040,tamisage,{},MD-20251103-GRANULO,,
30e98d7c-9e8e-4c3e-b8e9-a1b43e54978b,b31bf00b-1cae-4993-abf1-058b575f68f2,0.08,66.38,2025-11-04 10:27:49.040,tamisage,{},MD-20251103-GRANULO,,
dbd51a5e-10f3-4962-98d4-521780fe2e8a,0d6bacb7-d4be-4ad2-88a7-c2fc4afd5a32,0.08,60.77,2025-11-04 10:27:49.040,tamisage,{},MD-20251103-GRANULO,,
f28090a0-ff4d-438e-8c1e-fcc676e24dc6,239d335d-330a-4c79-ba61-183385964e95,0.08,58.36,2025-11-04 10:27:49.040,tamisage,{},MD-20251103-GRANULO,,
32628803-78d7-4858-9c40-039fcb4a7f5c,c3e48ce1-a8a2-4c0a-a937-3af48d3bf489,0.08,57.05,2025-11-04 10:27:49.040,tamisage,{},MD-20251103-GRANULO,,
f7a74bf9-c475-4437-845e-602e9ed9382d,1afc5e2e-70d2-4ad7-90ed-82dbf174e86f,0.08,65,2025-11-04 10:27:49.040,tamisage,{},MD-20251103-GRANULO,,
46cf877c-21e8-496e-b582-183abc9c84bd,3dc3c8b3-fa15-4649-8af3-a28e3992fd77,0.08,42.49,2025-11-04 10:27:49.040,tamisage,{},MD-20251103-GRANULO,,
